﻿State / Measuring network,Station code,Station name,Station setting,Station type,Annual mean value in mg/m³,Number of days with highest daily 8-hour averages above 10 mg/m³,Year
Brandenburg,DEBB086,Blankenfelde-Mahlow,suburban area,background,0.26,0,2018
Bavaria,DEBY099,Augsburg/LfU,suburban area,background,0.28,0,2018
Bremen,DEHB001,Bremen-Mitte,urban area,background,0.3,0,2018
Bremen,DEHB005,Bremerhaven-Hansastraße,urban area,background,0.17,0,2018
Bremen,DEHB012,Bremen-Oslebshausen,urban area,background,0.21,0,2018
Hesse,DEHE001,Darmstadt,urban area,background,0.29,0,2018
Hesse,DEHE018,Raunheim,urban area,background,0.3,0,2018
Hesse,DEHE042,Linden/Leihgestern,rural area,background,0.17,0,2018
Hamburg,DEHH033,Hamburg Flughafen Nord,urban area,background,0.2,0,2018
Mecklenburg-West Pomerania,DEMV004,Gülzow,rural area,background,0.19,0,2018
Rhineland-Palatinate,DERP001,Ludwigshafen-Oppau,urban area,background,0.28,0,2018
Rhineland-Palatinate,DERP007,Mainz-Mombach,urban area,background,0.25,0,2018
Rhineland-Palatinate,DERP009,Mainz-Zitadelle,urban area,background,0.3,0,2018
Rhineland-Palatinate,DERP019,Kaiserslautern-Rathausplatz,urban area,background,0.27,0,2018
Rhineland-Palatinate,DERP021,Neuwied-Hafenstraße,urban area,background,0.26,0,2018
Rhineland-Palatinate,DERP022,Bad Kreuznach-Bosenheimer Straße,urban area,background,0.27,0,2018
Rhineland-Palatinate,DERP025,Wörth-Marktplatz,urban area,background,0.24,0,2018
Saarland,DESL017,Völklingen-City Stadionstr.,urban area,background,0.34,0,2018
Saxony-Anhalt,DEST011,Wernigerode/Bahnhof,urban area,background,0.26,0,2018
Saxony-Anhalt,DEST105,Stendal Stadtsee,urban area,background,0.2,0,2018
UBA,DEUB044,Zugspitze Schneefernerhaus,rural secluded,background,0.1,0,2018
Brandenburg,DEBB032,Eisenhüttenstadt,suburban area,industry,0.26,0,2018
Lower Saxony,DENI070,Salzgitter-Drütte,rural area,industry,0.22,0,2018
Rhineland-Palatinate,DERP003,Ludwigshafen-Mundenheim,urban area,industry,0.3,0,2018
Saarland,DESL003,Dillingen City,urban area,industry,0.39,0,2018
Saxony-Anhalt,DEST015,Bitterfeld/Wolfen,suburban area,industry,0.24,0,2018
Brandenburg,DEBB045,Frankfurt (Oder),,,,,2018
Brandenburg,DEBB054,Potsdam,,,,,2018
Berlin,DEBE061,Berlin Schildhornstraße,urban area,traffic,0.37,0,2018
Berlin,DEBE065,Berlin Frankfurter Allee,urban area,traffic,0.36,0,2018
Baden-Württemberg,DEBW080,Karlsruhe Reinhold-Frank-Straße,urban area,traffic,0.26,0,2018
Baden-Württemberg,DEBW098,Mannheim Friedrichsring,urban area,traffic,0.26,0,2018
Baden-Württemberg,DEBW099,Stuttgart Arnulf-Klett-Platz,urban area,traffic,0.24,0,2018
Baden-Württemberg,DEBW122,Freiburg Schwarzwaldstraße,urban area,traffic,0.25,0,2018
Baden-Württemberg,DEBW125,Pfinztal Karlsruher Straße,suburban area,traffic,0.28,0,2018
Baden-Württemberg,DEBW147,Reutlingen Lederstraße-Ost,urban area,traffic,0.34,0,2018
Baden-Württemberg,DEBW152,Heilbronn Weinsberger Straße-Ost,urban area,traffic,0.38,0,2018
Baden-Württemberg,DEBW156,Schramberg Oberndorfer Straße,urban area,traffic,0.25,0,2018
Bavaria,DEBY001,Ansbach/Residenzstraße,urban area,traffic,0.32,0,2018
Bavaria,DEBY006,Augsburg/Königsplatz,urban area,traffic,0.3,0,2018
Bavaria,DEBY014,Coburg/Lossaustraße,urban area,traffic,0.29,0,2018
Bavaria,DEBY021,Ingolstadt/Rechbergstraße,urban area,traffic,0.3,0,2018
Bavaria,DEBY028,Kelheim/Regensburger Straße,urban area,traffic,0.32,0,2018
Bavaria,DEBY035,Lindau (Bodensee)/Friedrichshafener Straße,urban area,traffic,0.29,0,2018
Bavaria,DEBY037,München/Stachus,urban area,traffic,0.34,0,2018
Bavaria,DEBY063,Regensburg/Rathaus,urban area,traffic,0.34,0,2018
Bavaria,DEBY110,Augsburg/Karlstraße,urban area,traffic,0.41,0,2018
Bavaria,DEBY115,München/Landshuter Allee,urban area,traffic,0.47,0,2018
Bavaria,DEBY119,Würzburg/Stadtring Süd,urban area,traffic,0.29,0,2018
Bavaria,DEBY120,Nürnberg/Von-der-Tann-Straße,urban area,traffic,0.38,0,2018
Bremen,DEHB006,Bremen-Dobben,urban area,traffic,0.38,0,2018
Hesse,DEHE037,Wiesbaden Ringkirche,urban area,traffic,0.42,0,2018
Hesse,DEHE040,Darmstadt Hügelstraße,urban area,traffic,0.4,0,2018
Hesse,DEHE041,Frankfurt Friedberger Landstraße,urban area,traffic,0.36,0,2018
Hesse,DEHE049,Kassel Fünffensterstraße,urban area,traffic,0.42,0,2018
Hesse,DEHE059,Fulda Petersberger Straße,urban area,traffic,0.42,0,2018
Hesse,DEHE061,Gießen Westanlage,urban area,traffic,0.43,0,2018
Hesse,DEHE062,Marburg Universitätsstraße,urban area,traffic,0.35,0,2018
Hesse,DEHE063,Heppenheim Lehrstraße,urban area,traffic,0.31,0,2018
Hesse,DEHE116,Offenbach Untere Grenzstraße,urban area,traffic,0.32,0,2018
Hesse,DEHE131,Limburg Schiede,urban area,traffic,0.56,0,2018
Hamburg,DEHH068,Hamburg Habichtstraße,urban area,traffic,0.43,0,2018
Hamburg,DEHH070,Hamburg Max-Brauer-Allee II (Straße),urban area,traffic,0.44,0,2018
Mecklenburg-West Pomerania,DEMV022,Rostock-Holbeinplatz,urban area,traffic,0.3,0,2018
Mecklenburg-West Pomerania,DEMV023,Schwerin-Obotritenring,urban area,traffic,0.26,0,2018
Lower Saxony,DENI048,Hannover Verkehr,urban area,traffic,0.36,0,2018
Lower Saxony,DENI067,Osnabrück-Verkehr,urban area,traffic,0.41,0,2018
Lower Saxony,DENI068,Göttingen-Verkehr,urban area,traffic,0.39,0,2018
Lower Saxony,DENI075,Braunschweig-Verkehr,urban area,traffic,0.38,0,2018
Lower Saxony,DENI143,Oldenburg Heiligengeistwall,urban area,traffic,0.44,0,2018
Lower Saxony,DENI157,Wolfsburg Heßlinger Straße,urban area,traffic,0.33,0,2018
Rhineland-Palatinate,DERP010,Mainz-Parcusstraße,urban area,traffic,0.42,0,2018
Rhineland-Palatinate,DERP011,Mainz-Rheinallee,urban area,traffic,0.37,0,2018
Rhineland-Palatinate,DERP020,Trier-Ostallee,urban area,traffic,0.32,0,2018
Rhineland-Palatinate,DERP023,Worms-Hagenstraße,urban area,traffic,0.31,0,2018
Rhineland-Palatinate,DERP024,Koblenz-Friedrich-Ebert-Ring,urban area,traffic,0.23,0,2018
Rhineland-Palatinate,DERP041,Ludwigshafen-Heinigstraße,urban area,traffic,0.32,0,2018
Saarland,DESL020,Saarbrücken-Verkehr,urban area,traffic,0.45,0,2018
Saxony-Anhalt,DEST075,Halle/Merseburger Strasse,urban area,traffic,0.25,0,2018
Saxony-Anhalt,DEST092,Wittenberg/Dessauer Strasse,urban area,traffic,0.34,0,2018
Saxony-Anhalt,DEST103,Magdeburg Schleinufer,urban area,traffic,0.34,0,2018
Saxony-Anhalt,DEST108,Weißenfels/Am Krug,urban area,traffic,0.27,0,2018
Thuringia,DETH072,Suhl F.-König-Str,urban area,traffic,0.25,0,2018
