﻿State / Measuring network,Station code,Station name,Station setting,Station type,Annual mean value in µg/m³,Zahl der Tagesmittelwerte über 125 µg/m³,Zahl der Stundenmittelwerte über 350 µg/m³,Year
Baden-Württemberg,DEBW004,Eggenstein,rural near town,background,1.4,0,0,2019
Baden-Württemberg,DEBW029,Aalen,suburban area,background,0.92,0,0,2019
Baden-Württemberg,DEBW031,Schwarzwald-Süd,rural regional,background,0.36,0,0,2019
Baden-Württemberg,DEBW005,Mannheim-Nord,suburban area,industry,2.7,0,0,2019
Berlin,DEBE065,Berlin Frankfurter Allee,urban area,traffic,1.2,0,0,2019
Brandenburg,DEBB021,Potsdam-Zentrum,urban area,background,1.8,0,0,2019
Brandenburg,DEBB064,Cottbus,urban area,background,1.4,0,0,2019
Brandenburg,DEBB066,Spreewald,rural regional,background,1.6,0,0,2019
Brandenburg,DEBB029,Schwedt (Oder),suburban area,industry,2.2,0,0,2019
Brandenburg,DEBB032,Eisenhüttenstadt,suburban area,industry,2.1,0,0,2019
Bremen,DEHB001,Bremen-Mitte,urban area,background,1.2,0,0,2019
Bremen,DEHB002,Bremen-Ost,urban area,background,1.4,0,0,2019
Bremen,DEHB004,Bremen-Nord,urban area,background,0.98,0,0,2019
Bremen,DEHB005,Bremerhaven-Hansastraße,urban area,background,1.5,0,0,2019
Bremen,DEHB012,Bremen-Oslebshausen,urban area,background,2.1,0,0,2019
Bremen,DEHB013,Bremen-Hasenbüren,rural regional,industry,1.7,0,0,2019
Hamburg,DEHH008,Hamburg Sternschanze,urban area,background,3.3,0,0,2019
Hamburg,DEHH059,Hamburg Wilhelmsburg,urban area,background,3.2,0,0,2019
Hamburg,DEHH079,Hamburg Altona Elbhang,urban area,background,3.7,0,0,2019
Hamburg,DEHH081,Hamburg Hafen,urban area,background,4.3,0,0,2019
Hamburg,DEHH015,Hamburg Veddel,urban area,industry,5,0,0,2019
Hamburg,DEHH016,Hamburg Billbrook,urban area,industry,3.8,0,0,2019
Hesse,DEHE001,Darmstadt,urban area,background,0.92,0,0,2019
Hesse,DEHE005,Frankfurt-Höchst,urban area,background,1.2,0,0,2019
Hesse,DEHE011,Hanau,urban area,background,0.91,0,0,2019
Hesse,DEHE013,Kassel Mitte,urban area,background,0.85,0,0,2019
Hesse,DEHE018,Raunheim,urban area,background,1,0,0,2019
Hesse,DEHE020,Wetzlar,urban area,background,0.9,0,0,2019
Hesse,DEHE022,Wiesbaden Süd,urban area,background,0.92,0,0,2019
Hesse,DEHE042,Linden/Leihgestern,rural area,background,0.99,0,0,2019
Hesse,DEHE045,Michelstadt,urban area,background,0.83,0,0,2019
Hesse,DEHE051,Wasserkuppe,rural area,background,0.86,0,0,2019
Hesse,DEHE060,Kellerwald,rural regional,background,0.85,0,0,2019
Mecklenburg-West Pomerania,DEMV004,Gülzow,rural area,background,1.1,0,0,2019
Mecklenburg-West Pomerania,DEMV007,Rostock-Stuthof,suburban area,background,1,0,0,2019
Mecklenburg-West Pomerania,DEMV012,Löcknitz,rural area,background,1.2,0,0,2019
Mecklenburg-West Pomerania,DEMV019,Güstrow,urban area,background,1.1,0,0,2019
Mecklenburg-West Pomerania,DEMV021,Rostock-Warnemünde,urban area,background,1.1,0,0,2019
Mecklenburg-West Pomerania,DEMV031,Rostock-Hohe Düne,urban area,industry,1.5,0,0,2019
Mecklenburg-West Pomerania,DEMV022,Rostock-Holbeinplatz,urban area,traffic,1.6,0,0,2019
Mecklenburg-West Pomerania,DEMV025,Stralsund-Knieperdamm,urban area,traffic,0.97,0,0,2019
Mecklenburg-West Pomerania,DEMV058,Neubrandenburg Woldegker Straße,urban area,traffic,0.98,0,0,2019
North Rhine-Westphalia,DENW002,Datteln-Hagem,suburban area,background,1.8,0,0,2019
North Rhine-Westphalia,DENW024,Essen-Vogelheim,urban area,background,3.9,0,0,2019
North Rhine-Westphalia,DENW040,Duisburg-Buchholz,suburban area,background,3,0,0,2019
North Rhine-Westphalia,DENW021,Bottrop-Welheim,urban area,industry,7.5,0,0,2019
North Rhine-Westphalia,DENW034,Duisburg-Walsum,urban area,industry,8,0,0,2019
North Rhine-Westphalia,DENW338,Duisburg-Bruckhausen,urban area,industry,8.3,0,0,2019
Rhineland-Palatinate,DERP001,Ludwigshafen-Oppau,urban area,background,1.2,0,0,2019
Rhineland-Palatinate,DERP007,Mainz-Mombach,urban area,background,1.2,0,0,2019
Rhineland-Palatinate,DERP009,Mainz-Zitadelle,urban area,background,1.1,0,0,2019
Rhineland-Palatinate,DERP013,Westpfalz-Waldmohr,rural area,background,1.1,0,0,2019
Rhineland-Palatinate,DERP014,Hunsrück-Leisel,rural area,background,1.1,0,0,2019
Rhineland-Palatinate,DERP015,Westeifel Wascheid,rural area,background,1,0,0,2019
Rhineland-Palatinate,DERP016,Westerwald-Herdorf,rural area,background,1.1,0,0,2019
Rhineland-Palatinate,DERP017,Pfälzerwald-Hortenkopf,rural area,background,1.1,0,0,2019
Rhineland-Palatinate,DERP019,Kaiserslautern-Rathausplatz,urban area,background,1.2,0,0,2019
Rhineland-Palatinate,DERP021,Neuwied-Hafenstraße,urban area,background,1.1,0,0,2019
Rhineland-Palatinate,DERP022,Bad Kreuznach-Bosenheimer Straße,urban area,background,1,0,0,2019
Rhineland-Palatinate,DERP025,Wörth-Marktplatz,urban area,background,1.2,0,0,2019
Rhineland-Palatinate,DERP003,Ludwigshafen-Mundenheim,urban area,industry,1.3,0,0,2019
Rhineland-Palatinate,DERP020,Trier-Ostallee,urban area,traffic,1.1,0,0,2019
Rhineland-Palatinate,DERP023,Worms-Hagenstraße,urban area,traffic,1.8,0,0,2019
Rhineland-Palatinate,DERP024,Koblenz-Friedrich-Ebert-Ring,urban area,traffic,1.2,0,0,2019
Saarland,DESL001,Berus,rural area,background,3.2,0,0,2019
Saarland,DESL002,Bexbach Schule,suburban area,background,2.1,0,0,2019
Saarland,DESL006,Lauterbach,suburban area,background,2.4,0,0,2019
Saarland,DESL012,Saarbrücken-City,urban area,background,1.9,0,0,2019
Saarland,DESL017,Völklingen-City Stadionstr.,urban area,background,2.5,0,0,2019
Saarland,DESL019,Biringen,rural regional,background,1.6,0,0,2019
Saarland,DESL003,Dillingen City,urban area,industry,5.5,0,0,2019
Saxony,DESN001,Annaberg-Buchholz,urban area,background,1.6,0,0,2019
Saxony,DESN024,Klingenthal,urban area,background,1.3,0,0,2019
Saxony,DESN045,Zittau-Ost,suburban area,background,2.1,0,0,2019
Saxony,DESN052,Zinnwald,rural regional,background,3.3,0,0,2019
Saxony,DESN053,Fichtelberg,rural secluded,background,1.6,0,0,2019
Saxony,DESN074,Schwartenberg,rural regional,background,3.7,0,0,2019
Saxony,DESN092,Dresden-Winckelmannstr.,urban area,background,2.7,0,0,2019
Saxony,DESN020,Görlitz,urban area,traffic,1.7,0,0,2019
Saxony,DESN025,Leipzig-Mitte,urban area,traffic,1.4,0,0,2019
Saxony-Anhalt,DEST011,Wernigerode/Bahnhof,urban area,background,1.7,0,0,2019
Saxony-Anhalt,DEST028,Zeitz,urban area,background,1.4,0,0,2019
Saxony-Anhalt,DEST039,Brocken,rural secluded,background,1.2,0,0,2019
Saxony-Anhalt,DEST077,Magdeburg/West,urban area,background,0.9,0,0,2019
Saxony-Anhalt,DEST089,Zartau/Waldstation,rural regional,background,0.82,0,0,2019
Saxony-Anhalt,DEST098,Unterharz / Friedrichsbrunn,rural regional,background,0.65,0,0,2019
Saxony-Anhalt,DEST015,Bitterfeld/Wolfen,suburban area,industry,1.5,0,0,2019
Saxony-Anhalt,DEST090,Leuna,suburban area,industry,2.4,0,0,2019
Saxony-Anhalt,DEST108,Weißenfels/Am Krug,urban area,traffic,1,0,0,2019
Schleswig-Holstein,DESH035,Brunsbüttel-Cuxhavener Straße,urban area,background,1,0,0,2019
Thuringia,DETH009,Gera Friedericistr.,urban area,background,0.99,0,0,2019
Thuringia,DETH020,Erfurt Krämpferstr.,urban area,background,0.91,0,0,2019
Thuringia,DETH027,Neuhaus,rural secluded,background,1.1,0,0,2019
Thuringia,DETH042,Possen,rural secluded,background,0.99,0,0,2019
Thuringia,DETH061,Hummelshain,rural secluded,background,1,0,0,2019
UBA,DEUB001,Westerland,rural area,background,0.23,0,0,2019
UBA,DEUB004,Schauinsland,rural regional,background,0.26,0,0,2019
UBA,DEUB005,Waldhof,rural area,background,0.66,0,0,2019
UBA,DEUB028,Zingst,rural area,background,0.7,0,0,2019
UBA,DEUB029,Schmücke,rural area,background,0.74,0,0,2019
UBA,DEUB030,Neuglobsow,rural regional,background,0.77,0,0,2019
UBA,DEUB046,Forellenbach,rural secluded,background,0.84,0,0,2019
