﻿"State / Measuring network";"Station code";"Station name";"Station setting";"Station type";"Number of hourly mean values above 240 µg/m³";"Number of hourly mean values above 180 µg/m³";"Number of days with highest daily 8-hour averages above 120 µg/m³";"Number of days with highest daily 8-hour averages above 120 µg/m³, 3-year average";"AOT40* in µg/m³h";"AOT40* in µg/m³h, 5-year average"
Baden-Württemberg;DEBW004;Eggenstein;"rural near town";background;0;7;30;36;19172;19954
Baden-Württemberg;DEBW009;Heidelberg;"urban area";background;0;4;23;32;-;-
Baden-Württemberg;DEBW010;Wiesloch;"suburban area";background;0;14;31;39;19657;20537
Baden-Württemberg;DEBW013;"Stuttgart-Bad Cannstatt";"urban area";background;0;8;32;32;-;-
Baden-Württemberg;DEBW015;Heilbronn;"urban area";background;0;5;29;28;-;-
Baden-Württemberg;DEBW019;Ulm;"urban area";background;0;0;22;20;-;-
Baden-Württemberg;DEBW023;"Weil am Rhein";"suburban area";background;0;10;36;41;25509;22918
Baden-Württemberg;DEBW024;Ludwigsburg;"suburban area";background;0;1;30;35;19472;20856
Baden-Württemberg;DEBW027;Reutlingen;"urban area";background;0;0;21;23;-;-
Baden-Württemberg;DEBW029;Aalen;"suburban area";background;0;0;37;34;22908;20961
Baden-Württemberg;DEBW031;Schwarzwald-Süd;"rural regional";background;0;31;71;64;30251;23431
Baden-Württemberg;DEBW033;Pforzheim;"urban area";background;0;5;15;20;-;-
Baden-Württemberg;DEBW038;Friedrichshafen;"urban area";background;0;5;20;32;-;-
Baden-Württemberg;DEBW039;Villingen-Schwenningen;"suburban area";background;0;0;16;32;17899;21285
Baden-Württemberg;DEBW042;Bernhausen;"suburban area";background;0;16;31;33;21266;19537
Baden-Württemberg;DEBW046;Biberach;"suburban area";background;0;0;16;23;16408;17608
Baden-Württemberg;DEBW052;Konstanz;"urban area";background;0;3;26;29;-;-
Baden-Württemberg;DEBW056;"Schwäbisch Hall";"suburban area";background;-;-;-;15;-;18280
Baden-Württemberg;DEBW059;Tauberbischofsheim;"suburban area";background;0;4;18;26;16473;18603
Baden-Württemberg;DEBW073;Neuenburg;"suburban area";background;0;15;25;31;22480;18088
Baden-Württemberg;DEBW076;Baden-Baden;"suburban area";background;0;15;31;36;20756;20710
Baden-Württemberg;DEBW081;Karlsruhe-Nordwest;"urban area";background;0;22;34;37;-;-
Baden-Württemberg;DEBW084;Freiburg;"urban area";background;0;18;34;37;-;-
Baden-Württemberg;DEBW087;"Schwäbische Alb";"rural regional";background;0;1;21;26;20766;19452
Baden-Württemberg;DEBW107;Tübingen;"suburban area";background;0;0;21;29;17533;19176
Baden-Württemberg;DEBW112;Gärtringen;"suburban area";background;0;8;31;42;21268;23479
Baden-Württemberg;DEBW005;Mannheim-Nord;"suburban area";industry;0;17;35;35;20362;19803
Baden-Württemberg;DEBW022;Kehl;"suburban area";industry;0;8;19;28;17129;18466
Bavaria;DEBY002;Arzberg/Egerstraße;"suburban area";background;0;0;17;16;17897;15389
Bavaria;DEBY004;"Kleinwallstadt/Hofstetter Straße";"suburban area";background;0;4;24;27;18447;18068
Bavaria;DEBY005;Aschaffenburg/Bussardweg;"suburban area";background;0;0;27;26;17872;15930
Bavaria;DEBY007;Augsburg/Bourges-Platz;"urban area";background;0;0;28;23;-;-
Bavaria;DEBY012;"Burghausen/Marktler Straße";"suburban area";background;0;0;22;27;18348;-
Bavaria;DEBY013;Mehring/Sportplatz;"rural regional";background;0;0;34;35;25142;20654
Bavaria;DEBY020;Hof/LfU;"suburban area";background;0;0;29;23;19693;16441
Bavaria;DEBY026;"Vohburg a.d. Donau/Alter Wöhrer Weg";"suburban area";background;0;0;25;27;21105;19513
Bavaria;DEBY030;"Saal a.d. Donau/Regensburger Straße";"suburban area";background;0;0;14;19;16349;14419
Bavaria;DEBY031;"Kempten (Allgäu)/Westendstraße";"suburban area";background;0;0;28;28;22203;18957
Bavaria;DEBY039;München/Lothstraße;"urban area";background;0;5;30;29;-;-
Bavaria;DEBY047;"Naila/Selbitzer Berg";"rural near town";background;0;0;28;24;17160;15950
Bavaria;DEBY049;"Neustadt a.d. Donau/Eining";"rural regional";background;0;0;35;34;24900;21225
Bavaria;DEBY052;Neu-Ulm/Gabelsbergerstraße;"urban area";background;0;0;32;29;-;-
Bavaria;DEBY058;Nürnberg/Muggenhof;"urban area";background;0;0;13;11;-;-
Bavaria;DEBY062;"Regen/Bodenmaiser Straße";"suburban area";background;0;0;22;22;19491;17858
Bavaria;DEBY067;"Schwandorf/Wackersdorfer Straße";"suburban area";background;0;0;18;19;-;17814
Bavaria;DEBY068;Schweinfurt/Obertor;"urban area";background;0;0;12;16;-;-
Bavaria;DEBY072;Tiefenbach/Altenschneeberg;"rural regional";background;0;0;16;41;15855;20584
Bavaria;DEBY075;"Weiden i.d.OPf./Nikolaistraße";"urban area";background;0;0;20;21;-;-
Bavaria;DEBY077;Würzburg/Kopfklinik;"suburban area";background;0;0;21;20;15979;15807
Bavaria;DEBY079;"Bad Reichenhall/Kirchholzstraße";"urban area";background;0;8;18;19;-;-
Bavaria;DEBY088;Trostberg/Schwimmbadstraße;"suburban area";background;0;0;30;30;21399;18929
Bavaria;DEBY089;München/Johanneskirchen;"suburban area";background;0;0;18;28;19341;18980
Bavaria;DEBY093;Sulzbach-Rosenberg/Lohe;"suburban area";background;0;0;22;26;20781;18281
Bavaria;DEBY099;Augsburg/LfU;"suburban area";background;0;0;39;34;24353;21226
Bavaria;DEBY109;Andechs/Rothenfeld;"rural regional";background;0;3;33;33;22093;21490
Bavaria;DEBY113;Erlangen/Kraepelinstraße;"suburban area";background;0;0;31;30;21446;20498
Bavaria;DEBY122;"Bad Hindelang/Oberjoch";"rural regional";background;0;0;15;17;16334;16037
Bavaria;DEBY124;"Burgbernheim/Grüne Au";"rural regional";background;0;0;32;38;23193;22299
Bavaria;DEBY187;Oettingen/Goethestraße;"suburban area";background;0;0;34;37;22825;20613
Bavaria;DEBY188;Schwabach/Angerstraße;"urban area";background;0;0;21;23;-;-
Bavaria;DEBY189;München/Allach;"suburban area";background;0;4;38;35;23190;20172
Bavaria;DEBY196;Garmisch-Partenkirchen/Wasserwerk;"rural near town";background;0;7;18;13;16799;13399
Bavaria;DEBY037;München/Stachus;"urban area";traffic;-;-;-;-;-;-
Bavaria;DEBY115;"München/Landshuter Allee";"urban area";traffic;-;-;-;-;-;-
Berlin;DEBE010;"Berlin Wedding";"urban area";background;0;0;22;15;-;-
Berlin;DEBE027;"Berlin Marienfelde";"rural near town";background;0;5;37;26;19818;17494
Berlin;DEBE032;"Berlin Grunewald (3.5 m)";"rural near town";background;0;3;33;23;16903;14278
Berlin;DEBE034;"Berlin Neukölln";"urban area";background;0;0;28;20;-;-
Berlin;DEBE051;"Berlin Buch";"suburban area";background;0;0;14;14;9375;13366
Berlin;DEBE056;"Berlin Friedrichshagen";"rural near town";background;0;3;33;26;17599;17870
Berlin;DEBE062;"Berlin Frohnau (3.5 m)";"rural near town";background;0;2;30;20;15950;13822
Berlin;DEBE065;"Berlin Frankfurter Allee";"urban area";traffic;0;0;5;5;-;-
Brandenburg;DEBB007;"Elsterwerda, 1992-2020";"suburban area";background;0;2;33;27;19655;17035
Brandenburg;DEBB021;Potsdam-Zentrum;"urban area";background;0;0;16;15;-;-
Brandenburg;DEBB048;Neuruppin;"suburban area";background;0;0;18;13;13138;10452
Brandenburg;DEBB053;"Hasenholz (Buckow)";"rural regional";background;0;4;24;17;15167;13244
Brandenburg;DEBB055;"Brandenburg a.d. Havel";"suburban area";background;0;0;20;16;15235;12539
Brandenburg;DEBB063;Wittenberge;"suburban area";background;0;1;26;22;16363;12665
Brandenburg;DEBB064;Cottbus;"urban area";background;0;1;28;25;-;-
Brandenburg;DEBB065;"Lütte (Belzig)";"rural regional";background;0;2;34;28;19938;16418
Brandenburg;DEBB066;Spreewald;"rural regional";background;0;5;29;22;19212;14676
Brandenburg;DEBB067;Nauen;"suburban area";background;0;0;26;18;15411;13247
Brandenburg;DEBB075;"Potsdam, Groß Glienicke";"suburban area";background;0;0;20;16;14357;13442
Brandenburg;DEBB083;Spremberg;"suburban area";background;0;0;23;23;18569;15714
Brandenburg;DEBB086;Blankenfelde-Mahlow;"suburban area";background;0;1;31;22;18242;15149
Brandenburg;DEBB092;"Frankfurt (Oder)";"suburban area";background;0;3;26;23;17466;15153
Brandenburg;DEBB029;"Schwedt (Oder)";"suburban area";industry;0;0;19;16;12566;11502
Brandenburg;DEBB032;Eisenhüttenstadt;"suburban area";industry;0;3;28;22;19568;16824
Bremen;DEHB001;Bremen-Mitte;"urban area";background;0;0;13;15;-;-
Bremen;DEHB002;Bremen-Ost;"urban area";background;0;0;14;11;-;-
Bremen;DEHB004;Bremen-Nord;"urban area";background;0;0;18;13;-;-
Bremen;DEHB005;Bremerhaven-Hansastraße;"urban area";background;0;0;13;14;-;-
Bremen;DEHB013;Bremen-Hasenbüren;"rural regional";industry;0;0;16;14;8395;9344
Hamburg;DEHH008;"Hamburg Sternschanze";"urban area";background;0;0;11;9.7;-;-
Hamburg;DEHH021;"Hamburg Tatenberg";"suburban area";background;-;-;-;-;-;-
Hamburg;DEHH033;"Hamburg Flughafen Nord";"urban area";background;0;0;11;11;-;-
Hamburg;DEHH047;"Hamburg Bramfeld";"suburban area";background;0;0;14;13;8375;8928
Hamburg;DEHH049;"Hamburg Blankenese-Baursberg";"suburban area";background;-;-;-;-;-;-
Hamburg;DEHH050;"Hamburg Neugraben";"suburban area";background;0;1;18;15;9372;10184
Hesse;DEHE001;Darmstadt;"urban area";background;0;9;24;24;-;-
Hesse;DEHE005;Frankfurt-Höchst;"urban area";background;0;6;17;17;-;-
Hesse;DEHE008;"Frankfurt Ost";"urban area";background;0;9;19;16;-;-
Hesse;DEHE011;Hanau;"urban area";background;0;5;28;35;-;-
Hesse;DEHE013;"Kassel Mitte";"urban area";background;0;4;25;23;-;-
Hesse;DEHE018;Raunheim;"urban area";background;0;22;38;31;-;-
Hesse;DEHE020;Wetzlar;"urban area";background;0;0;13;7.3;-;-
Hesse;DEHE022;"Wiesbaden Süd";"urban area";background;1;21;40;28;-;-
Hesse;DEHE024;Witzenhausen/Wald;"rural area";background;0;8;43;36;17323;16716
Hesse;DEHE026;Spessart;"rural regional";background;0;4;49;43;25416;19459
Hesse;DEHE028;Fürth/Odenwald;"rural area";background;0;6;43;43;19051;19126
Hesse;DEHE030;Marburg;"urban area";background;0;1;28;22;-;-
Hesse;DEHE032;Bebra;"urban area";background;0;1;27;23;-;-
Hesse;DEHE039;"Burg Herzberg";"rural area";background;0;0;38;38;19189;18194
Hesse;DEHE042;Linden/Leihgestern;"rural area";background;0;14;35;30;20145;17166
Hesse;DEHE043;Riedstadt;"rural near town";background;1;19;28;28;20459;19475
Hesse;DEHE044;Limburg;"urban area";background;1;26;31;25;-;-
Hesse;DEHE045;Michelstadt;"urban area";background;0;0;24;26;-;-
Hesse;DEHE046;"Bad Arolsen";"rural area";background;0;3;27;29;14777;15265
Hesse;DEHE050;Zierenberg;"rural area";background;0;16;29;23;18994;13278
Hesse;DEHE051;Wasserkuppe;"rural area";background;0;5;56;58;25193;23217
Hesse;DEHE052;"Kleiner Feldberg";"rural area";background;0;23;44;53;22950;22788
Hesse;DEHE060;Kellerwald;"rural regional";background;0;6;35;27;18159;15475
Hesse;DEHE134;"Fulda Zentral";"urban area";background;0;4;25;22;-;-
Hesse;DEHE135;Frankfurt-Schwanheim;"suburban area";background;-;-;-;-;-;-
"Mecklenburg-West Pomerania";DEMV004;Gülzow;"rural area";background;0;0;13;12;10640;10111
"Mecklenburg-West Pomerania";DEMV007;Rostock-Stuthof;"suburban area";background;0;0;5;7;7051;7483
"Mecklenburg-West Pomerania";DEMV012;Löcknitz;"rural area";background;0;0;13;11;10628;11190
"Mecklenburg-West Pomerania";DEMV017;Göhlen;"rural area";background;0;1;17;19;13479;12529
"Mecklenburg-West Pomerania";DEMV019;Güstrow;"urban area";background;0;0;10;9.7;-;-
"Mecklenburg-West Pomerania";DEMV021;Rostock-Warnemünde;"urban area";background;0;0;3;6.7;-;-
"Mecklenburg-West Pomerania";DEMV024;Leizen;"rural area";background;0;1;18;18;13527;10154
"Mecklenburg-West Pomerania";DEMV026;Garz;"rural area";background;0;1;12;11;9100;8333
"Mecklenburg-West Pomerania";DEMV022;Rostock-Holbeinplatz;"urban area";traffic;0;0;1;1;-;-
"Lower Saxony";DENI011;Braunschweig;"suburban area";background;0;5;21;22;13269;13095
"Lower Saxony";DENI016;Oker/Harlingerode;"suburban area";background;0;3;21;23;12953;13860
"Lower Saxony";DENI020;Wolfsburg;"suburban area";background;0;3;24;22;13934;13204
"Lower Saxony";DENI029;Ostfriesland;"suburban area";background;0;8;21;19;11657;10947
"Lower Saxony";DENI031;Jadebusen;"rural area";background;0;2;10;12;6975;8097
"Lower Saxony";DENI038;Osnabrück;"urban area";background;0;7;30;27;-;-
"Lower Saxony";DENI041;Weserbergland;"suburban area";background;0;0;9;14;9055;10465
"Lower Saxony";DENI042;Göttingen;"suburban area";background;0;2;24;25;13302;14480
"Lower Saxony";DENI043;Emsland;"suburban area";background;0;14;33;26;16818;14192
"Lower Saxony";DENI051;Wurmberg;"rural area";background;0;4;44;41;18189;17912
"Lower Saxony";DENI052;Allertal;"suburban area";background;0;1;22;22;12513;12851
"Lower Saxony";DENI054;Hannover;"urban area";background;0;1;21;21;-;-
"Lower Saxony";DENI058;"Ostfries. Inseln";"rural area";background;0;2;15;11;11199;9768
"Lower Saxony";DENI059;Elbmündung;"rural area";background;0;0;7;7;6340;6828
"Lower Saxony";DENI060;Wendland;"rural area";background;0;1;24;19;13978;12687
"Lower Saxony";DENI062;"Lüneburger Heide";"suburban area";background;0;4;23;20;12524;11823
"Lower Saxony";DENI063;"Altes Land";"rural area";background;0;0;11;10;9068;8760
"Lower Saxony";DENI077;Solling-Süd;"rural area";background;0;1;18;19;10873;11011
"Lower Saxony";DENI053;Südoldenburg;"suburban area";industry;0;7;27;20;12889;12189
"Lower Saxony";DENI070;Salzgitter-Drütte;"rural area";industry;0;1;16;17;10433;10552
"North Rhine-Westphalia";DENW006;Lünen-Niederaden;"suburban area";background;0;11;24;24;14701;14345
"North Rhine-Westphalia";DENW008;Dortmund-Eving;"urban area";background;0;5;23;25;-;-
"North Rhine-Westphalia";DENW015;Marl-Sickingmühle;"suburban area";background;1;22;26;26;15700;14873
"North Rhine-Westphalia";DENW030;Wesel-Feldmark;"suburban area";background;1;41;26;26;16498;16038
"North Rhine-Westphalia";DENW038;Mülheim-Styrum;"urban area";background;0;20;25;24;-;-
"North Rhine-Westphalia";DENW042;Krefeld-Linn;"urban area";background;2;31;31;25;-;-
"North Rhine-Westphalia";DENW053;Köln-Chorweiler;"urban area";background;0;14;30;29;-;-
"North Rhine-Westphalia";DENW059;Köln-Rodenkirchen;"suburban area";background;0;8;19;19;12535;11383
"North Rhine-Westphalia";DENW064;"Simmerath (Eifel)";"rural regional";background;0;3;26;26;13216;13063
"North Rhine-Westphalia";DENW065;"Netphen Rothaargebirge";"rural regional";background;0;2;40;37;18594;17493
"North Rhine-Westphalia";DENW067;Bielefeld-Ost;"urban area";background;0;0;13;15;-;-
"North Rhine-Westphalia";DENW068;Soest-Ost;"rural near town";background;0;5;23;18;15580;12319
"North Rhine-Westphalia";DENW071;Düsseldorf-Lörick;"urban area";background;0;22;25;24;-;-
"North Rhine-Westphalia";DENW078;Ratingen-Tiefenbroich;"suburban area";background;0;20;23;23;15315;13055
"North Rhine-Westphalia";DENW079;Leverkusen-Manfort;"suburban area";background;0;9;23;21;14295;11945
"North Rhine-Westphalia";DENW080;Solingen-Wald;"suburban area";background;0;3;25;31;14314;15360
"North Rhine-Westphalia";DENW081;Borken-Gemen;"rural near town";background;1;26;32;26;17644;14870
"North Rhine-Westphalia";DENW094;Aachen-Burtscheid;"urban area";background;0;8;23;26;-;-
"North Rhine-Westphalia";DENW095;Münster-Geist;"urban area";background;0;13;31;28;-;-
"North Rhine-Westphalia";DENW096;Mönchengladbach-Rheydt;"suburban area";background;0;19;24;25;14038;12764
"North Rhine-Westphalia";DENW114;Wuppertal-Langerfeld;"urban area";background;0;4;27;22;-;-
"North Rhine-Westphalia";DENW179;Schwerte;"urban area";background;0;8;25;26;-;-
"North Rhine-Westphalia";DENW247;"Essen-Schuir (LANUV)";"suburban area";background;0;19;27;26;13253;12152
"North Rhine-Westphalia";DENW021;Bottrop-Welheim;"urban area";industry;1;16;21;21;-;-
"North Rhine-Westphalia";DENW034;Duisburg-Walsum;"urban area";industry;1;28;26;24;-;-
"North Rhine-Westphalia";DENW058;Hürth;"suburban area";industry;0;24;26;28;17428;14738
"North Rhine-Westphalia";DENW074;Niederzier;"rural near town";industry;1;9;26;27;15793;14804
Rhineland-Palatinate;DERP001;Ludwigshafen-Oppau;"urban area";background;0;11;22;24;-;-
Rhineland-Palatinate;DERP007;Mainz-Mombach;"urban area";background;0;9;21;21;-;-
Rhineland-Palatinate;DERP013;Westpfalz-Waldmohr;"rural area";background;0;2;27;30;17713;16416
Rhineland-Palatinate;DERP014;Hunsrück-Leisel;"rural area";background;0;9;32;35;19450;18053
Rhineland-Palatinate;DERP015;"Westeifel Wascheid";"rural area";background;0;4;25;27;13686;14328
Rhineland-Palatinate;DERP016;Westerwald-Herdorf;"rural area";background;0;2;29;25;16715;14241
Rhineland-Palatinate;DERP017;Pfälzerwald-Hortenkopf;"rural area";background;0;11;48;40;19245;17203
Rhineland-Palatinate;DERP019;Kaiserslautern-Rathausplatz;"urban area";background;0;1;19;19;-;-
Rhineland-Palatinate;DERP021;Neuwied-Hafenstraße;"urban area";background;0;7;22;23;-;-
Rhineland-Palatinate;DERP022;"Bad Kreuznach-Bosenheimer Straße";"urban area";background;0;5;21;19;-;-
Rhineland-Palatinate;DERP025;Wörth-Marktplatz;"urban area";background;0;6;34;34;-;-
Rhineland-Palatinate;DERP028;Westerwald-Neuhäusel;"rural area";background;0;10;36;38;18491;16622
Rhineland-Palatinate;DERP053;Speyer-Nord;"suburban area";background;1;16;27;26;18118;16034
Rhineland-Palatinate;DERP060;Pirmasens-Innenstadt;"urban area";background;0;0;12;12;-;-
Rhineland-Palatinate;DERP047;Trier-Pfalzel;"suburban area";industry;0;1;20;19;12805;12561
Rhineland-Palatinate;DERP023;Worms-Hagenstraße;"urban area";traffic;0;10;13;18;-;-
Rhineland-Palatinate;DERP024;Koblenz-Friedrich-Ebert-Ring;"urban area";traffic;0;6;11;11;-;-
Saarland;DESL002;"Bexbach Schule";"suburban area";background;0;7;26;26;19725;16251
Saarland;DESL011;Saarbrücken-Eschberg;"urban area";background;0;0;17;21;-;-
Saarland;DESL012;Saarbrücken-City;"urban area";background;0;0;9;10;-;-
Saarland;DESL017;"Völklingen-City Stadionstr.";"urban area";background;0;0;13;14;-;-
Saarland;DESL018;Sulzbach;"urban area";background;-;-;-;-;-;-
Saarland;DESL019;Biringen;"rural regional";background;0;1;22;25;13928;14972
Saarland;DESL003;"Dillingen City";"urban area";industry;0;0;13;18;-;-
Saarland;DESL020;Saarbrücken-Verkehr;"urban area";traffic;-;-;-;2.5;-;-
Saxony;DESN001;Annaberg-Buchholz;"urban area";background;0;0;12;9;-;-
Saxony;DESN004;Bautzen;"urban area";background;0;0;19;20;-;-
Saxony;DESN045;Zittau-Ost;"suburban area";background;0;0;8;16;14162;14925
Saxony;DESN049;Carlsfeld;"rural secluded";background;0;0;33;32;20465;20089
Saxony;DESN051;Radebeul-Wahnsdorf;"rural near town";background;0;2;25;22;19614;16949
Saxony;DESN052;Zinnwald;"rural regional";background;0;0;35;45;22607;21960
Saxony;DESN053;Fichtelberg;"rural secluded";background;-;-;16;51;-;23420
Saxony;DESN059;Leipzig-West;"suburban area";background;0;0;21;25;-;-
Saxony;DESN074;Schwartenberg;"rural regional";background;0;0;41;41;22289;20953
Saxony;DESN076;Collmberg;"rural secluded";background;0;0;26;29;17292;15858
Saxony;DESN079;Niesky;"rural regional";background;0;0;17;23;16169;17927
Saxony;DESN080;Schkeuditz;"rural near town";background;0;0;31;31;18709;18061
Saxony;DESN081;Plauen-DWD;"suburban area";background;0;0;12;18;13197;15368
Saxony;DESN082;Leipzig-Thekla;"suburban area";background;0;0;12;14;12171;11406
Saxony;DESN092;Dresden-Winckelmannstr.;"urban area";background;0;0;25;24;-;-
Saxony;DESN104;"Chemnitz Hans-Link-Straße";"urban area";background;0;0;26;26;-;-
Saxony;DESN061;Dresden-Nord;"urban area";traffic;0;0;10;11;-;-
Saxony;DESN084;Dresden-Bergstr.;"urban area";traffic;-;-;-;-;-;-
Saxony-Anhalt;DEST002;Burg;"suburban area";background;0;3;27;26;16474;16942
Saxony-Anhalt;DEST011;Wernigerode/Bahnhof;"urban area";background;0;4;19;21;-;-
Saxony-Anhalt;DEST028;Zeitz;"urban area";background;0;0;21;23;-;-
Saxony-Anhalt;DEST039;Brocken;"rural secluded";background;0;5;44;43;18740;19587
Saxony-Anhalt;DEST044;Halberstadt;"urban area";background;0;4;22;22;-;-
Saxony-Anhalt;DEST050;Halle/Nord;"urban area";background;0;1;22;22;-;-
Saxony-Anhalt;DEST066;Wittenberg/Bahnstrasse;"urban area";background;0;5;26;28;-;-
Saxony-Anhalt;DEST077;Magdeburg/West;"urban area";background;0;3;23;22;-;-
Saxony-Anhalt;DEST089;Zartau/Waldstation;"rural regional";background;0;1;22;15;12019;11467
Saxony-Anhalt;DEST098;"Unterharz / Friedrichsbrunn";"rural regional";background;0;6;33;31;19037;15842
Saxony-Anhalt;DEST104;"Domäne Bobbe";"rural area";background;0;0;31;28;18293;17020
Saxony-Anhalt;DEST105;"Stendal Stadtsee";"urban area";background;0;2;25;21;-;-
Saxony-Anhalt;DEST106;"Goldene Aue (Roßla)";"rural area";background;0;0;25;34;13402;14104
Saxony-Anhalt;DEST015;Bitterfeld/Wolfen;"suburban area";industry;0;4;28;28;17921;17595
Saxony-Anhalt;DEST090;Leuna;"suburban area";industry;0;0;23;28;15933;17231
Schleswig-Holstein;DESH001;Altendeich;"rural regional";background;0;0;6;7.7;5039;7581
Schleswig-Holstein;DESH008;Bornhöved;"rural regional";background;0;1;14;14;8385;10070
Schleswig-Holstein;DESH013;Fehmarn;"rural regional";background;-;-;-;-;-;-
Schleswig-Holstein;DESH014;St.-Peter-Ording;"rural regional";background;-;-;-;-;-;-
Schleswig-Holstein;DESH015;Itzehoe;"urban area";background;-;-;-;-;-;-
Schleswig-Holstein;DESH016;Barsbüttel;"suburban area";background;0;0;19;24;9909;10979
Schleswig-Holstein;DESH023;"Lübeck-St. Jürgen";"urban area";background;0;1;15;12;-;-
Schleswig-Holstein;DESH033;Kiel-Max-Planck-Str.;"urban area";background;-;-;-;-;-;-
Schleswig-Holstein;DESH035;"Brunsbüttel-Cuxhavener Straße";"urban area";background;0;0;8;6.7;-;-
Schleswig-Holstein;DESH056;Eggebek;"rural regional";background;0;0;6;7.3;6135;8272
Schleswig-Holstein;DESH057;Kiel-Bremerskamp;"urban area";background;0;0;7;9;-;-
Schleswig-Holstein;DESH058;Lauenburg-Murjahnstraße;"urban area";background;0;2;18;18;-;-
Thuringia;DETH005;Saalfeld;"urban area";background;0;0;22;21;-;-
Thuringia;DETH009;"Gera Friedericistr.";"urban area";background;0;0;21;19;-;-
Thuringia;DETH011;"Altenburg Theaterplatz";"urban area";background;0;0;25;24;-;-
Thuringia;DETH013;"Eisenach Werneburgstr.";"urban area";background;0;0;11;16;-;-
Thuringia;DETH018;Nordhausen;"urban area";background;0;8;23;20;-;-
Thuringia;DETH020;"Erfurt Krämpferstr.";"urban area";background;0;0;23;15;-;-
Thuringia;DETH026;Dreißigacker;"rural regional";background;0;0;33;34;18616;17614
Thuringia;DETH027;Neuhaus;"rural secluded";background;0;0;37;37;17830;17845
Thuringia;DETH036;"Greiz Mollbergstr.";"urban area";background;0;0;20;26;-;-
Thuringia;DETH041;"Jena Dammstr.";"urban area";background;0;0;28;29;-;-
Thuringia;DETH042;Possen;"rural secluded";background;0;0;28;29;14807;15537
Thuringia;DETH060;Zella-Mehlis;"urban area";background;-;-;-;10;-;-
Thuringia;DETH061;Hummelshain;"rural secluded";background;0;0;30;38;19002;18594
Thuringia;DETH095;"Mühlhausen Bastmarkt";"urban area";background;0;0;21;18;-;-
Thuringia;DETH117;"Erfurt Bautzener Weg";"suburban area";background;0;0;28;28;17253;17287
UBA;DEUB001;Westerland;"rural area";background;0;0;16;17;9844;10630
UBA;DEUB004;Schauinsland;"rural regional";background;0;15;51;58;25097;26334
UBA;DEUB005;Waldhof;"rural area";background;-;-;33;24;17963;13035
UBA;DEUB028;Zingst;"rural area";background;0;0;12;11;9036;8865
UBA;DEUB029;Schmücke;"rural area";background;0;0;42;46;20588;19389
UBA;DEUB030;Neuglobsow;"rural regional";background;0;0;25;16;13947;11836
UBA;DEUB044;"Zugspitze Schneefernerhaus";"rural secluded";background;-;-;-;-;-;-
UBA;DEUB046;Forellenbach;"rural secluded";background;0;0;44;52;27600;25906

"Source: German Environment Agency, https://www.umweltbundesamt.de/en/data/air/air-data/annual-tabulation (Status: 2021-01-19). All times are given in the time valid at the time of measurement (CET or CEST)."
