﻿"State / Measuring network";"Station code";"Station name";"Station setting";"Station type";"Number of hourly mean values above 240 µg/m³";"Number of hourly mean values above 180 µg/m³";"Number of days with highest daily 8-hour averages above 120 µg/m³";"Number of days with highest daily 8-hour averages above 120 µg/m³, 3-year average";"AOT40* in µg/m³h";"AOT40* in µg/m³h, 5-year average"
Baden-Württemberg;DEBW004;Eggenstein;"rural near town";background;0;16;39;27;24649;16911
Baden-Württemberg;DEBW006;Mannheim-Mitte;"urban area";background;-;-;-;21;-;12473
Baden-Württemberg;DEBW009;Heidelberg;"urban area";background;0;6;31;24;16952;13414
Baden-Württemberg;DEBW010;Wiesloch;"suburban area";background;0;14;42;29;24822;16886
Baden-Württemberg;DEBW013;"Stuttgart-Bad Cannstatt";"urban area";background;0;5;32;24;18450;15276
Baden-Württemberg;DEBW015;Heilbronn;"urban area";background;0;9;35;22;20821;16221
Baden-Württemberg;DEBW019;Ulm;"urban area";background;0;1;35;21;20620;12864
Baden-Württemberg;DEBW023;"Weil am Rhein";"suburban area";background;0;8;39;34;22960;18557
Baden-Württemberg;DEBW024;Ludwigsburg;"suburban area";background;0;14;44;30;25277;17462
Baden-Württemberg;DEBW027;Reutlingen;"urban area";background;0;1;32;23;17086;13854
Baden-Württemberg;DEBW029;Aalen;"suburban area";background;0;2;36;31;21174;19325
Baden-Württemberg;DEBW031;Schwarzwald-Süd;"rural regional";background;0;7;63;58;23072;20031
Baden-Württemberg;DEBW033;Pforzheim;"urban area";background;0;10;33;20;17810;13506
Baden-Württemberg;DEBW038;Friedrichshafen;"urban area";background;0;4;38;34;20832;17547
Baden-Württemberg;DEBW039;Villingen-Schwenningen;"suburban area";background;0;2;47;27;25348;17908
Baden-Württemberg;DEBW042;Bernhausen;"suburban area";background;0;9;36;30;20822;16320
Baden-Württemberg;DEBW046;Biberach;"suburban area";background;0;2;36;23;20211;16974
Baden-Württemberg;DEBW052;Konstanz;"urban area";background;0;7;39;31;19572;17817
Baden-Württemberg;DEBW056;"Schwäbisch Hall";"suburban area";background;0;5;40;29;21506;16510
Baden-Württemberg;DEBW059;Tauberbischofsheim;"suburban area";background;0;3;35;24;21589;17051
Baden-Württemberg;DEBW073;Neuenburg;"suburban area";background;0;4;31;29;18757;17651
Baden-Württemberg;DEBW076;Baden-Baden;"suburban area";background;1;14;39;30;23410;17682
Baden-Württemberg;DEBW081;Karlsruhe-Nordwest;"urban area";background;0;17;44;34;24448;19441
Baden-Württemberg;DEBW084;Freiburg;"urban area";background;0;7;43;33;24260;19755
Baden-Württemberg;DEBW087;"Schwäbische Alb";"rural regional";background;0;1;33;24;20623;17294
Baden-Württemberg;DEBW107;Tübingen;"suburban area";background;0;4;36;25;21132;17124
Baden-Württemberg;DEBW112;Gärtringen;"suburban area";background;0;13;53;33;26708;20367
Baden-Württemberg;DEBW005;Mannheim-Nord;"suburban area";industry;0;6;33;26;20376;16241
Baden-Württemberg;DEBW022;Kehl;"suburban area";industry;1;13;38;27;22477;17907
Bavaria;DEBY002;Arzberg/Egerstraße;"suburban area";background;0;1;26;13;16810;10624
Bavaria;DEBY004;"Kleinwallstadt/Hofstetter Straße";"suburban area";background;0;6;40;24;21121;14336
Bavaria;DEBY005;Aschaffenburg/Bussardweg;"suburban area";background;0;5;35;21;19528;12938
Bavaria;DEBY007;Augsburg/Bourges-Platz;"urban area";background;0;0;32;16;15633;11215
Bavaria;DEBY013;Mehring/Sportplatz;"rural regional";background;0;2;37;24;18848;15465
Bavaria;DEBY020;Hof/LfU;"suburban area";background;0;0;28;18;17333;13277
Bavaria;DEBY026;"Vohburg a.d. Donau/Alter Wöhrer Weg";"suburban area";background;0;4;33;26;19486;18098
Bavaria;DEBY030;"Saal a.d. Donau/Regensburger Straße";"suburban area";background;0;1;17;7.3;10789;7011
Bavaria;DEBY031;"Kempten (Allgäu)/Westendstraße";"suburban area";background;0;0;37;22;20609;14916
Bavaria;DEBY032;Kulmbach/Konrad-Adenauer-Straße;"urban area";background;-;-;-;-;-;8983
Bavaria;DEBY039;München/Lothstraße;"urban area";background;0;2;34;26;16201;14493
Bavaria;DEBY047;"Naila/Selbitzer Berg";"rural near town";background;0;1;31;18;17694;13229
Bavaria;DEBY049;"Neustadt a.d. Donau/Eining";"rural regional";background;0;3;36;29;19526;17258
Bavaria;DEBY052;Neu-Ulm/Gabelsbergerstraße;"urban area";background;0;0;29;25;15452;13286
Bavaria;DEBY058;Nürnberg/Muggenhof;"urban area";background;0;2;27;17;13293;12020
Bavaria;DEBY062;"Regen/Bodenmaiser Straße";"suburban area";background;0;0;30;20;17679;14103
Bavaria;DEBY067;"Schwandorf/Wackersdorfer Straße";"suburban area";background;0;5;48;24;22362;14695
Bavaria;DEBY068;Schweinfurt/Obertor;"urban area";background;0;0;27;14;15107;10115
Bavaria;DEBY072;Tiefenbach/Altenschneeberg;"rural regional";background;0;3;39;26;18031;14323
Bavaria;DEBY075;"Weiden i.d.OPf./Nikolaistraße";"urban area";background;0;0;29;16;16414;10023
Bavaria;DEBY077;Würzburg/Kopfklinik;"suburban area";background;0;6;37;20;21465;12475
Bavaria;DEBY079;"Bad Reichenhall/Kirchholzstraße";"urban area";background;0;0;30;20;12229;10141
Bavaria;DEBY081;Garmisch-Partenkirchen/Kreuzeckbahnstraße;"rural near town";background;-;-;-;-;-;11663
Bavaria;DEBY088;Trostberg/Schwimmbadstraße;"suburban area";background;0;1;41;24;19044;14255
Bavaria;DEBY089;München/Johanneskirchen;"suburban area";background;0;1;38;25;19298;14261
Bavaria;DEBY093;Sulzbach-Rosenberg/Lohe;"suburban area";background;0;1;30;21;17619;14111
Bavaria;DEBY099;Augsburg/LfU;"suburban area";background;0;0;37;23;20912;15203
Bavaria;DEBY109;Andechs/Rothenfeld;"rural regional";background;0;6;51;34;24278;19939
Bavaria;DEBY113;Erlangen/Kraepelinstraße;"suburban area";background;0;8;41;28;22989;16963
Bavaria;DEBY118;Passau/Stelzhamerstraße;"urban area";background;-;-;-;-;-;6031
Bavaria;DEBY122;"Bad Hindelang/Oberjoch";"rural regional";background;0;0;33;20;19914;14216
Bavaria;DEBY123;"Garmisch-Partenkirchen/Am Herrgottschrofen";"rural near town";background;0;0;9;5;9359;7355
Bavaria;DEBY124;"Burgbernheim/Grüne Au";"rural regional";background;0;7;46;30;25783;18143
Bavaria;DEBY187;Oettingen/Goethestraße;"suburban area";background;0;6;36;23;22764;17236
Bavaria;DEBY188;Schwabach/Angerstraße;"urban area";background;0;2;32;21;15067;14506
Bavaria;DEBY189;München/Allach;"suburban area";background;0;2;35;25;21473;18814
Bavaria;DEBY001;Ansbach/Residenzstraße;"urban area";traffic;-;-;-;-;-;4880
Bavaria;DEBY037;München/Stachus;"urban area";traffic;0;0;1;1.3;2229;2697
Bavaria;DEBY053;Nürnberg/Bahnhof;"urban area";traffic;-;-;-;-;-;6279
Bavaria;DEBY063;Regensburg/Rathaus;"urban area";traffic;-;-;-;-;-;2768
Bavaria;DEBY115;"München/Landshuter Allee";"urban area";traffic;0;0;3;1.5;3614;2760
Berlin;DEBE010;"Berlin Wedding";"urban area";background;0;3;25;15;12466;10627
Berlin;DEBE027;"Berlin Marienfelde";"rural near town";background;0;4;26;17;16099;14397
Berlin;DEBE032;"Berlin Grunewald (3.5 m)";"rural near town";background;0;2;21;14;12251;10004
Berlin;DEBE034;"Berlin Neukölln";"urban area";background;0;3;24;15;11822;11357
Berlin;DEBE051;"Berlin Buch";"suburban area";background;0;6;24;17;15501;14038
Berlin;DEBE056;"Berlin Friedrichshagen";"rural near town";background;0;5;31;23;18977;16709
Berlin;DEBE062;"Berlin Frohnau (3.5 m)";"rural near town";background;0;4;21;14;12387;12092
Brandenburg;DEBB007;"Elsterwerda, 1992-2020";"suburban area";background;0;0;21;18;14003;15469
Brandenburg;DEBB021;Potsdam-Zentrum;"urban area";background;0;0;14;14;8048;11183
Brandenburg;DEBB042;"Frankfurt (Oder), 1997-2014";"suburban area";background;-;-;-;13;-;12248
Brandenburg;DEBB048;Neuruppin;"suburban area";background;0;3;14;12;7401;10453
Brandenburg;DEBB053;"Hasenholz (Buckow)";"rural regional";background;0;0;22;15;10463;11575
Brandenburg;DEBB055;"Brandenburg a.d. Havel";"suburban area";background;0;0;14;14;8521;12122
Brandenburg;DEBB063;Wittenberge;"suburban area";background;0;0;17;14;8234;11971
Brandenburg;DEBB064;Cottbus;"urban area";background;0;1;20;16;11051;14145
Brandenburg;DEBB065;"Lütte (Belzig)";"rural regional";background;0;0;19;16;11415;13314
Brandenburg;DEBB066;Spreewald;"rural regional";background;0;0;17;12;11123;13033
Brandenburg;DEBB067;Nauen;"suburban area";background;0;0;17;15;8623;12094
Brandenburg;DEBB075;"Potsdam, Groß Glienicke";"suburban area";background;0;0;18;15;9612;12932
Brandenburg;DEBB082;"Königs Wusterhausen";"suburban area";background;-;-;-;14;-;13412
Brandenburg;DEBB083;Spremberg;"suburban area";background;0;1;23;16;11315;13615
Brandenburg;DEBB086;Blankenfelde-Mahlow;"suburban area";background;0;1;21;19;11761;13087
Brandenburg;DEBB092;"Frankfurt (Oder)";"suburban area";background;0;0;20;16;10390;12124
Brandenburg;DEBB029;"Schwedt (Oder)";"suburban area";industry;0;0;21;13;9416;10168
Brandenburg;DEBB032;Eisenhüttenstadt;"suburban area";industry;0;0;25;16;13452;12836
Bremen;DEHB001;Bremen-Mitte;"urban area";background;0;1;13;12;9440;9573
Bremen;DEHB002;Bremen-Ost;"urban area";background;0;1;9;5;7904;6235
Bremen;DEHB004;Bremen-Nord;"urban area";background;0;1;7;7;6546;7212
Bremen;DEHB005;Bremerhaven-Hansastraße;"urban area";background;0;2;9;7;6146;5011
Bremen;DEHB013;Bremen-Hasenbüren;"rural regional";industry;0;1;12;7;7386;6487
Hamburg;DEHH008;"Hamburg Sternschanze";"urban area";background;0;1;8;5.7;5494;5689
Hamburg;DEHH021;"Hamburg Tatenberg";"suburban area";background;0;0;8;6.3;5880;6418
Hamburg;DEHH033;"Hamburg Flughafen Nord";"urban area";background;0;2;10;9;7486;7512
Hamburg;DEHH047;"Hamburg Bramfeld";"suburban area";background;0;1;10;8.3;5907;6978
Hamburg;DEHH049;"Hamburg Blankenese-Baursberg";"suburban area";background;0;1;9;5.7;5980;6664
Hamburg;DEHH050;"Hamburg Neugraben";"suburban area";background;0;1;10;8;7855;8416
Hesse;DEHE001;Darmstadt;"urban area";background;1;8;32;21;18483;14308
Hesse;DEHE005;Frankfurt-Höchst;"urban area";background;1;3;26;15;15031;9036
Hesse;DEHE008;"Frankfurt Ost";"urban area";background;2;8;30;19;15894;12887
Hesse;DEHE011;Hanau;"urban area";background;1;4;29;28;17814;13873
Hesse;DEHE013;"Kassel Mitte";"urban area";background;0;3;31;19;15726;12915
Hesse;DEHE018;Raunheim;"urban area";background;1;6;32;27;18122;15818
Hesse;DEHE020;Wetzlar;"urban area";background;0;3;14;7.3;10704;6393
Hesse;DEHE022;"Wiesbaden Süd";"urban area";background;2;12;31;22;18535;13962
Hesse;DEHE024;Witzenhausen/Wald;"rural area";background;0;1;38;23;16385;13127
Hesse;DEHE026;Spessart;"rural regional";background;0;5;46;31;22079;16803
Hesse;DEHE028;Fürth/Odenwald;"rural area";background;0;9;50;38;22470;17399
Hesse;DEHE030;Marburg;"urban area";background;0;6;24;21;15732;13377
Hesse;DEHE032;Bebra;"urban area";background;0;3;27;18;16454;12822
Hesse;DEHE039;"Burg Herzberg";"rural area";background;0;7;39;24;18437;12724
Hesse;DEHE042;Linden/Leihgestern;"rural area";background;0;9;29;21;18922;13917
Hesse;DEHE043;Riedstadt;"rural near town";background;1;9;37;25;21693;15824
Hesse;DEHE044;Limburg;"urban area";background;0;6;24;18;13859;12519
Hesse;DEHE045;Michelstadt;"urban area";background;0;6;37;27;21621;16920
Hesse;DEHE046;"Bad Arolsen";"rural area";background;0;0;30;21;14744;13044
Hesse;DEHE050;Zierenberg;"rural area";background;0;0;25;18;12473;10025
Hesse;DEHE051;Wasserkuppe;"rural area";background;0;8;54;46;24587;20256
Hesse;DEHE052;"Kleiner Feldberg";"rural area";background;1;11;44;40;20846;17758
Hesse;DEHE058;Fulda-Mitte;"urban area";background;0;3;23;18;13938;13189
Hesse;DEHE060;Kellerwald;"rural regional";background;1;3;25;13;15090;11436
"Mecklenburg-West Pomerania";DEMV004;Gülzow;"rural area";background;0;1;10;9;7514;10653
"Mecklenburg-West Pomerania";DEMV007;Rostock-Stuthof;"suburban area";background;0;1;10;8.3;5918;7934
"Mecklenburg-West Pomerania";DEMV012;Löcknitz;"rural area";background;0;1;16;17;8069;12503
"Mecklenburg-West Pomerania";DEMV017;Göhlen;"rural area";background;0;4;18;14;9311;11291
"Mecklenburg-West Pomerania";DEMV019;Güstrow;"urban area";background;0;1;9;3.3;6448;7239
"Mecklenburg-West Pomerania";DEMV021;Rostock-Warnemünde;"urban area";background;0;0;4;2.3;4753;5410
"Mecklenburg-West Pomerania";DEMV024;Leizen;"rural area";background;0;0;3;8;3931;9616
"Mecklenburg-West Pomerania";DEMV026;Garz;"rural area";background;0;0;5;5.7;4235;6594
"Mecklenburg-West Pomerania";DEMV003;Neubrandenburg;"urban area";traffic;0;0;3;2.3;2309;3964
"Mecklenburg-West Pomerania";DEMV022;Rostock-Holbeinplatz;"urban area";traffic;0;0;0;0;694;984
"Mecklenburg-West Pomerania";DEMV027;Wolgast-Oberwallstraße;"urban area";traffic;0;0;0;0.5;1534;1534
"Lower Saxony";DENI011;Braunschweig;"suburban area";background;0;2;18;13;11650;10536
"Lower Saxony";DENI016;Oker/Harlingerode;"suburban area";background;0;0;18;13;12564;10942
"Lower Saxony";DENI020;Wolfsburg;"suburban area";background;0;2;18;13;11777;10385
"Lower Saxony";DENI028;Eichsfeld;"suburban area";background;-;-;-;-;-;10143
"Lower Saxony";DENI029;Ostfriesland;"suburban area";background;0;2;14;11;8250;7827
"Lower Saxony";DENI031;Jadebusen;"rural area";background;0;2;9;6;6004;6137
"Lower Saxony";DENI038;Osnabrück;"urban area";background;0;1;15;12;9149;8547
"Lower Saxony";DENI041;Weserbergland;"suburban area";background;0;0;13;9.3;9120;8224
"Lower Saxony";DENI042;Göttingen;"suburban area";background;0;0;24;17;13146;11093
"Lower Saxony";DENI043;Emsland;"suburban area";background;0;4;22;16;13526;10715
"Lower Saxony";DENI051;Wurmberg;"rural area";background;0;2;37;28;16073;15478
"Lower Saxony";DENI052;Allertal;"suburban area";background;0;1;13;10;9485;9521
"Lower Saxony";DENI054;Hannover;"urban area";background;0;0;16;11;9658;8664
"Lower Saxony";DENI058;"Ostfries. Inseln";"rural area";background;0;5;12;8.7;8600;8618
"Lower Saxony";DENI059;Elbmündung;"rural area";background;0;0;8;4;5706;5429
"Lower Saxony";DENI060;Wendland;"rural area";background;0;2;15;12;10829;10958
"Lower Saxony";DENI062;"Lüneburger Heide";"suburban area";background;0;2;15;11;10156;10433
"Lower Saxony";DENI063;"Altes Land";"rural area";background;0;0;10;6;6705;7009
"Lower Saxony";DENI077;Solling-Süd;"rural area";background;0;0;14;8.7;8813;7896
"Lower Saxony";DENI053;Südoldenburg;"suburban area";industry;0;2;14;11;10297;9137
"Lower Saxony";DENI070;Salzgitter-Drütte;"rural area";industry;0;1;16;11;8150;8504
"North Rhine-Westphalia";DENW006;Lünen-Niederaden;"suburban area";background;0;4;21;13;12790;9132
"North Rhine-Westphalia";DENW008;Dortmund-Eving;"urban area";background;0;3;18;9.3;12601;8269
"North Rhine-Westphalia";DENW015;Marl-Sickingmühle;"suburban area";background;0;5;23;16;13134;9913
"North Rhine-Westphalia";DENW030;Wesel-Feldmark;"suburban area";background;0;2;19;14;12143;9694
"North Rhine-Westphalia";DENW038;Mülheim-Styrum;"urban area";background;0;3;18;12;12088;8171
"North Rhine-Westphalia";DENW042;Krefeld-Linn;"urban area";background;1;5;26;16;15527;10298
"North Rhine-Westphalia";DENW053;Köln-Chorweiler;"urban area";background;1;4;20;18;12300;9689
"North Rhine-Westphalia";DENW059;Köln-Rodenkirchen;"suburban area";background;1;4;14;10;10394;7427
"North Rhine-Westphalia";DENW064;"Simmerath (Eifel)";"rural regional";background;0;2;14;10;12382;9460
"North Rhine-Westphalia";DENW065;"Netphen Rothaargebirge";"rural regional";background;0;6;36;26;17177;12592
"North Rhine-Westphalia";DENW067;Bielefeld-Ost;"urban area";background;0;1;12;8.3;9470;7074
"North Rhine-Westphalia";DENW068;Soest-Ost;"rural near town";background;1;2;16;13;11675;8928
"North Rhine-Westphalia";DENW071;Düsseldorf-Lörick;"urban area";background;0;2;20;13;13076;8288
"North Rhine-Westphalia";DENW078;Ratingen-Tiefenbroich;"suburban area";background;0;3;16;11;12242;8252
"North Rhine-Westphalia";DENW079;Leverkusen-Manfort;"suburban area";background;0;4;17;13;10861;8074
"North Rhine-Westphalia";DENW080;Solingen-Wald;"suburban area";background;0;4;27;21;14326;10936
"North Rhine-Westphalia";DENW081;Borken-Gemen;"rural near town";background;0;3;21;15;13484;11041
"North Rhine-Westphalia";DENW094;Aachen-Burtscheid;"urban area";background;0;2;15;13;11291;9889
"North Rhine-Westphalia";DENW095;Münster-Geist;"urban area";background;1;3;17;16;12912;10280
"North Rhine-Westphalia";DENW096;Mönchengladbach-Rheydt;"suburban area";background;0;3;17;12;11755;8624
"North Rhine-Westphalia";DENW114;Wuppertal-Langerfeld;"urban area";background;0;3;17;14;12401;9004
"North Rhine-Westphalia";DENW179;Schwerte;"urban area";background;0;4;23;14;13879;9107
"North Rhine-Westphalia";DENW247;"Essen-Schuir (LANUV)";"suburban area";background;0;4;17;13;9941;7580
"North Rhine-Westphalia";DENW021;Bottrop-Welheim;"urban area";industry;0;4;16;11;11696;8468
"North Rhine-Westphalia";DENW034;Duisburg-Walsum;"urban area";industry;0;4;16;12;11684;8634
"North Rhine-Westphalia";DENW058;Hürth;"suburban area";industry;1;5;15;14;13137;10178
"North Rhine-Westphalia";DENW074;Niederzier;"rural near town";industry;0;8;22;15;14112;10199
Rhineland-Palatinate;DERP001;Ludwigshafen-Oppau;"urban area";background;0;4;31;20;18227;12866
Rhineland-Palatinate;DERP007;Mainz-Mombach;"urban area";background;1;7;29;21;17746;13147
Rhineland-Palatinate;DERP013;Westpfalz-Waldmohr;"rural area";background;0;4;37;26;17717;14189
Rhineland-Palatinate;DERP014;Hunsrück-Leisel;"rural area";background;0;5;42;29;20256;15421
Rhineland-Palatinate;DERP015;"Westeifel Wascheid";"rural area";background;0;2;27;23;12464;12524
Rhineland-Palatinate;DERP016;Westerwald-Herdorf;"rural area";background;0;5;29;21;15134;11181
Rhineland-Palatinate;DERP017;Pfälzerwald-Hortenkopf;"rural area";background;0;5;47;38;20327;16846
Rhineland-Palatinate;DERP019;Kaiserslautern-Rathausplatz;"urban area";background;0;2;25;17;14523;12128
Rhineland-Palatinate;DERP021;Neuwied-Hafenstraße;"urban area";background;0;5;25;16;13131;10183
Rhineland-Palatinate;DERP022;"Bad Kreuznach-Bosenheimer Straße";"urban area";background;0;3;18;12;10496;9015
Rhineland-Palatinate;DERP025;Wörth-Marktplatz;"urban area";background;0;13;37;29;21059;18471
Rhineland-Palatinate;DERP028;Westerwald-Neuhäusel;"rural area";background;0;5;28;28;13541;12990
Rhineland-Palatinate;DERP034;"Pirmasens-Lemberger Straße";"urban area";background;-;-;-;17;-;12193
Rhineland-Palatinate;DERP040;Trier-Universität;"urban area";background;-;-;-;19;-;11489
Rhineland-Palatinate;DERP042;"Pirmasens Schäferstr.";"urban area";background;-;-;-;7;-;11632
Rhineland-Palatinate;DERP053;Speyer-Nord;"suburban area";background;0;10;29;22;17012;15567
Rhineland-Palatinate;DERP060;Pirmasens-Innenstadt;"urban area";background;0;3;20;20;12826;12826
Rhineland-Palatinate;DERP047;Trier-Pfalzel;"suburban area";industry;0;4;24;18;14809;13252
Rhineland-Palatinate;DERP018;Speyer-St.-Guido-Stifts-Platz;"urban area";traffic;-;-;-;-;-;10195
Rhineland-Palatinate;DERP023;Worms-Hagenstraße;"urban area";traffic;0;3;24;15;15547;10711
Rhineland-Palatinate;DERP024;Koblenz-Friedrich-Ebert-Ring;"urban area";traffic;0;5;13;7.3;8175;5847
Rhineland-Palatinate;DERP027;Neustadt-Strohmarkt;"urban area";traffic;-;-;-;10;-;7017
Saarland;DESL002;"Bexbach Schule";"suburban area";background;0;1;30;22;14316;12981
Saarland;DESL011;Saarbrücken-Eschberg;"urban area";background;0;1;27;19;13358;12240
Saarland;DESL012;Saarbrücken-City;"urban area";background;0;1;20;9;10587;8387
Saarland;DESL017;"Völklingen-City Stadionstr.";"urban area";background;0;1;24;14;13829;11335
Saarland;DESL018;Sulzbach;"urban area";background;0;1;23;13;13554;10915
Saarland;DESL019;Biringen;"rural regional";background;0;3;37;27;18142;15007
Saarland;DESL003;"Dillingen City";"urban area";industry;0;1;30;18;14891;12335
Saarland;DESL020;Saarbrücken-Verkehr;"urban area";traffic;0;0;6;2.3;5961;3311
Saxony;DESN001;Annaberg-Buchholz;"urban area";background;0;1;16;11;13458;9107
Saxony;DESN004;Bautzen;"urban area";background;0;1;32;19;17813;13133
Saxony;DESN011;Chemnitz-Mitte;"urban area";background;0;3;35;21;19048;14525
Saxony;DESN045;Zittau-Ost;"suburban area";background;0;0;21;14;14565;13257
Saxony;DESN049;Carlsfeld;"rural secluded";background;0;5;47;30;22955;18730
Saxony;DESN051;Radebeul-Wahnsdorf;"rural near town";background;0;4;33;22;18061;14929
Saxony;DESN052;Zinnwald;"rural regional";background;0;8;42;31;21490;19906
Saxony;DESN053;Fichtelberg;"rural secluded";background;0;10;55;43;26054;22994
Saxony;DESN059;Leipzig-West;"suburban area";background;0;5;27;20;17873;13469
Saxony;DESN074;Schwartenberg;"rural regional";background;0;17;43;35;25049;19121
Saxony;DESN076;Collmberg;"rural secluded";background;0;0;35;27;15931;13316
Saxony;DESN079;Niesky;"rural regional";background;0;3;41;26;21010;18160
Saxony;DESN080;Schkeuditz;"rural near town";background;0;5;28;22;17767;14798
Saxony;DESN081;Plauen-DWD;"suburban area";background;0;1;27;20;16442;12887
Saxony;DESN082;Leipzig-Thekla;"suburban area";background;0;2;19;13;11429;10735
Saxony;DESN092;Dresden-Winckelmannstr.;"urban area";background;0;2;32;21;16518;13988
Saxony;DESN061;Dresden-Nord;"urban area";traffic;0;0;24;12;9956;7770
Saxony-Anhalt;DEST002;Burg;"suburban area";background;0;4;29;22;16801;15543
Saxony-Anhalt;DEST011;Wernigerode/Bahnhof;"urban area";background;0;0;21;14;13224;11648
Saxony-Anhalt;DEST028;Zeitz;"urban area";background;0;4;21;16;13853;13841
Saxony-Anhalt;DEST030;Dessau;"urban area";background;-;-;-;-;-;14654
Saxony-Anhalt;DEST039;Brocken;"rural secluded";background;0;5;34;30;17071;17932
Saxony-Anhalt;DEST044;Halberstadt;"urban area";background;0;1;20;16;13619;12274
Saxony-Anhalt;DEST050;Halle/Nord;"urban area";background;0;4;21;16;14466;12629
Saxony-Anhalt;DEST066;Wittenberg/Bahnstrasse;"urban area";background;0;7;31;24;18956;16716
Saxony-Anhalt;DEST077;Magdeburg/West;"urban area";background;0;3;20;18;13189;12436
Saxony-Anhalt;DEST089;Zartau/Waldstation;"rural regional";background;0;-;-;13;14280;12985
Saxony-Anhalt;DEST098;"Unterharz / Friedrichsbrunn";"rural regional";background;0;2;22;18;13932;13337
Saxony-Anhalt;DEST104;"Domäne Bobbe";"rural area";background;0;4;22;17;14569;12982
Saxony-Anhalt;DEST105;"Stendal Stadtsee";"urban area";background;0;3;22;18;14665;13628
Saxony-Anhalt;DEST106;"Goldene Aue (Roßla)";"rural area";background;0;2;24;17;14556;12434
Saxony-Anhalt;DEST015;Bitterfeld/Wolfen;"suburban area";industry;0;4;27;17;17990;14074
Saxony-Anhalt;DEST090;Leuna;"suburban area";industry;0;4;29;21;18325;15163
Saxony-Anhalt;DEST076;Magdeburg/Damaschkeplatz;"urban area";traffic;-;-;-;1.5;-;2511
Schleswig-Holstein;DESH001;Altendeich;"rural regional";background;0;1;9;5.7;6415;6154
Schleswig-Holstein;DESH006;Schleswig;"suburban area";background;0;0;6;5.3;5899;7605
Schleswig-Holstein;DESH008;Bornhöved;"rural regional";background;0;0;8;7;7464;9075
Schleswig-Holstein;DESH013;Fehmarn;"rural regional";background;0;0;5;3.7;4489;6951
Schleswig-Holstein;DESH014;St.-Peter-Ording;"rural regional";background;0;0;9;5.7;7172;8580
Schleswig-Holstein;DESH015;Itzehoe;"urban area";background;0;1;12;8.3;6426;6624
Schleswig-Holstein;DESH016;Barsbüttel;"suburban area";background;0;1;13;11;7643;7464
Schleswig-Holstein;DESH023;"Lübeck-St. Jürgen";"urban area";background;0;0;13;10;8654;9096
Schleswig-Holstein;DESH033;Kiel-Max-Planck-Str.;"urban area";background;0;0;3;2.3;3724;4706
Schleswig-Holstein;DESH035;"Brunsbüttel-Cuxhavener Straße";"urban area";background;0;1;7;4;3924;4065
Thuringia;DETH005;Saalfeld;"urban area";background;0;1;30;18;18077;13999
Thuringia;DETH009;"Gera Friedericistr.";"urban area";background;0;2;26;18;15682;11674
Thuringia;DETH011;"Altenburg Theaterplatz";"urban area";background;0;1;29;19;16248;12365
Thuringia;DETH013;"Eisenach Werneburgstr.";"urban area";background;0;0;26;15;15443;11266
Thuringia;DETH018;Nordhausen;"urban area";background;0;0;21;13;12447;10094
Thuringia;DETH020;"Erfurt Krämpferstr.";"urban area";background;0;0;21;14;10148;9458
Thuringia;DETH026;Dreißigacker;"rural regional";background;0;1;34;23;18485;15713
Thuringia;DETH027;Neuhaus;"rural secluded";background;0;3;39;28;20353;17145
Thuringia;DETH036;"Greiz Mollbergstr.";"urban area";background;0;2;30;23;20327;15937
Thuringia;DETH040;"Großer Eisenberg";"rural secluded";background;-;-;-;26;-;14449
Thuringia;DETH041;"Jena Dammstr.";"urban area";background;0;3;25;17;15345;11837
Thuringia;DETH042;Possen;"rural secluded";background;0;2;32;22;16874;12013
Thuringia;DETH060;Zella-Mehlis;"urban area";background;0;1;33;22;18861;15258
Thuringia;DETH061;Hummelshain;"rural secluded";background;0;4;33;25;19725;15361
Thuringia;DETH095;"Mühlhausen Bastmarkt";"urban area";background;0;0;21;14;14229;10231
Thuringia;DETH096;"Sömmerda Wielandstr.";"suburban area";background;-;-;-;16;-;13148
UBA;DEUB001;Westerland;"rural area";background;0;0;8;8.3;7021;10747
UBA;DEUB004;Schauinsland;"rural regional";background;1;16;60;48;30512;25296
UBA;DEUB005;Waldhof;"rural area";background;0;1;17;16;13092;13998
UBA;DEUB028;Zingst;"rural area";background;0;0;7;5.7;7032;7857
UBA;DEUB029;Schmücke;"rural area";background;0;6;46;34;21945;18563
UBA;DEUB030;Neuglobsow;"rural regional";background;0;0;-;6.5;9709;10023
UBA;DEUB044;"Zugspitze Schneefernerhaus";"rural secluded";background;0;0;-;0;10333;8781
UBA;DEUB046;Forellenbach;"rural secluded";background;0;2;55;31;26016;19981

"Source: German Environment Agency, https://www.umweltbundesamt.de/en/data/air/air-data/annual-tabulation (Status: 2019-05-22). All times are given in the time valid at the time of measurement (CET or CEST)."
