﻿"State / Measuring network";"Station code";"Station name";"Station setting";"Station type";"Number of hourly mean values above 240 µg/m³";"Number of hourly mean values above 180 µg/m³";"Number of days with highest daily 8-hour averages above 120 µg/m³";"Number of days with highest daily 8-hour averages above 120 µg/m³, 3-year average";"AOT40* in µg/m³h";"AOT40* in µg/m³h, 5-year average"
Baden-Württemberg;DEBW004;Eggenstein;"rural near town";background;0;1;28;38;14669;17958
Baden-Württemberg;DEBW009;Heidelberg;"urban area";background;0;0;28;32;-;-
Baden-Württemberg;DEBW010;Wiesloch;"suburban area";background;0;0;26;40;12690;18111
Baden-Württemberg;DEBW013;"Stuttgart-Bad Cannstatt";"urban area";background;0;1;36;38;-;-
Baden-Württemberg;DEBW015;Heilbronn;"urban area";background;0;0;24;32;-;-
Baden-Württemberg;DEBW019;Ulm;"urban area";background;0;1;15;23;-;-
Baden-Württemberg;DEBW023;"Weil am Rhein";"suburban area";background;0;0;41;46;17922;21910
Baden-Württemberg;DEBW024;Ludwigsburg;"suburban area";background;0;1;33;38;16574;19115
Baden-Württemberg;DEBW027;Reutlingen;"urban area";background;0;0;17;22;-;-
Baden-Württemberg;DEBW029;Aalen;"suburban area";background;0;0;24;34;16651;20056
Baden-Württemberg;DEBW031;Schwarzwald-Süd;"rural regional";background;0;0;49;65;14489;21714
Baden-Württemberg;DEBW033;Pforzheim;"urban area";background;0;0;29;25;-;-
Baden-Württemberg;DEBW038;Friedrichshafen;"urban area";background;0;0;23;31;-;-
Baden-Württemberg;DEBW039;Villingen-Schwenningen;"suburban area";background;0;0;23;32;13319;18879
Baden-Württemberg;DEBW042;Bernhausen;"suburban area";background;0;0;25;35;14171;18206
Baden-Württemberg;DEBW046;Biberach;"suburban area";background;0;0;19;25;13793;16324
Baden-Württemberg;DEBW052;Konstanz;"urban area";background;0;0;36;36;-;-
Baden-Württemberg;DEBW059;Tauberbischofsheim;"suburban area";background;0;0;24;29;14296;17144
Baden-Württemberg;DEBW073;Neuenburg;"suburban area";background;0;3;54;42;20993;18647
Baden-Württemberg;DEBW076;Baden-Baden;"suburban area";background;0;11;43;42;21530;20334
Baden-Württemberg;DEBW081;Karlsruhe-Nordwest;"urban area";background;0;5;36;42;-;-
Baden-Württemberg;DEBW084;Freiburg;"urban area";background;0;0;36;43;-;-
Baden-Württemberg;DEBW087;"Schwäbische Alb";"rural regional";background;0;0;33;30;17409;18810
Baden-Württemberg;DEBW107;Tübingen;"suburban area";background;0;0;27;30;15626;18075
Baden-Württemberg;DEBW112;Gärtringen;"suburban area";background;0;0;30;42;14616;21061
Baden-Württemberg;DEBW005;Mannheim-Nord;"suburban area";industry;0;9;32;39;16074;18943
Baden-Württemberg;DEBW022;Kehl;"suburban area";industry;0;3;35;33;16857;17342
Bavaria;DEBY002;Arzberg/Egerstraße;"suburban area";background;0;0;6;16;8437;13714
Bavaria;DEBY004;"Kleinwallstadt/Hofstetter Straße";"suburban area";background;0;0;24;30;11847;16213
Bavaria;DEBY005;Aschaffenburg/Bussardweg;"suburban area";background;0;0;18;27;10406;14106
Bavaria;DEBY007;Augsburg/Bourges-Platz;"urban area";background;0;0;16;25;-;-
Bavaria;DEBY012;"Burghausen/Marktler Straße";"suburban area";background;0;0;10;21;9566;16371
Bavaria;DEBY013;Mehring/Sportplatz;"rural regional";background;0;0;18;34;11424;19170
Bavaria;DEBY020;Hof/LfU;"suburban area";background;0;0;10;24;7225;14420
Bavaria;DEBY026;"Vohburg a.d. Donau/Alter Wöhrer Weg";"suburban area";background;0;0;18;28;12259;18068
Bavaria;DEBY030;"Saal a.d. Donau/Regensburger Straße";"suburban area";background;0;0;9;18;9687;14198
Bavaria;DEBY031;"Kempten (Allgäu)/Westendstraße";"suburban area";background;0;0;16;28;11643;17164
Bavaria;DEBY039;München/Lothstraße;"urban area";background;0;0;25;33;-;-
Bavaria;DEBY047;"Naila/Selbitzer Berg";"rural near town";background;0;0;12;24;8225;14056
Bavaria;DEBY049;"Neustadt a.d. Donau/Eining";"rural regional";background;0;0;21;34;13881;20095
Bavaria;DEBY052;Neu-Ulm/Gabelsbergerstraße;"urban area";background;0;1;22;32;-;-
Bavaria;DEBY058;Nürnberg/Muggenhof;"urban area";background;0;0;7;12;-;-
Bavaria;DEBY062;"Regen/Bodenmaiser Straße";"suburban area";background;0;0;7;19;7971;15917
Bavaria;DEBY067;"Schwandorf/Wackersdorfer Straße";"suburban area";background;0;0;10;18;10699;14898
Bavaria;DEBY068;Schweinfurt/Obertor;"urban area";background;0;0;9;15;-;-
Bavaria;DEBY072;Tiefenbach/Altenschneeberg;"rural regional";background;0;0;16;32;9657;18909
Bavaria;DEBY075;"Weiden i.d.OPf./Nikolaistraße";"urban area";background;0;0;3;18;-;-
Bavaria;DEBY077;Würzburg/Kopfklinik;"suburban area";background;0;0;13;21;9998;13513
Bavaria;DEBY079;"Bad Reichenhall/Kirchholzstraße";"urban area";background;0;0;7;17;-;-
Bavaria;DEBY088;Trostberg/Schwimmbadstraße;"suburban area";background;0;0;11;28;10269;17174
Bavaria;DEBY089;München/Johanneskirchen;"suburban area";background;0;0;17;28;12344;17589
Bavaria;DEBY093;Sulzbach-Rosenberg/Lohe;"suburban area";background;0;0;8;23;10270;16812
Bavaria;DEBY099;Augsburg/LfU;"suburban area";background;0;0;23;36;13401;19724
Bavaria;DEBY109;Andechs/Rothenfeld;"rural regional";background;0;0;19;34;12331;19101
Bavaria;DEBY113;Erlangen/Kraepelinstraße;"suburban area";background;0;0;16;30;10932;18086
Bavaria;DEBY122;"Bad Hindelang/Oberjoch";"rural regional";background;0;0;10;17;9377;13930
Bavaria;DEBY124;"Burgbernheim/Grüne Au";"rural regional";background;0;0;24;38;13409;19824
Bavaria;DEBY187;Oettingen/Goethestraße;"suburban area";background;0;0;17;30;12351;18010
Bavaria;DEBY188;Schwabach/Angerstraße;"urban area";background;0;0;9;22;-;-
Bavaria;DEBY189;München/Allach;"suburban area";background;0;0;25;38;14433;18764
Bavaria;DEBY196;Garmisch-Partenkirchen/Wasserwerk;"rural near town";background;0;0;7;13;7568;12233
Berlin;DEBE010;"Berlin Wedding";"urban area";background;0;0;12;19;-;-
Berlin;DEBE027;"Berlin Marienfelde";"rural near town";background;0;0;20;31;8971;16068
Berlin;DEBE032;"Berlin Grunewald (3.5 m)";"rural near town";background;0;0;16;26;5989;13025
Berlin;DEBE034;"Berlin Neukölln";"urban area";background;0;0;12;23;-;-
Berlin;DEBE051;"Berlin Buch";"suburban area";background;0;0;10;15;4907;11247
Berlin;DEBE056;"Berlin Friedrichshagen";"rural near town";background;0;0;20;30;9955;16066
Berlin;DEBE062;"Berlin Frohnau (3.5 m)";"rural near town";background;0;1;17;24;7719;12888
Berlin;DEBE065;"Berlin Frankfurter Allee";"urban area";traffic;0;0;3;4;-;-
Brandenburg;DEBB007;"Elsterwerda, 1992-2020";"suburban area";background;0;0;27;32;11660;16567
Brandenburg;DEBB021;Potsdam-Zentrum;"urban area";background;0;0;23;22;-;-
Brandenburg;DEBB048;Neuruppin;"suburban area";background;0;0;10;16;5459;10063
Brandenburg;DEBB053;"Hasenholz (Buckow)";"rural regional";background;0;0;12;20;6477;12447
Brandenburg;DEBB055;"Brandenburg a.d. Havel";"suburban area";background;0;0;13;18;7274;12289
Brandenburg;DEBB063;Wittenberge;"suburban area";background;0;0;20;27;8801;12779
Brandenburg;DEBB064;Cottbus;"urban area";background;0;0;12;26;-;-
Brandenburg;DEBB065;"Lütte (Belzig)";"rural regional";background;0;0;18;32;9350;16005
Brandenburg;DEBB066;Spreewald;"rural regional";background;0;0;8;23;6925;13837
Brandenburg;DEBB067;Nauen;"suburban area";background;0;0;18;23;7411;13005
Brandenburg;DEBB075;"Potsdam, Groß Glienicke";"suburban area";background;0;0;19;21;9370;13393
Brandenburg;DEBB083;Spremberg;"suburban area";background;0;0;12;24;9485;15348
Brandenburg;DEBB086;Blankenfelde-Mahlow;"suburban area";background;0;0;17;26;8847;14566
Brandenburg;DEBB092;"Frankfurt (Oder)";"suburban area";background;0;0;12;24;10337;15142
Brandenburg;DEBB109;Luckenwalde;"urban area";background;0;0;9;9;-;-
Brandenburg;DEBB029;"Schwedt (Oder)";"suburban area";industry;0;0;10;18;7331;11086
Brandenburg;DEBB032;Eisenhüttenstadt;"suburban area";industry;0;0;13;25;10640;16262
Bremen;DEHB001;Bremen-Mitte;"urban area";background;0;0;13;18;-;-
Bremen;DEHB002;Bremen-Ost;"urban area";background;0;0;10;14;-;-
Bremen;DEHB004;Bremen-Nord;"urban area";background;0;0;10;16;-;-
Bremen;DEHB005;Bremerhaven-Hansastraße;"urban area";background;0;0;3;14;-;-
Bremen;DEHB013;Bremen-Hasenbüren;"rural regional";industry;0;0;8;15;4881;8843
Hamburg;DEHH008;"Hamburg Sternschanze";"urban area";background;0;0;8;12;-;-
Hamburg;DEHH033;"Hamburg Flughafen Nord";"urban area";background;-;-;-;17;-;-
Hamburg;DEHH047;"Hamburg Bramfeld";"suburban area";background;0;0;8;20;5143;8775
Hamburg;DEHH050;"Hamburg Neugraben";"suburban area";background;0;0;10;18;4849;9583
Hesse;DEHE001;Darmstadt;"urban area";background;0;2;23;29;-;-
Hesse;DEHE005;Frankfurt-Höchst;"urban area";background;0;0;10;17;-;-
Hesse;DEHE008;"Frankfurt Ost";"urban area";background;0;0;16;18;-;-
Hesse;DEHE011;Hanau;"urban area";background;0;0;23;36;-;-
Hesse;DEHE013;"Kassel Mitte";"urban area";background;0;0;10;24;-;-
Hesse;DEHE018;Raunheim;"urban area";background;0;1;26;35;-;-
Hesse;DEHE020;Wetzlar;"urban area";background;0;0;6;7.3;-;-
Hesse;DEHE022;"Wiesbaden Süd";"urban area";background;0;1;28;33;-;-
Hesse;DEHE024;Witzenhausen/Wald;"rural area";background;0;0;33;43;10821;15603
Hesse;DEHE026;Spessart;"rural regional";background;0;0;38;52;12195;17482
Hesse;DEHE028;Fürth/Odenwald;"rural area";background;0;1;39;50;11456;16924
Hesse;DEHE030;Marburg;"urban area";background;0;1;14;23;-;-
Hesse;DEHE032;Bebra;"urban area";background;0;0;11;24;-;-
Hesse;DEHE039;"Burg Herzberg";"rural area";background;0;0;38;46;13247;17156
Hesse;DEHE042;Linden/Leihgestern;"rural area";background;0;0;36;38;16355;16653
Hesse;DEHE043;Riedstadt;"rural near town";background;0;5;30;33;14664;18069
Hesse;DEHE044;Limburg;"urban area";background;0;0;17;24;-;-
Hesse;DEHE045;Michelstadt;"urban area";background;0;0;22;30;-;-
Hesse;DEHE046;"Bad Arolsen";"rural area";background;0;1;33;38;13311;14979
Hesse;DEHE050;Zierenberg;"rural area";background;0;0;20;27;6874;12158
Hesse;DEHE051;Wasserkuppe;"rural area";background;0;0;41;62;12727;20845
Hesse;DEHE052;"Kleiner Feldberg";"rural area";background;0;3;40;56;12115;21042
Hesse;DEHE060;Kellerwald;"rural regional";background;0;0;22;30;11507;14758
Hesse;DEHE134;"Fulda Zentral";"urban area";background;0;0;11;23;-;-
"Mecklenburg-West Pomerania";DEMV004;Gülzow;"rural area";background;0;0;6;14;4957;9600
"Mecklenburg-West Pomerania";DEMV007;Rostock-Stuthof;"suburban area";background;0;0;3;8;2964;6892
"Mecklenburg-West Pomerania";DEMV012;Löcknitz;"rural area";background;0;0;4;12;5471;10670
"Mecklenburg-West Pomerania";DEMV017;Göhlen;"rural area";background;0;0;13;23;6176;11902
"Mecklenburg-West Pomerania";DEMV019;Güstrow;"urban area";background;0;0;5;11;-;-
"Mecklenburg-West Pomerania";DEMV021;Rostock-Warnemünde;"urban area";background;0;0;1;6.7;-;-
"Mecklenburg-West Pomerania";DEMV024;Leizen;"rural area";background;0;0;12;20;5064;10381
"Mecklenburg-West Pomerania";DEMV026;Garz;"rural area";background;0;0;7;13;3174;8120
"Mecklenburg-West Pomerania";DEMV022;Rostock-Holbeinplatz;"urban area";traffic;0;0;0;1;-;-
"Lower Saxony";DENI011;Braunschweig;"suburban area";background;0;0;13;26;6657;12096
"Lower Saxony";DENI016;Oker/Harlingerode;"suburban area";background;0;0;12;25;7038;12755
"Lower Saxony";DENI020;Wolfsburg;"suburban area";background;0;0;15;27;7069;12263
"Lower Saxony";DENI029;Ostfriesland;"suburban area";background;0;0;10;20;5729;10443
"Lower Saxony";DENI031;Jadebusen;"rural area";background;0;0;9;13;4689;7834
"Lower Saxony";DENI038;Osnabrück;"urban area";background;0;0;19;30;-;-
"Lower Saxony";DENI041;Weserbergland;"suburban area";background;0;0;7;15;4684;9578
"Lower Saxony";DENI042;Göttingen;"suburban area";background;0;0;11;26;6982;13248
"Lower Saxony";DENI043;Emsland;"suburban area";background;0;0;20;29;9822;13452
"Lower Saxony";DENI051;Wurmberg;"rural area";background;0;0;28;47;9197;16537
"Lower Saxony";DENI052;Allertal;"suburban area";background;0;0;11;25;5460;12046
"Lower Saxony";DENI054;Hannover;"urban area";background;0;0;11;24;-;-
"Lower Saxony";DENI058;"Ostfries. Inseln";"rural area";background;0;0;10;13;6112;9270
"Lower Saxony";DENI059;Elbmündung;"rural area";background;0;0;8;9.3;4570;6601
"Lower Saxony";DENI060;Wendland;"rural area";background;0;0;16;24;6348;11791
"Lower Saxony";DENI062;"Lüneburger Heide";"suburban area";background;0;0;13;24;6795;11151
"Lower Saxony";DENI063;"Altes Land";"rural area";background;0;0;8;13;5797;8578
"Lower Saxony";DENI077;Solling-Süd;"rural area";background;0;0;9;21;4652;10178
"Lower Saxony";DENI053;Südoldenburg;"suburban area";industry;0;0;14;22;6931;11516
"Lower Saxony";DENI070;Salzgitter-Drütte;"rural area";industry;0;0;12;21;6742;10271
"North Rhine-Westphalia";DENW006;Lünen-Niederaden;"suburban area";background;0;0;19;27;8857;13558
"North Rhine-Westphalia";DENW008;Dortmund-Eving;"urban area";background;0;4;20;28;-;-
"North Rhine-Westphalia";DENW015;Marl-Sickingmühle;"suburban area";background;0;0;19;28;9442;14135
"North Rhine-Westphalia";DENW030;Wesel-Feldmark;"suburban area";background;-;-;-;33;-;16038
"North Rhine-Westphalia";DENW038;Mülheim-Styrum;"urban area";background;0;14;20;26;-;-
"North Rhine-Westphalia";DENW042;Krefeld-Linn;"urban area";background;0;19;23;28;-;-
"North Rhine-Westphalia";DENW053;Köln-Chorweiler;"urban area";background;0;7;23;31;-;-
"North Rhine-Westphalia";DENW059;Köln-Rodenkirchen;"suburban area";background;0;3;19;23;8301;10964
"North Rhine-Westphalia";DENW064;"Simmerath (Eifel)";"rural regional";background;0;3;25;31;10306;12648
"North Rhine-Westphalia";DENW065;"Netphen Rothaargebirge";"rural regional";background;0;1;29;41;11194;16297
"North Rhine-Westphalia";DENW067;Bielefeld-Ost;"urban area";background;0;0;11;17;-;-
"North Rhine-Westphalia";DENW068;Soest-Ost;"rural near town";background;0;5;17;21;8038;11592
"North Rhine-Westphalia";DENW071;Düsseldorf-Lörick;"urban area";background;0;12;19;25;-;-
"North Rhine-Westphalia";DENW078;Ratingen-Tiefenbroich;"suburban area";background;0;13;19;24;8634;12334
"North Rhine-Westphalia";DENW079;Leverkusen-Manfort;"suburban area";background;0;8;19;23;9439;11660
"North Rhine-Westphalia";DENW080;Solingen-Wald;"suburban area";background;0;10;23;31;12084;14912
"North Rhine-Westphalia";DENW081;Borken-Gemen;"rural near town";background;0;1;23;29;11153;14404
"North Rhine-Westphalia";DENW094;Aachen-Burtscheid;"urban area";background;0;7;24;29;-;-
"North Rhine-Westphalia";DENW095;Münster-Geist;"urban area";background;0;0;18;30;-;-
"North Rhine-Westphalia";DENW096;Mönchengladbach-Rheydt;"suburban area";background;0;19;22;29;10048;12422
"North Rhine-Westphalia";DENW114;Wuppertal-Langerfeld;"urban area";background;0;10;19;25;-;-
"North Rhine-Westphalia";DENW179;Schwerte;"urban area";background;0;8;18;27;-;-
"North Rhine-Westphalia";DENW247;"Essen-Schuir (LANUV)";"suburban area";background;0;16;21;29;8716;11907
"North Rhine-Westphalia";DENW021;Bottrop-Welheim;"urban area";industry;0;12;18;24;-;-
"North Rhine-Westphalia";DENW034;Duisburg-Walsum;"urban area";industry;0;12;24;28;-;-
"North Rhine-Westphalia";DENW058;Hürth;"suburban area";industry;0;9;25;32;10754;14261
"North Rhine-Westphalia";DENW074;Niederzier;"rural near town";industry;0;8;20;29;9885;13959
Rhineland-Palatinate;DERP001;Ludwigshafen-Oppau;"urban area";background;0;0;16;24;-;-
Rhineland-Palatinate;DERP007;Mainz-Mombach;"urban area";background;0;0;24;25;-;-
Rhineland-Palatinate;DERP013;Westpfalz-Waldmohr;"rural area";background;0;0;27;33;11561;15185
Rhineland-Palatinate;DERP014;Hunsrück-Leisel;"rural area";background;0;0;26;37;11221;16246
Rhineland-Palatinate;DERP015;"Westeifel Wascheid";"rural area";background;0;3;24;30;9591;13753
Rhineland-Palatinate;DERP016;Westerwald-Herdorf;"rural area";background;0;0;25;29;9558;13126
Rhineland-Palatinate;DERP017;Pfälzerwald-Hortenkopf;"rural area";background;0;0;27;42;10175;15172
Rhineland-Palatinate;DERP019;Kaiserslautern-Rathausplatz;"urban area";background;0;0;15;22;-;-
Rhineland-Palatinate;DERP021;Neuwied-Hafenstraße;"urban area";background;0;0;16;23;-;-
Rhineland-Palatinate;DERP022;"Bad Kreuznach-Bosenheimer Straße";"urban area";background;0;0;11;19;-;-
Rhineland-Palatinate;DERP025;Wörth-Marktplatz;"urban area";background;0;2;23;35;-;-
Rhineland-Palatinate;DERP028;Westerwald-Neuhäusel;"rural area";background;0;1;29;41;11860;16286
Rhineland-Palatinate;DERP053;Speyer-Nord;"suburban area";background;0;0;16;26;10378;14707
Rhineland-Palatinate;DERP060;Pirmasens-Innenstadt;"urban area";background;0;0;4;11;-;-
Rhineland-Palatinate;DERP047;Trier-Pfalzel;"suburban area";industry;0;0;9;18;7113;11022
Rhineland-Palatinate;DERP023;Worms-Hagenstraße;"urban area";traffic;0;0;13;19;-;-
Rhineland-Palatinate;DERP024;Koblenz-Friedrich-Ebert-Ring;"urban area";traffic;0;0;8;12;-;-
Saarland;DESL002;"Bexbach Schule";"suburban area";background;0;0;24;29;12486;15885
Saarland;DESL011;Saarbrücken-Eschberg;"urban area";background;0;0;22;25;-;-
Saarland;DESL012;Saarbrücken-City;"urban area";background;0;0;2;10;-;-
Saarland;DESL017;"Völklingen-City Stadionstr.";"urban area";background;0;0;23;18;-;-
Saarland;DESL019;Biringen;"rural regional";background;0;0;31;32;12418;13828
Saarland;DESL003;"Dillingen City";"urban area";industry;0;0;22;21;-;-
Saarland;DESL020;Saarbrücken-Verkehr;"urban area";traffic;-;-;-;3;-;-
Saxony;DESN001;Annaberg-Buchholz;"urban area";background;0;0;4;9;-;-
Saxony;DESN004;Bautzen;"urban area";background;0;0;7;21;-;-
Saxony;DESN045;Zittau-Ost;"suburban area";background;0;0;6;16;7043;13421
Saxony;DESN049;Carlsfeld;"rural secluded";background;0;0;12;32;9827;17463
Saxony;DESN051;Radebeul-Wahnsdorf;"rural near town";background;0;0;18;24;10367;15410
Saxony;DESN052;Zinnwald;"rural regional";background;0;0;23;44;10161;19695
Saxony;DESN053;Fichtelberg;"rural secluded";background;-;-;-;80;-;22541
Saxony;DESN059;Leipzig-West;"suburban area";background;0;0;15;26;8413;14126
Saxony;DESN074;Schwartenberg;"rural regional";background;0;1;22;41;8662;17675
Saxony;DESN076;Collmberg;"rural secluded";background;0;0;15;31;8551;14382
Saxony;DESN079;Niesky;"rural regional";background;0;0;11;23;9088;15543
Saxony;DESN080;Schkeuditz;"rural near town";background;0;0;19;33;9015;16310
Saxony;DESN081;Plauen-DWD;"suburban area";background;-;-;3;24;-;15010
Saxony;DESN082;Leipzig-Thekla;"suburban area";background;-;-;2;20;-;11400
Saxony;DESN092;Dresden-Winckelmannstr.;"urban area";background;0;0;10;24;-;-
Saxony;DESN093;Brockau;"rural regional";background;-;-;9;-;-;-
Saxony;DESN104;"Chemnitz Hans-Link-Straße";"urban area";background;0;0;8;25;-;-
Saxony;DESN061;Dresden-Nord;"urban area";traffic;0;0;3;11;-;-
Saxony-Anhalt;DEST002;Burg;"suburban area";background;0;0;18;30;7917;15165
Saxony-Anhalt;DEST011;Wernigerode/Bahnhof;"urban area";background;0;0;13;23;-;-
Saxony-Anhalt;DEST028;Zeitz;"urban area";background;0;0;15;25;-;-
Saxony-Anhalt;DEST039;Brocken;"rural secluded";background;0;0;31;47;11015;18376
Saxony-Anhalt;DEST044;Halberstadt;"urban area";background;0;0;3;21;-;-
Saxony-Anhalt;DEST050;Halle/Nord;"urban area";background;0;0;7;22;-;-
Saxony-Anhalt;DEST066;Wittenberg/Bahnstrasse;"urban area";background;0;0;15;30;-;-
Saxony-Anhalt;DEST077;Magdeburg/West;"urban area";background;0;0;11;25;-;-
Saxony-Anhalt;DEST089;Zartau/Waldstation;"rural regional";background;-;1;6;22;6579;9927
Saxony-Anhalt;DEST098;"Unterharz / Friedrichsbrunn";"rural regional";background;0;0;19;34;9728;15001
Saxony-Anhalt;DEST104;"Domäne Bobbe";"rural area";background;0;0;19;31;9022;15910
Saxony-Anhalt;DEST105;"Stendal Stadtsee";"urban area";background;0;0;15;25;-;-
Saxony-Anhalt;DEST106;"Goldene Aue (Roßla)";"rural area";background;0;0;15;28;7719;12736
Saxony-Anhalt;DEST015;Bitterfeld/Wolfen;"suburban area";industry;0;0;13;29;9331;15864
Saxony-Anhalt;DEST090;Leuna;"suburban area";industry;0;0;12;28;9967;15559
Saxony-Anhalt;DEST133;Halle/Riebeckplatz;"urban area";traffic;0;0;4;4;-;-
Schleswig-Holstein;DESH001;Altendeich;"rural regional";background;0;0;5;9.3;2919;6882
Schleswig-Holstein;DESH008;Bornhöved;"rural regional";background;0;0;13;18;5048;9587
Schleswig-Holstein;DESH016;Barsbüttel;"suburban area";background;0;0;13;20;5608;10470
Schleswig-Holstein;DESH023;"Lübeck-St. Jürgen";"urban area";background;0;0;11;16;-;-
Schleswig-Holstein;DESH035;"Brunsbüttel-Cuxhavener Straße";"urban area";background;0;0;7;9;-;-
Schleswig-Holstein;DESH056;Eggebek;"rural regional";background;0;0;9;10;3959;7194
Schleswig-Holstein;DESH057;Kiel-Bremerskamp;"urban area";background;0;0;6;8;-;-
Schleswig-Holstein;DESH058;Lauenburg-Murjahnstraße;"urban area";background;0;0;11;15;-;-
Thuringia;DETH005;Saalfeld;"urban area";background;0;0;12;22;-;-
Thuringia;DETH009;"Gera Friedericistr.";"urban area";background;0;0;9;20;-;-
Thuringia;DETH011;"Altenburg Theaterplatz";"urban area";background;0;0;11;24;-;-
Thuringia;DETH013;"Eisenach Werneburgstr.";"urban area";background;0;0;8;16;-;-
Thuringia;DETH018;Nordhausen;"urban area";background;0;0;14;23;-;-
Thuringia;DETH020;"Erfurt Krämpferstr.";"urban area";background;0;0;10;17;-;-
Thuringia;DETH026;Dreißigacker;"rural regional";background;0;0;16;33;9468;15811
Thuringia;DETH027;Neuhaus;"rural secluded";background;0;0;15;37;8660;15506
Thuringia;DETH036;"Greiz Mollbergstr.";"urban area";background;0;0;12;26;-;-
Thuringia;DETH041;"Jena Dammstr.";"urban area";background;0;0;11;23;-;-
Thuringia;DETH042;Possen;"rural secluded";background;0;0;16;31;7277;13618
Thuringia;DETH061;Hummelshain;"rural secluded";background;0;0;16;31;10227;16219
Thuringia;DETH095;"Mühlhausen Bastmarkt";"urban area";background;0;0;10;20;-;-
Thuringia;DETH117;"Erfurt Bautzener Weg";"suburban area";background;0;0;11;27;8231;15023
UBA;DEUB001;Westerland;"rural area";background;0;0;7;14;5826;10331
UBA;DEUB004;Schauinsland;"rural regional";background;0;0;30;56;10980;22427
UBA;DEUB005;Waldhof;"rural area";background;0;0;23;30;9604;12163
UBA;DEUB028;Zingst;"rural area";background;0;0;7;13;6161;8691
UBA;DEUB029;Schmücke;"rural area";background;0;0;23;46;9650;16930
UBA;DEUB030;Neuglobsow;"rural regional";background;0;0;8;18;6517;11197
UBA;DEUB046;Forellenbach;"rural secluded";background;-;-;24;58;14983;23700

"Source: German Environment Agency, https://www.umweltbundesamt.de/en/data/air/air-data/annual-tabulation (Status: 2021-09-06). All times are given in the time valid at the time of measurement (CET or CEST)."
