﻿"State / Measuring network";"Station code";"Station name";"Station setting";"Station type";"Number of hourly mean values above 240 µg/m³";"Number of hourly mean values above 180 µg/m³";"Number of days with highest daily 8-hour averages above 120 µg/m³";"Number of days with highest daily 8-hour averages above 120 µg/m³, 3-year average";"AOT40* in µg/m³h";"AOT40* in µg/m³h, 5-year average"
Baden-Württemberg;DEBW004;Eggenstein;"rural near town";background;0;3;21;27;11335;16360
Baden-Württemberg;DEBW006;Mannheim-Mitte;"urban area";background;-;-;-;-;-;12912
Baden-Württemberg;DEBW009;Heidelberg;"urban area";background;0;0;15;24;9727;13433
Baden-Württemberg;DEBW010;Wiesloch;"suburban area";background;0;1;27;32;12626;16824
Baden-Württemberg;DEBW013;"Stuttgart-Bad Cannstatt";"urban area";background;0;1;18;25;11083;15329
Baden-Württemberg;DEBW015;Heilbronn;"urban area";background;0;2;19;23;12590;16102
Baden-Württemberg;DEBW019;Ulm;"urban area";background;0;1;17;23;11087;13876
Baden-Württemberg;DEBW023;"Weil am Rhein";"suburban area";background;0;0;28;32;14041;17958
Baden-Württemberg;DEBW024;Ludwigsburg;"suburban area";background;0;1;28;30;13538;18371
Baden-Württemberg;DEBW027;Reutlingen;"urban area";background;0;1;7;18;7560;13532
Baden-Württemberg;DEBW029;Aalen;"suburban area";background;0;0;24;30;14274;18848
Baden-Württemberg;DEBW031;Schwarzwald-Süd;"rural regional";background;0;0;40;55;13104;19963
Baden-Württemberg;DEBW033;Pforzheim;"urban area";background;0;1;15;20;10674;13944
Baden-Württemberg;DEBW038;Friedrichshafen;"urban area";background;0;0;15;26;11473;17020
Baden-Württemberg;DEBW039;Villingen-Schwenningen;"suburban area";background;0;0;19;27;13047;17959
Baden-Württemberg;DEBW042;Bernhausen;"suburban area";background;0;1;23;31;12590;17129
Baden-Württemberg;DEBW046;Biberach;"suburban area";background;0;0;15;23;12016;15831
Baden-Württemberg;DEBW052;Konstanz;"urban area";background;0;0;21;28;14448;17327
Baden-Württemberg;DEBW056;"Schwäbisch Hall";"suburban area";background;0;2;33;32;16579;16798
Baden-Württemberg;DEBW059;Tauberbischofsheim;"suburban area";background;0;0;26;29;13197;16813
Baden-Württemberg;DEBW073;Neuenburg;"suburban area";background;0;2;30;29;14132;16874
Baden-Württemberg;DEBW076;Baden-Baden;"suburban area";background;0;4;28;30;13395;17145
Baden-Württemberg;DEBW081;Karlsruhe-Nordwest;"urban area";background;0;0;29;34;12420;18446
Baden-Württemberg;DEBW084;Freiburg;"urban area";background;0;0;27;33;13109;18426
Baden-Württemberg;DEBW087;"Schwäbische Alb";"rural regional";background;0;0;25;25;13256;17874
Baden-Württemberg;DEBW107;Tübingen;"suburban area";background;0;1;16;24;10991;16679
Baden-Württemberg;DEBW112;Gärtringen;"suburban area";background;0;0;32;35;14239;19846
Baden-Württemberg;DEBW005;Mannheim-Nord;"suburban area";industry;0;4;28;27;13557;16211
Baden-Württemberg;DEBW022;Kehl;"suburban area";industry;0;0;18;27;11390;17129
Bavaria;DEBY002;Arzberg/Egerstraße;"suburban area";background;0;0;11;13;11038;11199
Bavaria;DEBY004;"Kleinwallstadt/Hofstetter Straße";"suburban area";background;0;0;22;28;10997;14479
Bavaria;DEBY005;Aschaffenburg/Bussardweg;"suburban area";background;0;0;13;21;9895;12733
Bavaria;DEBY007;Augsburg/Bourges-Platz;"urban area";background;0;0;3;14;6646;10301
Bavaria;DEBY013;Mehring/Sportplatz;"rural regional";background;0;0;8;17;11192;14611
Bavaria;DEBY020;Hof/LfU;"suburban area";background;0;0;13;18;11490;13253
Bavaria;DEBY026;"Vohburg a.d. Donau/Alter Wöhrer Weg";"suburban area";background;0;0;21;27;15368;17415
Bavaria;DEBY030;"Saal a.d. Donau/Regensburger Straße";"suburban area";background;0;0;5;8;9434;7496
Bavaria;DEBY031;"Kempten (Allgäu)/Westendstraße";"suburban area";background;0;0;14;22;11817;15009
Bavaria;DEBY039;München/Lothstraße;"urban area";background;0;0;10;21;9927;14609
Bavaria;DEBY047;"Naila/Selbitzer Berg";"rural near town";background;0;0;12;18;9547;12448
Bavaria;DEBY049;"Neustadt a.d. Donau/Eining";"rural regional";background;0;0;19;26;14742;17237
Bavaria;DEBY052;Neu-Ulm/Gabelsbergerstraße;"urban area";background;0;1;22;24;10548;13536
Bavaria;DEBY058;Nürnberg/Muggenhof;"urban area";background;0;0;5;15;6927;11001
Bavaria;DEBY062;"Regen/Bodenmaiser Straße";"suburban area";background;0;0;7;18;11393;14147
Bavaria;DEBY067;"Schwandorf/Wackersdorfer Straße";"suburban area";background;0;0;9;24;11977;14151
Bavaria;DEBY068;Schweinfurt/Obertor;"urban area";background;0;0;11;16;8347;10127
Bavaria;DEBY072;Tiefenbach/Altenschneeberg;"rural regional";background;0;0;37;32;18078;15700
Bavaria;DEBY075;"Weiden i.d.OPf./Nikolaistraße";"urban area";background;0;0;6;14;8104;10123
Bavaria;DEBY077;Würzburg/Kopfklinik;"suburban area";background;0;0;11;21;8980;12683
Bavaria;DEBY079;"Bad Reichenhall/Kirchholzstraße";"urban area";background;0;0;6;14;9753;10874
Bavaria;DEBY088;Trostberg/Schwimmbadstraße;"suburban area";background;0;0;16;23;13244;14691
Bavaria;DEBY089;München/Johanneskirchen;"suburban area";background;0;0;15;24;12621;14410
Bavaria;DEBY093;Sulzbach-Rosenberg/Lohe;"suburban area";background;0;0;9;19;11804;13650
Bavaria;DEBY099;Augsburg/LfU;"suburban area";background;0;0;25;26;16527;15866
Bavaria;DEBY109;Andechs/Rothenfeld;"rural regional";background;0;0;21;30;15081;19917
Bavaria;DEBY113;Erlangen/Kraepelinstraße;"suburban area";background;0;0;22;26;13793;17353
Bavaria;DEBY122;"Bad Hindelang/Oberjoch";"rural regional";background;0;0;4;16;10267;14385
Bavaria;DEBY123;"Garmisch-Partenkirchen/Am Herrgottschrofen";"rural near town";background;-;-;-;4.5;-;7355
Bavaria;DEBY124;"Burgbernheim/Grüne Au";"rural regional";background;0;0;23;31;14351;17385
Bavaria;DEBY187;Oettingen/Goethestraße;"suburban area";background;0;0;14;21;13052;16190
Bavaria;DEBY188;Schwabach/Angerstraße;"urban area";background;0;0;11;20;10509;13507
Bavaria;DEBY189;München/Allach;"suburban area";background;0;0;17;22;12367;16665
Bavaria;DEBY196;Garmisch-Partenkirchen/Wasserwerk;"rural near town";background;0;0;7;7;9835;9835
Bavaria;DEBY037;München/Stachus;"urban area";traffic;0;0;0;1.3;1751;2765
Bavaria;DEBY115;"München/Landshuter Allee";"urban area";traffic;0;0;0;1;1566;2362
Berlin;DEBE010;"Berlin Wedding";"urban area";background;0;0;14;17;12122;10927
Berlin;DEBE027;"Berlin Marienfelde";"rural near town";background;0;1;30;24;18420;14521
Berlin;DEBE032;"Berlin Grunewald (3.5 m)";"rural near town";background;0;0;21;18;13777;10398
Berlin;DEBE034;"Berlin Neukölln";"urban area";background;0;0;19;19;13625;11497
Berlin;DEBE051;"Berlin Buch";"suburban area";background;0;1;20;20;15916;14073
Berlin;DEBE056;"Berlin Friedrichshagen";"rural near town";background;0;0;32;28;18555;16976
Berlin;DEBE062;"Berlin Frohnau (3.5 m)";"rural near town";background;0;3;20;18;14460;11840
Brandenburg;DEBB007;"Elsterwerda, 1992-2020";"suburban area";background;0;0;18;18;13999;14285
Brandenburg;DEBB021;Potsdam-Zentrum;"urban area";background;0;1;11;12;12024;11249
Brandenburg;DEBB042;"Frankfurt (Oder), 1997-2014";"suburban area";background;-;-;-;-;-;10672
Brandenburg;DEBB048;Neuruppin;"suburban area";background;0;1;6;10;9443;9627
Brandenburg;DEBB053;"Hasenholz (Buckow)";"rural regional";background;0;0;15;15;14379;11736
Brandenburg;DEBB055;"Brandenburg a.d. Havel";"suburban area";background;0;1;16;15;13293;11604
Brandenburg;DEBB063;Wittenberge;"suburban area";background;0;0;10;12;9284;10867
Brandenburg;DEBB064;Cottbus;"urban area";background;0;0;10;15;11553;12987
Brandenburg;DEBB065;"Lütte (Belzig)";"rural regional";background;0;1;26;19;16226;12936
Brandenburg;DEBB066;Spreewald;"rural regional";background;0;0;7;12;10871;11495
Brandenburg;DEBB067;Nauen;"suburban area";background;0;0;20;17;14354;11663
Brandenburg;DEBB075;"Potsdam, Groß Glienicke";"suburban area";background;0;0;22;18;14442;12389
Brandenburg;DEBB082;"Königs Wusterhausen";"suburban area";background;-;-;-;-;-;11615
Brandenburg;DEBB083;Spremberg;"suburban area";background;0;0;14;16;13022;12451
Brandenburg;DEBB086;Blankenfelde-Mahlow;"suburban area";background;0;0;14;17;13265;13146
Brandenburg;DEBB092;"Frankfurt (Oder)";"suburban area";background;0;0;14;15;14591;12946
Brandenburg;DEBB029;"Schwedt (Oder)";"suburban area";industry;0;0;11;15;11865;10066
Brandenburg;DEBB032;Eisenhüttenstadt;"suburban area";industry;0;0;20;19;16739;13075
Bremen;DEHB001;Bremen-Mitte;"urban area";background;0;1;15;15;12346;10251
Bremen;DEHB002;Bremen-Ost;"urban area";background;0;1;7;6.3;7859;6587
Bremen;DEHB004;Bremen-Nord;"urban area";background;0;0;10;9;8080;7285
Bremen;DEHB005;Bremerhaven-Hansastraße;"urban area";background;0;0;8;8.3;5908;5209
Bremen;DEHB013;Bremen-Hasenbüren;"rural regional";industry;0;0;10;9.3;8432;6732
Hamburg;DEHH008;"Hamburg Sternschanze";"urban area";background;0;0;4;6.7;6845;6007
Hamburg;DEHH021;"Hamburg Tatenberg";"suburban area";background;0;0;6;7.3;6093;6493
Hamburg;DEHH033;"Hamburg Flughafen Nord";"urban area";background;0;0;8;10;8915;7960
Hamburg;DEHH047;"Hamburg Bramfeld";"suburban area";background;0;1;8;9;7397;6997
Hamburg;DEHH049;"Hamburg Blankenese-Baursberg";"suburban area";background;0;0;8;7.7;7060;6627
Hamburg;DEHH050;"Hamburg Neugraben";"suburban area";background;0;1;9;9.3;10078;8558
Hesse;DEHE001;Darmstadt;"urban area";background;0;1;15;19;11455;13878
Hesse;DEHE005;Frankfurt-Höchst;"urban area";background;0;0;6;14;6348;8861
Hesse;DEHE008;"Frankfurt Ost";"urban area";background;0;0;11;18;8925;12278
Hesse;DEHE011;Hanau;"urban area";background;0;0;14;23;10024;14278
Hesse;DEHE013;"Kassel Mitte";"urban area";background;0;0;12;19;8835;12115
Hesse;DEHE018;Raunheim;"urban area";background;0;2;25;27;12399;15616
Hesse;DEHE020;Wetzlar;"urban area";background;0;0;2;7;3322;6100
Hesse;DEHE022;"Wiesbaden Süd";"urban area";background;0;2;19;20;9778;13063
Hesse;DEHE024;Witzenhausen/Wald;"rural area";background;0;0;28;27;11143;12295
Hesse;DEHE026;Spessart;"rural regional";background;0;0;24;30;10585;14951
Hesse;DEHE028;Fürth/Odenwald;"rural area";background;0;0;27;37;12508;16669
Hesse;DEHE030;Marburg;"urban area";background;0;1;15;16;10517;12995
Hesse;DEHE032;Bebra;"urban area";background;0;0;13;18;10171;12209
Hesse;DEHE039;"Burg Herzberg";"rural area";background;0;0;34;32;14077;12930
Hesse;DEHE042;Linden/Leihgestern;"rural area";background;0;1;15;19;10810;13588
Hesse;DEHE043;Riedstadt;"rural near town";background;0;4;26;28;13827;16039
Hesse;DEHE044;Limburg;"urban area";background;0;0;12;17;8121;11682
Hesse;DEHE045;Michelstadt;"urban area";background;0;0;22;27;10656;15939
Hesse;DEHE046;"Bad Arolsen";"rural area";background;0;0;-;21;10461;12745
Hesse;DEHE050;Zierenberg;"rural area";background;0;0;11;15;7127;9300
Hesse;DEHE051;Wasserkuppe;"rural area";background;0;0;30;42;14491;19297
Hesse;DEHE052;"Kleiner Feldberg";"rural area";background;0;5;40;42;16476;17401
Hesse;DEHE058;Fulda-Mitte;"urban area";background;0;0;15;18;10782;12684
Hesse;DEHE060;Kellerwald;"rural regional";background;0;0;20;17;10984;11058
"Mecklenburg-West Pomerania";DEMV004;Gülzow;"rural area";background;0;1;7;8.7;9009;9364
"Mecklenburg-West Pomerania";DEMV007;Rostock-Stuthof;"suburban area";background;0;1;4;7.3;8021;8079
"Mecklenburg-West Pomerania";DEMV012;Löcknitz;"rural area";background;0;0;13;13;11206;11815
"Mecklenburg-West Pomerania";DEMV017;Göhlen;"rural area";background;0;1;9;14;9814;10582
"Mecklenburg-West Pomerania";DEMV019;Güstrow;"urban area";background;0;1;10;6.7;10184;6473
"Mecklenburg-West Pomerania";DEMV021;Rostock-Warnemünde;"urban area";background;0;1;3;3.3;4871;4986
"Mecklenburg-West Pomerania";DEMV024;Leizen;"rural area";background;0;1;7;5.3;8040;8434
"Mecklenburg-West Pomerania";DEMV026;Garz;"rural area";background;0;0;6;6.3;9969;7437
"Mecklenburg-West Pomerania";DEMV003;Neubrandenburg;"urban area";traffic;0;0;2;2.7;4629;4057
"Mecklenburg-West Pomerania";DEMV022;Rostock-Holbeinplatz;"urban area";traffic;0;1;1;0.33;673;851
"Mecklenburg-West Pomerania";DEMV027;Wolgast-Oberwallstraße;"urban area";traffic;0;0;2;1;3515;2525
"Lower Saxony";DENI011;Braunschweig;"suburban area";background;0;0;13;13;10279;10499
"Lower Saxony";DENI016;Oker/Harlingerode;"suburban area";background;0;0;21;17;12731;11058
"Lower Saxony";DENI020;Wolfsburg;"suburban area";background;0;0;12;14;9670;10222
"Lower Saxony";DENI028;Eichsfeld;"suburban area";background;-;-;-;-;-;9315
"Lower Saxony";DENI029;Ostfriesland;"suburban area";background;0;0;11;12;7893;8066
"Lower Saxony";DENI031;Jadebusen;"rural area";background;0;0;5;6.7;5617;5959
"Lower Saxony";DENI038;Osnabrück;"urban area";background;0;1;17;14;9324;8691
"Lower Saxony";DENI041;Weserbergland;"suburban area";background;0;0;11;11;7583;7928
"Lower Saxony";DENI042;Göttingen;"suburban area";background;0;0;18;19;11063;11000
"Lower Saxony";DENI043;Emsland;"suburban area";background;0;0;16;17;9811;10834
"Lower Saxony";DENI051;Wurmberg;"rural area";background;0;1;31;30;15404;15200
"Lower Saxony";DENI052;Allertal;"suburban area";background;0;1;16;13;10441;9643
"Lower Saxony";DENI054;Hannover;"urban area";background;0;0;13;13;9417;8715
"Lower Saxony";DENI058;"Ostfries. Inseln";"rural area";background;0;0;11;10;9157;8609
"Lower Saxony";DENI059;Elbmündung;"rural area";background;0;0;5;5;5693;5502
"Lower Saxony";DENI060;Wendland;"rural area";background;0;0;15;13;10929;10685
"Lower Saxony";DENI062;"Lüneburger Heide";"suburban area";background;0;1;13;14;9938;10331
"Lower Saxony";DENI063;"Altes Land";"rural area";background;0;0;5;7.3;7685;7160
"Lower Saxony";DENI077;Solling-Süd;"rural area";background;0;0;11;10;8335;7810
"Lower Saxony";DENI053;Südoldenburg;"suburban area";industry;0;0;10;12;9808;9405
"Lower Saxony";DENI070;Salzgitter-Drütte;"rural area";industry;0;0;10;12;7433;8236
"North Rhine-Westphalia";DENW006;Lünen-Niederaden;"suburban area";background;0;1;18;16;9982;9661
"North Rhine-Westphalia";DENW008;Dortmund-Eving;"urban area";background;0;1;17;14;9038;8878
"North Rhine-Westphalia";DENW015;Marl-Sickingmühle;"suburban area";background;0;2;22;18;10428;10192
"North Rhine-Westphalia";DENW030;Wesel-Feldmark;"suburban area";background;0;3;18;15;10848;10337
"North Rhine-Westphalia";DENW038;Mülheim-Styrum;"urban area";background;0;1;19;16;8527;8518
"North Rhine-Westphalia";DENW042;Krefeld-Linn;"urban area";background;0;4;22;18;10707;10942
"North Rhine-Westphalia";DENW053;Köln-Chorweiler;"urban area";background;0;2;15;17;8919;9855
"North Rhine-Westphalia";DENW059;Köln-Rodenkirchen;"suburban area";background;0;1;11;11;6549;7198
"North Rhine-Westphalia";DENW064;"Simmerath (Eifel)";"rural regional";background;0;1;11;11;7945;9443
"North Rhine-Westphalia";DENW065;"Netphen Rothaargebirge";"rural regional";background;0;1;27;27;12777;12931
"North Rhine-Westphalia";DENW067;Bielefeld-Ost;"urban area";background;0;0;4;8;5175;6700
"North Rhine-Westphalia";DENW068;Soest-Ost;"rural near town";background;0;1;12;12;9154;9093
"North Rhine-Westphalia";DENW071;Düsseldorf-Lörick;"urban area";background;0;1;17;15;7946;8653
"North Rhine-Westphalia";DENW078;Ratingen-Tiefenbroich;"suburban area";background;0;1;14;13;7700;8365
"North Rhine-Westphalia";DENW079;Leverkusen-Manfort;"suburban area";background;0;1;6;10;5707;7937
"North Rhine-Westphalia";DENW080;Solingen-Wald;"suburban area";background;0;1;19;21;9947;11081
"North Rhine-Westphalia";DENW081;Borken-Gemen;"rural near town";background;0;2;19;16;11152;11318
"North Rhine-Westphalia";DENW094;Aachen-Burtscheid;"urban area";background;0;2;12;11;8829;9971
"North Rhine-Westphalia";DENW095;Münster-Geist;"urban area";background;0;1;19;18;9845;10384
"North Rhine-Westphalia";DENW096;Mönchengladbach-Rheydt;"suburban area";background;0;2;10;11;6741;8711
"North Rhine-Westphalia";DENW114;Wuppertal-Langerfeld;"urban area";background;0;1;14;14;8469;9271
"North Rhine-Westphalia";DENW179;Schwerte;"urban area";background;0;1;17;16;10476;9628
"North Rhine-Westphalia";DENW247;"Essen-Schuir (LANUV)";"suburban area";background;0;0;16;15;8294;7869
"North Rhine-Westphalia";DENW021;Bottrop-Welheim;"urban area";industry;0;1;19;14;9036;8981
"North Rhine-Westphalia";DENW034;Duisburg-Walsum;"urban area";industry;0;2;16;13;9213;9069
"North Rhine-Westphalia";DENW058;Hürth;"suburban area";industry;0;-;-;14;8013;9871
"North Rhine-Westphalia";DENW074;Niederzier;"rural near town";industry;0;2;15;14;8113;10091
Rhineland-Palatinate;DERP001;Ludwigshafen-Oppau;"urban area";background;0;3;9;17;9143;12557
Rhineland-Palatinate;DERP007;Mainz-Mombach;"urban area";background;0;2;12;18;8852;12603
Rhineland-Palatinate;DERP013;Westpfalz-Waldmohr;"rural area";background;0;3;21;26;9266;13085
Rhineland-Palatinate;DERP014;Hunsrück-Leisel;"rural area";background;0;0;23;27;10582;15026
Rhineland-Palatinate;DERP015;"Westeifel Wascheid";"rural area";background;0;1;18;20;10795;11872
Rhineland-Palatinate;DERP016;Westerwald-Herdorf;"rural area";background;0;0;21;20;9793;10994
Rhineland-Palatinate;DERP017;Pfälzerwald-Hortenkopf;"rural area";background;0;1;31;37;10657;15950
Rhineland-Palatinate;DERP019;Kaiserslautern-Rathausplatz;"urban area";background;0;0;13;17;9184;11826
Rhineland-Palatinate;DERP021;Neuwied-Hafenstraße;"urban area";background;0;0;11;16;7488;9682
Rhineland-Palatinate;DERP022;"Bad Kreuznach-Bosenheimer Straße";"urban area";background;0;1;14;13;7879;8777
Rhineland-Palatinate;DERP025;Wörth-Marktplatz;"urban area";background;0;0;21;27;11220;16301
Rhineland-Palatinate;DERP028;Westerwald-Neuhäusel;"rural area";background;0;1;24;26;10556;12375
Rhineland-Palatinate;DERP034;"Pirmasens-Lemberger Straße";"urban area";background;-;-;-;-;-;11679
Rhineland-Palatinate;DERP040;Trier-Universität;"urban area";background;-;-;-;-;-;10666
Rhineland-Palatinate;DERP042;"Pirmasens Schäferstr.";"urban area";background;-;-;-;7;-;11632
Rhineland-Palatinate;DERP053;Speyer-Nord;"suburban area";background;0;2;16;20;9296;13477
Rhineland-Palatinate;DERP060;Pirmasens-Innenstadt;"urban area";background;0;0;12;16;8066;10446
Rhineland-Palatinate;DERP047;Trier-Pfalzel;"suburban area";industry;0;0;13;16;7172;11225
Rhineland-Palatinate;DERP018;Speyer-St.-Guido-Stifts-Platz;"urban area";traffic;-;-;-;-;-;10620
Rhineland-Palatinate;DERP023;Worms-Hagenstraße;"urban area";traffic;0;0;6;13;7824;10759
Rhineland-Palatinate;DERP024;Koblenz-Friedrich-Ebert-Ring;"urban area";traffic;0;0;2;7;4074;5725
Rhineland-Palatinate;DERP027;Neustadt-Strohmarkt;"urban area";traffic;-;-;-;-;-;7509
Saarland;DESL002;"Bexbach Schule";"suburban area";background;0;1;17;21;9475;13223
Saarland;DESL011;Saarbrücken-Eschberg;"urban area";background;0;0;14;18;6918;11292
Saarland;DESL012;Saarbrücken-City;"urban area";background;0;0;4;8.7;5211;7661
Saarland;DESL017;"Völklingen-City Stadionstr.";"urban area";background;0;0;13;14;8213;10890
Saarland;DESL018;Sulzbach;"urban area";background;0;0;11;15;7150;10364
Saarland;DESL019;Biringen;"rural regional";background;0;0;17;25;9226;13231
Saarland;DESL003;"Dillingen City";"urban area";industry;0;0;10;16;5417;10995
Saarland;DESL020;Saarbrücken-Verkehr;"urban area";traffic;0;0;1;2.3;2280;3365
Saxony;DESN001;Annaberg-Buchholz;"urban area";background;0;0;5;9.3;8459;9665
Saxony;DESN004;Bautzen;"urban area";background;0;0;9;19;10914;12988
Saxony;DESN011;Chemnitz-Mitte;"urban area";background;0;0;16;22;10999;14023
Saxony;DESN045;Zittau-Ost;"suburban area";background;0;0;6;12;11020;12864
Saxony;DESN049;Carlsfeld;"rural secluded";background;0;0;29;31;16424;18332
Saxony;DESN051;Radebeul-Wahnsdorf;"rural near town";background;0;0;20;23;13139;14447
Saxony;DESN052;Zinnwald;"rural regional";background;0;0;31;32;15971;19405
Saxony;DESN053;Fichtelberg;"rural secluded";background;0;0;48;47;20600;22794
Saxony;DESN059;Leipzig-West;"suburban area";background;0;1;19;21;11554;13247
Saxony;DESN074;Schwartenberg;"rural regional";background;0;2;36;36;15630;18898
Saxony;DESN076;Collmberg;"rural secluded";background;0;0;18;27;11082;12848
Saxony;DESN079;Niesky;"rural regional";background;0;0;15;24;14155;16973
Saxony;DESN080;Schkeuditz;"rural near town";background;0;0;25;24;15538;14815
Saxony;DESN081;Plauen-DWD;"suburban area";background;0;0;13;18;11390;12710
Saxony;DESN082;Leipzig-Thekla;"suburban area";background;0;0;9;13;7034;9830
Saxony;DESN092;Dresden-Winckelmannstr.;"urban area";background;0;0;18;22;11387;13669
Saxony;DESN061;Dresden-Nord;"urban area";traffic;0;0;12;15;8157;8156
Saxony-Anhalt;DEST002;Burg;"suburban area";background;0;0;20;23;14971;15623
Saxony-Anhalt;DEST011;Wernigerode/Bahnhof;"urban area";background;0;0;14;15;9855;10978
Saxony-Anhalt;DEST028;Zeitz;"urban area";background;0;-;19;19;12760;14302
Saxony-Anhalt;DEST030;Dessau;"urban area";background;-;-;-;-;-;13014
Saxony-Anhalt;DEST039;Brocken;"rural secluded";background;0;0;34;32;17916;17578
Saxony-Anhalt;DEST044;Halberstadt;"urban area";background;0;0;16;16;10509;11918
Saxony-Anhalt;DEST050;Halle/Nord;"urban area";background;0;1;19;18;11497;12289
Saxony-Anhalt;DEST066;Wittenberg/Bahnstrasse;"urban area";background;0;2;20;23;15184;16038
Saxony-Anhalt;DEST077;Magdeburg/West;"urban area";background;0;0;19;19;12364;12327
Saxony-Anhalt;DEST089;Zartau/Waldstation;"rural regional";background;0;0;17;16;11996;12787
Saxony-Anhalt;DEST098;"Unterharz / Friedrichsbrunn";"rural regional";background;0;0;11;17;8696;11759
Saxony-Anhalt;DEST104;"Domäne Bobbe";"rural area";background;0;1;24;21;14625;13131
Saxony-Anhalt;DEST105;"Stendal Stadtsee";"urban area";background;0;0;20;19;14525;13807
Saxony-Anhalt;DEST106;"Goldene Aue (Roßla)";"rural area";background;0;0;16;19;9686;11626
Saxony-Anhalt;DEST015;Bitterfeld/Wolfen;"suburban area";industry;0;0;18;20;12971;13424
Saxony-Anhalt;DEST090;Leuna;"suburban area";industry;0;1;23;23;13992;14997
Saxony-Anhalt;DEST076;Magdeburg/Damaschkeplatz;"urban area";traffic;-;-;-;2;-;2724
Schleswig-Holstein;DESH001;Altendeich;"rural regional";background;0;0;7;7.7;8083;6468
Schleswig-Holstein;DESH006;Schleswig;"suburban area";background;0;0;6;5.3;8740;7870
Schleswig-Holstein;DESH008;Bornhöved;"rural regional";background;0;1;10;8.7;9451;8993
Schleswig-Holstein;DESH013;Fehmarn;"rural regional";background;0;0;1;3.3;6173;6594
Schleswig-Holstein;DESH014;St.-Peter-Ording;"rural regional";background;0;0;3;5.7;9145;8668
Schleswig-Holstein;DESH015;Itzehoe;"urban area";background;0;0;12;11;9227;7371
Schleswig-Holstein;DESH016;Barsbüttel;"suburban area";background;0;1;8;10;7875;7538
Schleswig-Holstein;DESH023;"Lübeck-St. Jürgen";"urban area";background;0;1;13;12;9463;9016
Schleswig-Holstein;DESH033;Kiel-Max-Planck-Str.;"urban area";background;0;0;6;3.7;7245;4854
Schleswig-Holstein;DESH035;"Brunsbüttel-Cuxhavener Straße";"urban area";background;0;0;5;5;4726;4353
Thuringia;DETH005;Saalfeld;"urban area";background;0;0;12;18;10790;13690
Thuringia;DETH009;"Gera Friedericistr.";"urban area";background;0;1;15;19;10877;11503
Thuringia;DETH011;"Altenburg Theaterplatz";"urban area";background;0;1;15;19;9943;12028
Thuringia;DETH013;"Eisenach Werneburgstr.";"urban area";background;0;0;14;17;9645;10748
Thuringia;DETH018;Nordhausen;"urban area";background;0;0;14;15;10010;9899
Thuringia;DETH020;"Erfurt Krämpferstr.";"urban area";background;0;0;10;14;6277;8943
Thuringia;DETH026;Dreißigacker;"rural regional";background;0;0;18;23;11606;14599
Thuringia;DETH027;Neuhaus;"rural secluded";background;0;0;19;27;11418;15957
Thuringia;DETH036;"Greiz Mollbergstr.";"urban area";background;0;0;15;21;9877;14934
Thuringia;DETH040;"Großer Eisenberg";"rural secluded";background;-;-;-;-;-;12850
Thuringia;DETH041;"Jena Dammstr.";"urban area";background;0;0;13;18;9795;11492
Thuringia;DETH042;Possen;"rural secluded";background;0;0;21;22;11366;12063
Thuringia;DETH060;Zella-Mehlis;"urban area";background;0;0;13;20;11856;14410
Thuringia;DETH061;Hummelshain;"rural secluded";background;0;0;20;27;12416;14940
Thuringia;DETH095;"Mühlhausen Bastmarkt";"urban area";background;0;0;9;14;8829;10395
Thuringia;DETH096;"Sömmerda Wielandstr.";"suburban area";background;-;-;-;-;-;11629
UBA;DEUB001;Westerland;"rural area";background;0;0;10;9.3;10343;11007
UBA;DEUB004;Schauinsland;"rural regional";background;0;0;46;48;17460;23525
UBA;DEUB005;Waldhof;"rural area";background;0;1;15;16;12946;13410
UBA;DEUB028;Zingst;"rural area";background;0;1;4;5;9173;7737
UBA;DEUB029;Schmücke;"rural area";background;0;0;20;32;12137;17226
UBA;DEUB030;Neuglobsow;"rural regional";background;0;0;7;8;10564;9701
UBA;DEUB044;"Zugspitze Schneefernerhaus";"rural secluded";background;0;0;0;0;7245;8613
UBA;DEUB046;Forellenbach;"rural secluded";background;0;0;20;30;15866;19377

"Source: German Environment Agency, https://www.umweltbundesamt.de/en/data/air/air-data/annual-tabulation (Status: 2019-05-22). All times are given in the time valid at the time of measurement (CET or CEST)."
