﻿"State / Measuring network";"Station code";"Station name";"Station setting";"Station type";"Number of hourly mean values above 240 µg/m³";"Number of hourly mean values above 180 µg/m³";"Number of days with highest daily 8-hour averages above 120 µg/m³";"Number of days with highest daily 8-hour averages above 120 µg/m³, 3-year average";"AOT40* in µg/m³h";"AOT40* in µg/m³h, 5-year average"
Baden-Württemberg;DEBW004;Eggenstein;"rural near town";background;0;3;21;27;17290;17216
Baden-Württemberg;DEBW009;Heidelberg;"urban area";background;0;6;27;24;19788;14883
Baden-Württemberg;DEBW010;Wiesloch;"suburban area";background;0;3;25;31;17417;17485
Baden-Württemberg;DEBW013;"Stuttgart-Bad Cannstatt";"urban area";background;0;1;17;22;16165;15684
Baden-Württemberg;DEBW015;Heilbronn;"urban area";background;0;2;13;22;14033;15691
Baden-Württemberg;DEBW019;Ulm;"urban area";background;0;0;5;19;9175;14019
Baden-Württemberg;DEBW023;"Weil am Rhein";"suburban area";background;0;0;27;31;21322;19499
Baden-Württemberg;DEBW024;Ludwigsburg;"suburban area";background;0;3;24;32;19953;18638
Baden-Württemberg;DEBW027;Reutlingen;"urban area";background;0;3;19;19;18988;14539
Baden-Württemberg;DEBW029;Aalen;"suburban area";background;0;1;23;28;21880;19977
Baden-Württemberg;DEBW031;Schwarzwald-Süd;"rural regional";background;0;1;46;50;23411;21008
Baden-Württemberg;DEBW033;Pforzheim;"urban area";background;0;2;15;21;14859;14201
Baden-Württemberg;DEBW038;Friedrichshafen;"urban area";background;0;0;24;26;19678;18210
Baden-Württemberg;DEBW039;Villingen-Schwenningen;"suburban area";background;0;0;25;30;21417;19060
Baden-Württemberg;DEBW042;Bernhausen;"suburban area";background;0;2;19;26;16888;17667
Baden-Württemberg;DEBW046;Biberach;"suburban area";background;0;0;13;21;17422;16243
Baden-Württemberg;DEBW052;Konstanz;"urban area";background;0;0;13;24;17235;17701
Baden-Württemberg;DEBW056;"Schwäbisch Hall";"suburban area";background;0;2;15;29;16754;18147
Baden-Württemberg;DEBW059;Tauberbischofsheim;"suburban area";background;0;0;15;25;17198;17087
Baden-Württemberg;DEBW073;Neuenburg;"suburban area";background;0;1;20;27;16982;17608
Baden-Württemberg;DEBW076;Baden-Baden;"suburban area";background;0;2;26;31;19747;18456
Baden-Württemberg;DEBW081;Karlsruhe-Nordwest;"urban area";background;0;2;21;31;17228;18672
Baden-Württemberg;DEBW084;Freiburg;"urban area";background;0;1;19;30;19342;18889
Baden-Württemberg;DEBW087;"Schwäbische Alb";"rural regional";background;0;1;21;26;20474;18359
Baden-Württemberg;DEBW107;Tübingen;"suburban area";background;0;1;24;25;21435;17495
Baden-Württemberg;DEBW112;Gärtringen;"suburban area";background;0;3;31;39;23093;20299
Baden-Württemberg;DEBW005;Mannheim-Nord;"suburban area";industry;0;3;19;27;17217;16929
Baden-Württemberg;DEBW022;Kehl;"suburban area";industry;0;2;19;25;16003;17559
Bavaria;DEBY002;Arzberg/Egerstraße;"suburban area";background;0;0;6;14;12314;11944
Bavaria;DEBY004;"Kleinwallstadt/Hofstetter Straße";"suburban area";background;0;1;15;26;15533;15389
Bavaria;DEBY005;Aschaffenburg/Bussardweg;"suburban area";background;0;1;14;21;12643;13177
Bavaria;DEBY007;Augsburg/Bourges-Platz;"urban area";background;0;0;11;15;12424;10374
Bavaria;DEBY013;Mehring/Sportplatz;"rural regional";background;0;1;21;22;19301;15338
Bavaria;DEBY020;Hof/LfU;"suburban area";background;0;0;7;16;13043;13480
Bavaria;DEBY026;"Vohburg a.d. Donau/Alter Wöhrer Weg";"suburban area";background;0;0;15;23;16910;17314
Bavaria;DEBY030;"Saal a.d. Donau/Regensburger Straße";"suburban area";background;0;0;13;12;15766;9471
Bavaria;DEBY031;"Kempten (Allgäu)/Westendstraße";"suburban area";background;0;0;17;23;18072;15983
Bavaria;DEBY039;München/Lothstraße;"urban area";background;0;0;14;19;15492;14786
Bavaria;DEBY047;"Naila/Selbitzer Berg";"rural near town";background;0;0;12;18;15526;13425
Bavaria;DEBY049;"Neustadt a.d. Donau/Eining";"rural regional";background;0;0;19;25;20378;18787
Bavaria;DEBY052;Neu-Ulm/Gabelsbergerstraße;"urban area";background;0;0;12;21;13980;14124
Bavaria;DEBY058;Nürnberg/Muggenhof;"urban area";background;0;0;5;12;10280;10809
Bavaria;DEBY062;"Regen/Bodenmaiser Straße";"suburban area";background;0;0;16;18;19516;15340
Bavaria;DEBY067;"Schwandorf/Wackersdorfer Straße";"suburban area";background;0;0;13;23;15385;14897
Bavaria;DEBY068;Schweinfurt/Obertor;"urban area";background;0;0;10;16;11593;10625
Bavaria;DEBY072;Tiefenbach/Altenschneeberg;"rural regional";background;0;1;42;39;24672;18038
Bavaria;DEBY075;"Weiden i.d.OPf./Nikolaistraße";"urban area";background;0;0;10;15;13862;11846
Bavaria;DEBY077;Würzburg/Kopfklinik;"suburban area";background;0;0;9;19;11761;13268
Bavaria;DEBY079;"Bad Reichenhall/Kirchholzstraße";"urban area";background;0;0;13;16;15144;12178
Bavaria;DEBY088;Trostberg/Schwimmbadstraße;"suburban area";background;0;0;17;25;17520;15791
Bavaria;DEBY089;München/Johanneskirchen;"suburban area";background;0;0;17;23;18329;15756
Bavaria;DEBY093;Sulzbach-Rosenberg/Lohe;"suburban area";background;0;1;17;19;16240;14943
Bavaria;DEBY099;Augsburg/LfU;"suburban area";background;0;0;18;27;18372;16569
Bavaria;DEBY109;Andechs/Rothenfeld;"rural regional";background;0;0;15;29;18535;19447
Bavaria;DEBY113;Erlangen/Kraepelinstraße;"suburban area";background;0;0;17;27;16744;17017
Bavaria;DEBY122;"Bad Hindelang/Oberjoch";"rural regional";background;0;0;11;16;15424;15252
Bavaria;DEBY124;"Burgbernheim/Grüne Au";"rural regional";background;0;1;23;31;19568;18505
Bavaria;DEBY187;Oettingen/Goethestraße;"suburban area";background;0;0;-;25;20015;16190
Bavaria;DEBY188;Schwabach/Angerstraße;"urban area";background;0;0;11;18;14514;13708
Bavaria;DEBY189;München/Allach;"suburban area";background;0;0;18;23;18665;17165
Bavaria;DEBY196;Garmisch-Partenkirchen/Wasserwerk;"rural near town";background;0;0;7;7;12189;11012
Bavaria;DEBY037;München/Stachus;"urban area";traffic;0;0;2;1;5091;3326
Bavaria;DEBY115;"München/Landshuter Allee";"urban area";traffic;0;0;-;1.5;1672;2362
Berlin;DEBE010;"Berlin Wedding";"urban area";background;0;0;0;13;5785;10157
Berlin;DEBE027;"Berlin Marienfelde";"rural near town";background;0;0;4;20;9547;13821
Berlin;DEBE032;"Berlin Grunewald (3.5 m)";"rural near town";background;0;0;5;16;7438;10447
Berlin;DEBE034;"Berlin Neukölln";"urban area";background;0;0;4;16;7862;11039
Berlin;DEBE051;"Berlin Buch";"suburban area";background;0;0;6;17;9164;13469
Berlin;DEBE056;"Berlin Friedrichshagen";"rural near town";background;0;0;8;24;10895;16017
Berlin;DEBE062;"Berlin Frohnau (3.5 m)";"rural near town";background;0;0;5;15;7817;11051
Brandenburg;DEBB007;"Elsterwerda, 1992-2020";"suburban area";background;0;0;14;18;14392;14146
Brandenburg;DEBB021;Potsdam-Zentrum;"urban area";background;0;0;3;9.3;7108;10326
Brandenburg;DEBB048;Neuruppin;"suburban area";background;0;0;1;7;4355;8665
Brandenburg;DEBB053;"Hasenholz (Buckow)";"rural regional";background;0;0;4;14;8214;11420
Brandenburg;DEBB055;"Brandenburg a.d. Havel";"suburban area";background;0;0;5;12;8147;10990
Brandenburg;DEBB063;Wittenberge;"suburban area";background;0;0;5;11;6750;10190
Brandenburg;DEBB064;Cottbus;"urban area";background;0;0;10;13;13256;12690
Brandenburg;DEBB065;"Lütte (Belzig)";"rural regional";background;0;0;6;17;8811;12482
Brandenburg;DEBB066;Spreewald;"rural regional";background;0;0;6;10;11262;11272
Brandenburg;DEBB067;Nauen;"suburban area";background;0;0;3;13;7558;10800
Brandenburg;DEBB075;"Potsdam, Groß Glienicke";"suburban area";background;0;0;4;15;8054;11511
Brandenburg;DEBB083;Spremberg;"suburban area";background;0;0;10;16;13134;12295
Brandenburg;DEBB086;Blankenfelde-Mahlow;"suburban area";background;0;0;5;13;9743;12295
Brandenburg;DEBB092;"Frankfurt (Oder)";"suburban area";background;0;0;7;14;10254;12273
Brandenburg;DEBB029;"Schwedt (Oder)";"suburban area";industry;0;0;4;12;5847;9775
Brandenburg;DEBB032;Eisenhüttenstadt;"suburban area";industry;0;0;6;17;11394;13439
Bremen;DEHB001;Bremen-Mitte;"urban area";background;0;0;4;11;6339;9276
Bremen;DEHB002;Bremen-Ost;"urban area";background;0;0;2;6;5056;6275
Bremen;DEHB004;Bremen-Nord;"urban area";background;0;0;2;6.3;4933;6812
Bremen;DEHB005;Bremerhaven-Hansastraße;"urban area";background;0;0;3;6.7;4451;4907
Bremen;DEHB013;Bremen-Hasenbüren;"rural regional";industry;0;0;6;9.3;6867;6838
Hamburg;DEHH008;"Hamburg Sternschanze";"urban area";background;0;0;0;4;2996;5771
Hamburg;DEHH021;"Hamburg Tatenberg";"suburban area";background;0;0;-;7;-;6791
Hamburg;DEHH033;"Hamburg Flughafen Nord";"urban area";background;0;0;0;6;2427;7276
Hamburg;DEHH047;"Hamburg Bramfeld";"suburban area";background;0;0;0;6;4634;6730
Hamburg;DEHH049;"Hamburg Blankenese-Baursberg";"suburban area";background;0;0;-;8.5;-;6815
Hamburg;DEHH050;"Hamburg Neugraben";"suburban area";background;0;0;1;6.7;4928;7997
Hesse;DEHE001;Darmstadt;"urban area";background;0;2;10;19;10646;13815
Hesse;DEHE005;Frankfurt-Höchst;"urban area";background;0;2;10;14;9564;9540
Hesse;DEHE008;"Frankfurt Ost";"urban area";background;0;1;10;17;10442;12339
Hesse;DEHE011;Hanau;"urban area";background;0;3;19;21;16596;16392
Hesse;DEHE013;"Kassel Mitte";"urban area";background;0;0;7;17;9008;11507
Hesse;DEHE018;Raunheim;"urban area";background;0;2;13;23;12562;15813
Hesse;DEHE020;Wetzlar;"urban area";background;0;0;6;7.3;7009;6194
Hesse;DEHE022;"Wiesbaden Süd";"urban area";background;0;2;13;21;11683;13288
Hesse;DEHE024;Witzenhausen/Wald;"rural area";background;0;0;12;26;11414;12109
Hesse;DEHE026;Spessart;"rural regional";background;0;0;11;27;11337;14941
Hesse;DEHE028;Fürth/Odenwald;"rural area";background;0;2;20;32;15112;16595
Hesse;DEHE030;Marburg;"urban area";background;0;2;12;17;12411;13240
Hesse;DEHE032;Bebra;"urban area";background;0;0;8;16;10252;12007
Hesse;DEHE039;"Burg Herzberg";"rural area";background;0;1;13;29;12927;13158
Hesse;DEHE042;Linden/Leihgestern;"rural area";background;0;2;13;19;12090;13918
Hesse;DEHE043;Riedstadt;"rural near town";background;0;5;15;26;16427;16836
Hesse;DEHE044;Limburg;"urban area";background;0;0;19;18;13159;11815
Hesse;DEHE045;Michelstadt;"urban area";background;0;0;10;23;13531;15764
Hesse;DEHE046;"Bad Arolsen";"rural area";background;0;0;6;18;7365;11494
Hesse;DEHE050;Zierenberg;"rural area";background;0;0;8;15;8695;9179
Hesse;DEHE051;Wasserkuppe;"rural area";background;0;1;30;38;19715;19917
Hesse;DEHE052;"Kleiner Feldberg";"rural area";background;0;4;31;38;17988;18578
Hesse;DEHE060;Kellerwald;"rural regional";background;0;0;14;20;11578;10771
Hesse;DEHE134;"Fulda Zentral";"urban area";background;0;0;8;8;11462;11462
Hesse;DEHE135;Frankfurt-Schwanheim;"suburban area";background;0;0;-;-;-;-
"Mecklenburg-West Pomerania";DEMV004;Gülzow;"rural area";background;0;0;2;6.3;5054;8138
"Mecklenburg-West Pomerania";DEMV007;Rostock-Stuthof;"suburban area";background;0;0;0;4.7;3179;7099
"Mecklenburg-West Pomerania";DEMV012;Löcknitz;"rural area";background;0;0;3;11;6001;10882
"Mecklenburg-West Pomerania";DEMV017;Göhlen;"rural area";background;0;0;3;10;6299;9850
"Mecklenburg-West Pomerania";DEMV019;Güstrow;"urban area";background;0;0;0;6.3;3770;5892
"Mecklenburg-West Pomerania";DEMV021;Rostock-Warnemünde;"urban area";background;0;0;1;2.7;3482;4298
"Mecklenburg-West Pomerania";DEMV024;Leizen;"rural area";background;0;0;4;4.7;4889;7310
"Mecklenburg-West Pomerania";DEMV026;Garz;"rural area";background;0;0;1;4;3617;6673
"Mecklenburg-West Pomerania";DEMV022;Rostock-Holbeinplatz;"urban area";traffic;0;0;0;0.33;630;822
"Lower Saxony";DENI011;Braunschweig;"suburban area";background;0;0;2;11;6266;9866
"Lower Saxony";DENI016;Oker/Harlingerode;"suburban area";background;0;0;6;15;8578;10943
"Lower Saxony";DENI020;Wolfsburg;"suburban area";background;0;0;2;11;6989;9772
"Lower Saxony";DENI029;Ostfriesland;"suburban area";background;0;0;6;10;7044;7892
"Lower Saxony";DENI031;Jadebusen;"rural area";background;0;0;5;6.3;4864;5801
"Lower Saxony";DENI038;Osnabrück;"urban area";background;0;1;11;14;8772;8869
"Lower Saxony";DENI041;Weserbergland;"suburban area";background;0;1;5;9.7;7594;7955
"Lower Saxony";DENI042;Göttingen;"suburban area";background;0;0;7;16;10795;11263
"Lower Saxony";DENI043;Emsland;"suburban area";background;0;2;11;16;10522;11092
"Lower Saxony";DENI051;Wurmberg;"rural area";background;0;0;9;26;9540;14248
"Lower Saxony";DENI052;Allertal;"suburban area";background;0;0;4;11;7579;9411
"Lower Saxony";DENI054;Hannover;"urban area";background;0;0;4;11;7501;8627
"Lower Saxony";DENI058;"Ostfries. Inseln";"rural area";background;0;1;4;9;6800;8382
"Lower Saxony";DENI059;Elbmündung;"rural area";background;0;0;1;4.7;3642;5493
"Lower Saxony";DENI060;Wendland;"rural area";background;0;0;2;11;6659;10045
"Lower Saxony";DENI062;"Lüneburger Heide";"suburban area";background;0;0;1;9.7;5263;9503
"Lower Saxony";DENI063;"Altes Land";"rural area";background;0;0;0;5;4081;6682
"Lower Saxony";DENI077;Solling-Süd;"rural area";background;0;0;3;9.3;6814;7807
"Lower Saxony";DENI053;Südoldenburg;"suburban area";industry;0;0;7;10;8642;9463
"Lower Saxony";DENI070;Salzgitter-Drütte;"rural area";industry;0;0;1;9;5996;7788
"North Rhine-Westphalia";DENW006;Lünen-Niederaden;"suburban area";background;0;1;10;16;10648;10352
"North Rhine-Westphalia";DENW008;Dortmund-Eving;"urban area";background;0;1;11;15;10812;9630
"North Rhine-Westphalia";DENW015;Marl-Sickingmühle;"suburban area";background;0;3;13;19;11765;10916
"North Rhine-Westphalia";DENW030;Wesel-Feldmark;"suburban area";background;0;1;14;17;11948;11036
"North Rhine-Westphalia";DENW038;Mülheim-Styrum;"urban area";background;0;1;14;17;10541;9424
"North Rhine-Westphalia";DENW042;Krefeld-Linn;"urban area";background;0;2;14;21;12424;11761
"North Rhine-Westphalia";DENW053;Köln-Chorweiler;"urban area";background;0;1;17;17;12356;10772
"North Rhine-Westphalia";DENW059;Köln-Rodenkirchen;"suburban area";background;0;1;9;11;8799;7826
"North Rhine-Westphalia";DENW064;"Simmerath (Eifel)";"rural regional";background;0;1;11;12;10476;9884
"North Rhine-Westphalia";DENW065;"Netphen Rothaargebirge";"rural regional";background;0;0;17;27;13560;13652
"North Rhine-Westphalia";DENW067;Bielefeld-Ost;"urban area";background;0;0;6;7.3;6683;7006
"North Rhine-Westphalia";DENW068;Soest-Ost;"rural near town";background;0;1;6;11;7405;8986
"North Rhine-Westphalia";DENW071;Düsseldorf-Lörick;"urban area";background;0;2;15;17;11667;9676
"North Rhine-Westphalia";DENW078;Ratingen-Tiefenbroich;"suburban area";background;0;0;15;15;10695;9294
"North Rhine-Westphalia";DENW079;Leverkusen-Manfort;"suburban area";background;0;1;12;12;10739;8746
"North Rhine-Westphalia";DENW080;Solingen-Wald;"suburban area";background;0;1;23;23;13719;12039
"North Rhine-Westphalia";DENW081;Borken-Gemen;"rural near town";background;0;3;15;18;11953;11844
"North Rhine-Westphalia";DENW094;Aachen-Burtscheid;"urban area";background;0;1;15;14;12627;10641
"North Rhine-Westphalia";DENW095;Münster-Geist;"urban area";background;0;3;13;16;11009;10794
"North Rhine-Westphalia";DENW096;Mönchengladbach-Rheydt;"suburban area";background;0;0;9;12;8847;8959
"North Rhine-Westphalia";DENW114;Wuppertal-Langerfeld;"urban area";background;0;1;9;13;10251;9991
"North Rhine-Westphalia";DENW179;Schwerte;"urban area";background;0;1;15;18;11368;10466
"North Rhine-Westphalia";DENW247;"Essen-Schuir (LANUV)";"suburban area";background;0;0;13;15;8372;8414
"North Rhine-Westphalia";DENW021;Bottrop-Welheim;"urban area";industry;0;1;11;15;9408;9412
"North Rhine-Westphalia";DENW034;Duisburg-Walsum;"urban area";industry;0;0;12;15;9857;9669
"North Rhine-Westphalia";DENW058;Hürth;"suburban area";industry;0;2;12;14;11390;10619
"North Rhine-Westphalia";DENW074;Niederzier;"rural near town";industry;0;2;14;17;12145;10725
Rhineland-Palatinate;DERP001;Ludwigshafen-Oppau;"urban area";background;0;2;14;18;13682;13294
Rhineland-Palatinate;DERP007;Mainz-Mombach;"urban area";background;0;1;13;18;11439;12735
Rhineland-Palatinate;DERP013;Westpfalz-Waldmohr;"rural area";background;0;2;18;25;14669;13947
Rhineland-Palatinate;DERP014;Hunsrück-Leisel;"rural area";background;0;1;20;28;15511;15680
Rhineland-Palatinate;DERP015;"Westeifel Wascheid";"rural area";background;0;1;15;20;12643;12293
Rhineland-Palatinate;DERP016;Westerwald-Herdorf;"rural area";background;0;0;11;20;10257;11419
Rhineland-Palatinate;DERP017;Pfälzerwald-Hortenkopf;"rural area";background;0;0;23;34;14200;16280
Rhineland-Palatinate;DERP019;Kaiserslautern-Rathausplatz;"urban area";background;0;0;8;15;11785;12359
Rhineland-Palatinate;DERP021;Neuwied-Hafenstraße;"urban area";background;0;1;14;17;10947;10434
Rhineland-Palatinate;DERP022;"Bad Kreuznach-Bosenheimer Straße";"urban area";background;0;0;12;15;9350;9053
Rhineland-Palatinate;DERP025;Wörth-Marktplatz;"urban area";background;0;3;21;26;16534;17097
Rhineland-Palatinate;DERP028;Westerwald-Neuhäusel;"rural area";background;0;0;21;24;13213;12542
Rhineland-Palatinate;DERP053;Speyer-Nord;"suburban area";background;0;1;15;20;12825;13314
Rhineland-Palatinate;DERP060;Pirmasens-Innenstadt;"urban area";background;0;0;6;13;11710;10867
Rhineland-Palatinate;DERP047;Trier-Pfalzel;"suburban area";industry;0;1;11;16;10693;11092
Rhineland-Palatinate;DERP023;Worms-Hagenstraße;"urban area";traffic;0;1;10;13;9830;11116
Rhineland-Palatinate;DERP024;Koblenz-Friedrich-Ebert-Ring;"urban area";traffic;0;0;5;6.7;6542;6220
Saarland;DESL002;"Bexbach Schule";"suburban area";background;0;0;13;20;14075;13674
Saarland;DESL011;Saarbrücken-Eschberg;"urban area";background;0;1;10;17;11661;11670
Saarland;DESL012;Saarbrücken-City;"urban area";background;0;1;2;8.7;8653;8313
Saarland;DESL017;"Völklingen-City Stadionstr.";"urban area";background;0;1;9;15;13083;11982
Saarland;DESL018;Sulzbach;"urban area";background;0;0;-;17;-;10824
Saarland;DESL019;Biringen;"rural regional";background;0;1;8;21;9688;13370
Saarland;DESL003;"Dillingen City";"urban area";industry;0;4;11;17;12754;11816
Saarland;DESL020;Saarbrücken-Verkehr;"urban area";traffic;0;0;2;3;3687;3604
Saxony;DESN001;Annaberg-Buchholz;"urban area";background;0;0;4;8.3;9242;10073
Saxony;DESN004;Bautzen;"urban area";background;0;0;4;15;9382;12031
Saxony;DESN045;Zittau-Ost;"suburban area";background;0;0;8;12;12593;12084
Saxony;DESN049;Carlsfeld;"rural secluded";background;0;0;12;29;15555;17787
Saxony;DESN051;Radebeul-Wahnsdorf;"rural near town";background;0;0;12;22;14159;14475
Saxony;DESN052;Zinnwald;"rural regional";background;0;0;24;32;19870;19258
Saxony;DESN053;Fichtelberg;"rural secluded";background;0;0;22;42;18142;21015
Saxony;DESN059;Leipzig-West;"suburban area";background;0;0;10;19;11285;12921
Saxony;DESN074;Schwartenberg;"rural regional";background;0;0;21;33;16492;18905
Saxony;DESN076;Collmberg;"rural secluded";background;0;0;11;21;10648;12244
Saxony;DESN079;Niesky;"rural regional";background;0;0;10;22;13184;16114
Saxony;DESN080;Schkeuditz;"rural near town";background;0;0;13;22;12275;14413
Saxony;DESN081;Plauen-DWD;"suburban area";background;0;0;6;15;11663;13170
Saxony;DESN082;Leipzig-Thekla;"suburban area";background;0;0;2;10;7504;9473
Saxony;DESN092;Dresden-Winckelmannstr.;"urban area";background;0;0;10;20;13724;13991
Saxony;DESN104;"Chemnitz Hans-Link-Straße";"urban area";background;0;0;10;10;13452;13452
Saxony;DESN061;Dresden-Nord;"urban area";traffic;0;0;3;13;9023;8548
Saxony;DESN084;Dresden-Bergstr.;"urban area";traffic;0;0;0;0;4013;4013
Saxony-Anhalt;DEST002;Burg;"suburban area";background;0;0;6;18;10054;14598
Saxony-Anhalt;DEST011;Wernigerode/Bahnhof;"urban area";background;0;0;5;13;8342;10546
Saxony-Anhalt;DEST028;Zeitz;"urban area";background;0;0;8;16;11195;13531
Saxony-Anhalt;DEST039;Brocken;"rural secluded";background;0;0;18;29;14391;17321
Saxony-Anhalt;DEST044;Halberstadt;"urban area";background;0;0;7;14;10401;11872
Saxony-Anhalt;DEST050;Halle/Nord;"urban area";background;0;0;6;15;9196;11821
Saxony-Anhalt;DEST066;Wittenberg/Bahnstrasse;"urban area";background;0;0;11;21;12884;15728
Saxony-Anhalt;DEST077;Magdeburg/West;"urban area";background;0;0;4;14;8614;11883
Saxony-Anhalt;DEST089;Zartau/Waldstation;"rural regional";background;0;0;0;8.5;4744;11326
Saxony-Anhalt;DEST098;"Unterharz / Friedrichsbrunn";"rural regional";background;0;0;8;14;10757;11449
Saxony-Anhalt;DEST104;"Domäne Bobbe";"rural area";background;0;0;10;19;10146;12780
Saxony-Anhalt;DEST105;"Stendal Stadtsee";"urban area";background;0;0;3;15;8157;12900
Saxony-Anhalt;DEST106;"Goldene Aue (Roßla)";"rural area";background;0;0;-;20;9386;11349
Saxony-Anhalt;DEST015;Bitterfeld/Wolfen;"suburban area";industry;0;0;12;19;12221;13231
Saxony-Anhalt;DEST090;Leuna;"suburban area";industry;0;0;11;21;12074;14590
Schleswig-Holstein;DESH001;Altendeich;"rural regional";background;0;0;0;5.3;3487;6559
Schleswig-Holstein;DESH008;Bornhöved;"rural regional";background;0;0;0;6;5153;8413
Schleswig-Holstein;DESH013;Fehmarn;"rural regional";background;0;0;0;2;3606;5988
Schleswig-Holstein;DESH014;St.-Peter-Ording;"rural regional";background;0;0;3;5;5529;8106
Schleswig-Holstein;DESH015;Itzehoe;"urban area";background;0;0;1;8.3;4657;7518
Schleswig-Holstein;DESH016;Barsbüttel;"suburban area";background;0;0;-;11;1398;8402
Schleswig-Holstein;DESH023;"Lübeck-St. Jürgen";"urban area";background;0;0;0;8.7;5004;8557
Schleswig-Holstein;DESH033;Kiel-Max-Planck-Str.;"urban area";background;0;0;-;4.5;5269;5013
Schleswig-Holstein;DESH035;"Brunsbüttel-Cuxhavener Straße";"urban area";background;0;0;0;4;1618;3919
Schleswig-Holstein;DESH056;Eggebek;"rural regional";background;0;0;0;0;3148;3148
Schleswig-Holstein;DESH057;Kiel-Bremerskamp;"urban area";background;0;0;-;-;115;-
Thuringia;DETH005;Saalfeld;"urban area";background;0;0;10;17;13289;13867
Thuringia;DETH009;"Gera Friedericistr.";"urban area";background;0;0;5;15;10289;11678
Thuringia;DETH011;"Altenburg Theaterplatz";"urban area";background;0;0;10;18;11875;12043
Thuringia;DETH013;"Eisenach Werneburgstr.";"urban area";background;0;0;8;16;10687;10914
Thuringia;DETH018;Nordhausen;"urban area";background;0;0;5;13;7963;9695
Thuringia;DETH020;"Erfurt Krämpferstr.";"urban area";background;0;0;3;11;7104;8599
Thuringia;DETH026;Dreißigacker;"rural regional";background;0;0;19;24;14773;14801
Thuringia;DETH027;Neuhaus;"rural secluded";background;0;0;16;25;14976;15854
Thuringia;DETH036;"Greiz Mollbergstr.";"urban area";background;0;0;13;19;14268;15044
Thuringia;DETH041;"Jena Dammstr.";"urban area";background;0;0;-;19;11744;11982
Thuringia;DETH042;Possen;"rural secluded";background;0;0;8;20;10340;12527
Thuringia;DETH060;Zella-Mehlis;"urban area";background;0;0;10;19;13736;14821
Thuringia;DETH061;Hummelshain;"rural secluded";background;0;0;-;27;14013;14858
Thuringia;DETH095;"Mühlhausen Bastmarkt";"urban area";background;0;0;4;11;8447;10273
Thuringia;DETH117;"Erfurt Bautzener Weg";"suburban area";background;0;0;13;13;11625;11625
UBA;DEUB001;Westerland;"rural area";background;0;0;-;9;7824;10743
UBA;DEUB004;Schauinsland;"rural regional";background;0;3;38;48;23877;23595
UBA;DEUB005;Waldhof;"rural area";background;0;0;5;12;8139;12367
UBA;DEUB028;Zingst;"rural area";background;0;0;3;4.7;4912;7077
UBA;DEUB029;Schmücke;"rural area";background;0;0;22;29;15306;17275
UBA;DEUB030;Neuglobsow;"rural regional";background;0;0;3;5;5570;9276
UBA;DEUB044;"Zugspitze Schneefernerhaus";"rural secluded";background;0;0;0;0;6967;8459
UBA;DEUB046;Forellenbach;"rural secluded";background;0;2;40;38;28098;20801

"Source: German Environment Agency, https://www.umweltbundesamt.de/en/data/air/air-data/annual-tabulation (Status: 2019-05-22). All times are given in the time valid at the time of measurement (CET or CEST)."
