﻿"State / Measuring network";"Station code";"Station name";"Station setting";"Station type";"Number of hourly mean values above 240 µg/m³";"Number of hourly mean values above 180 µg/m³";"Number of days with highest daily 8-hour averages above 120 µg/m³";"Number of days with highest daily 8-hour averages above 120 µg/m³, 3-year average";"AOT40* in µg/m³h";"AOT40* in µg/m³h, 5-year average"
Baden-Württemberg;DEBW004;Eggenstein;"rural near town";background;0;7;57;33;27326;19912
Baden-Württemberg;DEBW009;Heidelberg;"urban area";background;0;0;45;29;-;-
Baden-Württemberg;DEBW010;Wiesloch;"suburban area";background;0;6;62;38;28163;20556
Baden-Württemberg;DEBW013;"Stuttgart-Bad Cannstatt";"urban area";background;0;1;47;27;-;-
Baden-Württemberg;DEBW015;Heilbronn;"urban area";background;0;0;42;25;-;-
Baden-Württemberg;DEBW019;Ulm;"urban area";background;0;0;32;18;-;-
Baden-Württemberg;DEBW023;"Weil am Rhein";"suburban area";background;0;16;61;39;30755;21866
Baden-Württemberg;DEBW024;Ludwigsburg;"suburban area";background;0;3;50;34;26040;20371
Baden-Württemberg;DEBW027;Reutlingen;"urban area";background;0;2;28;18;-;-
Baden-Württemberg;DEBW029;Aalen;"suburban area";background;0;0;41;29;24568;21416
Baden-Württemberg;DEBW031;Schwarzwald-Süd;"rural regional";background;0;16;76;54;27315;22501
Baden-Württemberg;DEBW033;Pforzheim;"urban area";background;0;2;30;20;-;-
Baden-Württemberg;DEBW038;Friedrichshafen;"urban area";background;0;2;51;30;-;-
Baden-Württemberg;DEBW039;Villingen-Schwenningen;"suburban area";background;0;0;56;33;28717;21294
Baden-Württemberg;DEBW042;Bernhausen;"suburban area";background;0;4;49;30;26117;20173
Baden-Württemberg;DEBW046;Biberach;"suburban area";background;0;0;41;23;21982;17960
Baden-Württemberg;DEBW052;Konstanz;"urban area";background;0;0;47;27;-;-
Baden-Württemberg;DEBW056;"Schwäbisch Hall";"suburban area";background;-;-;-;24;-;18680
Baden-Württemberg;DEBW059;Tauberbischofsheim;"suburban area";background;0;0;46;29;24557;19321
Baden-Württemberg;DEBW073;Neuenburg;"suburban area";background;-;-;47;32;-;17526
Baden-Württemberg;DEBW076;Baden-Baden;"suburban area";background;0;0;51;35;26243;20167
Baden-Württemberg;DEBW081;Karlsruhe-Nordwest;"urban area";background;0;7;55;35;-;-
Baden-Württemberg;DEBW084;Freiburg;"urban area";background;0;8;58;35;-;-
Baden-Württemberg;DEBW087;"Schwäbische Alb";"rural regional";background;0;0;36;27;22143;19358
Baden-Württemberg;DEBW107;Tübingen;"suburban area";background;0;0;43;28;24789;19348
Baden-Württemberg;DEBW112;Gärtringen;"suburban area";background;0;4;65;43;32088;23180
Baden-Württemberg;DEBW005;Mannheim-Nord;"suburban area";industry;0;12;51;33;27503;19448
Baden-Württemberg;DEBW022;Kehl;"suburban area";industry;0;1;45;27;25333;19209
Bavaria;DEBY002;Arzberg/Egerstraße;"suburban area";background;0;0;25;14;18885;13913
Bavaria;DEBY004;"Kleinwallstadt/Hofstetter Straße";"suburban area";background;-;-;42;26;24243;18227
Bavaria;DEBY005;Aschaffenburg/Bussardweg;"suburban area";background;0;1;36;21;19713;15061
Bavaria;DEBY007;Augsburg/Bourges-Platz;"urban area";background;0;0;30;15;-;-
Bavaria;DEBY013;Mehring/Sportplatz;"rural regional";background;0;0;51;27;28790;17849
Bavaria;DEBY020;Hof/LfU;"suburban area";background;0;0;33;18;20647;15656
Bavaria;DEBY026;"Vohburg a.d. Donau/Alter Wöhrer Weg";"suburban area";background;0;0;42;26;24698;19555
Bavaria;DEBY030;"Saal a.d. Donau/Regensburger Straße";"suburban area";background;0;0;30;16;19755;12372
Bavaria;DEBY031;"Kempten (Allgäu)/Westendstraße";"suburban area";background;0;0;40;24;22087;17952
Bavaria;DEBY039;München/Lothstraße;"urban area";background;0;1;44;23;-;-
Bavaria;DEBY047;"Naila/Selbitzer Berg";"rural near town";background;0;0;33;19;19825;15435
Bavaria;DEBY049;"Neustadt a.d. Donau/Eining";"rural regional";background;0;0;47;28;26576;20491
Bavaria;DEBY052;Neu-Ulm/Gabelsbergerstraße;"urban area";background;0;0;43;26;-;-
Bavaria;DEBY058;Nürnberg/Muggenhof;"urban area";background;0;0;16;8.7;-;-
Bavaria;DEBY062;"Regen/Bodenmaiser Straße";"suburban area";background;0;0;29;17;21211;17526
Bavaria;DEBY067;"Schwandorf/Wackersdorfer Straße";"suburban area";background;0;0;26;16;21532;17484
Bavaria;DEBY068;Schweinfurt/Obertor;"urban area";background;0;0;25;15;-;-
Bavaria;DEBY072;Tiefenbach/Altenschneeberg;"rural regional";background;0;0;64;48;26286;20807
Bavaria;DEBY075;"Weiden i.d.OPf./Nikolaistraße";"urban area";background;0;0;32;16;-;-
Bavaria;DEBY077;Würzburg/Kopfklinik;"suburban area";background;0;0;30;17;20848;15449
Bavaria;DEBY079;"Bad Reichenhall/Kirchholzstraße";"urban area";background;0;0;27;15;-;-
Bavaria;DEBY088;Trostberg/Schwimmbadstraße;"suburban area";background;0;0;42;25;23437;17693
Bavaria;DEBY089;München/Johanneskirchen;"suburban area";background;0;1;49;27;25309;18686
Bavaria;DEBY093;Sulzbach-Rosenberg/Lohe;"suburban area";background;0;2;39;22;24964;17774
Bavaria;DEBY099;Augsburg/LfU;"suburban area";background;0;0;46;30;25964;19488
Bavaria;DEBY109;Andechs/Rothenfeld;"rural regional";background;0;2;51;29;27464;21340
Bavaria;DEBY113;Erlangen/Kraepelinstraße;"suburban area";background;-;-;42;27;27515;18971
Bavaria;DEBY122;"Bad Hindelang/Oberjoch";"rural regional";background;0;0;25;13;18247;15828
Bavaria;DEBY124;"Burgbernheim/Grüne Au";"rural regional";background;0;0;59;35;28599;21512
Bavaria;DEBY187;Oettingen/Goethestraße;"suburban area";background;0;0;39;27;23811;18585
Bavaria;DEBY188;Schwabach/Angerstraße;"urban area";background;0;0;37;20;-;-
Bavaria;DEBY189;München/Allach;"suburban area";background;0;1;50;28;25165;18765
Bavaria;DEBY196;Garmisch-Partenkirchen/Wasserwerk;"rural near town";background;0;0;14;9.3;14771;12265
Bavaria;DEBY037;München/Stachus;"urban area";traffic;0;0;5;2.3;7297;4763
Bavaria;DEBY115;"München/Landshuter Allee";"urban area";traffic;0;0;1;0.5;4405;3163
Berlin;DEBE010;"Berlin Wedding";"urban area";background;0;0;23;12;-;-
Berlin;DEBE027;"Berlin Marienfelde";"rural near town";background;0;3;36;23;23585;16392
Berlin;DEBE032;"Berlin Grunewald (3.5 m)";"rural near town";background;0;0;30;19;21019;12984
Berlin;DEBE034;"Berlin Neukölln";"urban area";background;0;0;29;17;-;-
Berlin;DEBE051;"Berlin Buch";"suburban area";background;0;0;22;16;16873;14588
Berlin;DEBE056;"Berlin Friedrichshagen";"rural near town";background;0;7;36;25;23326;17802
Berlin;DEBE062;"Berlin Frohnau (3.5 m)";"rural near town";background;0;1;25;17;18496;13048
Brandenburg;DEBB007;"Elsterwerda, 1992-2020";"suburban area";background;0;4;35;22;23127;16310
Brandenburg;DEBB021;Potsdam-Zentrum;"urban area";background;0;0;27;14;-;-
Brandenburg;DEBB048;Neuruppin;"suburban area";background;0;0;21;9.3;17922;10105
Brandenburg;DEBB053;"Hasenholz (Buckow)";"rural regional";background;0;2;24;14;17997;12946
Brandenburg;DEBB055;"Brandenburg a.d. Havel";"suburban area";background;0;0;22;14;17499;12201
Brandenburg;DEBB063;Wittenberge;"suburban area";background;0;0;34;16;22695;11930
Brandenburg;DEBB064;Cottbus;"urban area";background;0;0;38;19;-;-
Brandenburg;DEBB065;"Lütte (Belzig)";"rural regional";background;0;1;43;25;25700;15345
Brandenburg;DEBB066;Spreewald;"rural regional";background;0;2;31;15;20913;13463
Brandenburg;DEBB067;Nauen;"suburban area";background;0;0;26;16;20290;12693
Brandenburg;DEBB075;"Potsdam, Groß Glienicke";"suburban area";background;0;0;25;17;20744;13283
Brandenburg;DEBB083;Spremberg;"suburban area";background;0;0;37;20;22528;14624
Brandenburg;DEBB086;Blankenfelde-Mahlow;"suburban area";background;0;2;31;17;22734;14383
Brandenburg;DEBB092;"Frankfurt (Oder)";"suburban area";background;0;5;35;19;23063;14431
Brandenburg;DEBB029;"Schwedt (Oder)";"suburban area";industry;0;0;24;13;17817;11574
Brandenburg;DEBB032;Eisenhüttenstadt;"suburban area";industry;0;3;33;20;22968;15807
Bremen;DEHB001;Bremen-Mitte;"urban area";background;0;0;29;16;-;-
Bremen;DEHB002;Bremen-Ost;"urban area";background;0;0;18;9;-;-
Bremen;DEHB004;Bremen-Nord;"urban area";background;0;0;19;10;-;-
Bremen;DEHB005;Bremerhaven-Hansastraße;"urban area";background;0;0;27;13;-;-
Bremen;DEHB013;Bremen-Hasenbüren;"rural regional";industry;0;0;21;12;15638;9581
Hamburg;DEHH008;"Hamburg Sternschanze";"urban area";background;0;0;18;7.3;-;-
Hamburg;DEHH021;"Hamburg Tatenberg";"suburban area";background;-;-;-;6;-;6963
Hamburg;DEHH033;"Hamburg Flughafen Nord";"urban area";background;0;2;22;10;-;-
Hamburg;DEHH047;"Hamburg Bramfeld";"suburban area";background;0;2;26;11;18328;9040
Hamburg;DEHH049;"Hamburg Blankenese-Baursberg";"suburban area";background;-;-;-;8;-;7093
Hamburg;DEHH050;"Hamburg Neugraben";"suburban area";background;0;3;27;12;18687;10331
Hesse;DEHE001;Darmstadt;"urban area";background;0;1;39;21;-;-
Hesse;DEHE005;Frankfurt-Höchst;"urban area";background;0;0;23;13;-;-
Hesse;DEHE008;"Frankfurt Ost";"urban area";background;0;0;20;14;-;-
Hesse;DEHE011;Hanau;"urban area";background;0;10;57;30;-;-
Hesse;DEHE013;"Kassel Mitte";"urban area";background;0;3;38;19;-;-
Hesse;DEHE018;Raunheim;"urban area";background;0;11;42;27;-;-
Hesse;DEHE020;Wetzlar;"urban area";background;0;0;3;3.7;-;-
Hesse;DEHE022;"Wiesbaden Süd";"urban area";background;0;3;32;21;-;-
Hesse;DEHE024;Witzenhausen/Wald;"rural area";background;0;2;54;31;27313;15867
Hesse;DEHE026;Spessart;"rural regional";background;0;2;69;35;27878;17532
Hesse;DEHE028;Fürth/Odenwald;"rural area";background;0;5;67;38;26490;19221
Hesse;DEHE030;Marburg;"urban area";background;0;3;27;18;-;-
Hesse;DEHE032;Bebra;"urban area";background;0;0;35;19;-;-
Hesse;DEHE039;"Burg Herzberg";"rural area";background;0;1;63;37;26339;17398
Hesse;DEHE042;Linden/Leihgestern;"rural area";background;0;5;42;23;23864;16086
Hesse;DEHE043;Riedstadt;"rural near town";background;0;4;40;27;24969;18978
Hesse;DEHE044;Limburg;"urban area";background;0;2;24;18;-;-
Hesse;DEHE045;Michelstadt;"urban area";background;0;2;45;26;-;-
Hesse;DEHE046;"Bad Arolsen";"rural area";background;0;10;53;30;28980;14888
Hesse;DEHE050;Zierenberg;"rural area";background;0;4;32;17;19101;11170
Hesse;DEHE051;Wasserkuppe;"rural area";background;0;2;89;50;32099;22430
Hesse;DEHE052;"Kleiner Feldberg";"rural area";background;0;4;83;51;35679;23027
Hesse;DEHE060;Kellerwald;"rural regional";background;0;3;33;22;21563;13437
Hesse;DEHE134;"Fulda Zentral";"urban area";background;0;0;32;20;-;-
Hesse;DEHE135;Frankfurt-Schwanheim;"suburban area";background;0;6;51;51;16942;-
"Mecklenburg-West Pomerania";DEMV004;Gülzow;"rural area";background;0;0;22;10;18339;10245
"Mecklenburg-West Pomerania";DEMV007;Rostock-Stuthof;"suburban area";background;0;4;16;6.7;13245;8183
"Mecklenburg-West Pomerania";DEMV012;Löcknitz;"rural area";background;0;0;18;11;20045;11736
"Mecklenburg-West Pomerania";DEMV017;Göhlen;"rural area";background;0;0;38;17;23743;12522
"Mecklenburg-West Pomerania";DEMV019;Güstrow;"urban area";background;0;0;19;9.7;-;-
"Mecklenburg-West Pomerania";DEMV021;Rostock-Warnemünde;"urban area";background;0;3;16;6.7;-;-
"Mecklenburg-West Pomerania";DEMV024;Leizen;"rural area";background;0;1;31;14;20385;9339
"Mecklenburg-West Pomerania";DEMV026;Garz;"rural area";background;0;0;20;9;14742;8206
"Mecklenburg-West Pomerania";DEMV022;Rostock-Holbeinplatz;"urban area";traffic;0;0;2;1;-;-
"Lower Saxony";DENI011;Braunschweig;"suburban area";background;0;4;43;19;24009;12736
"Lower Saxony";DENI016;Oker/Harlingerode;"suburban area";background;0;0;41;23;22474;13698
"Lower Saxony";DENI020;Wolfsburg;"suburban area";background;0;7;41;18;23650;12646
"Lower Saxony";DENI029;Ostfriesland;"suburban area";background;0;6;29;15;19890;10838
"Lower Saxony";DENI031;Jadebusen;"rural area";background;0;2;21;10;17027;8478
"Lower Saxony";DENI038;Osnabrück;"urban area";background;0;14;40;23;-;-
"Lower Saxony";DENI041;Weserbergland;"suburban area";background;0;5;29;15;18974;10352
"Lower Saxony";DENI042;Göttingen;"suburban area";background;0;5;43;23;24097;14102
"Lower Saxony";DENI043;Emsland;"suburban area";background;0;3;34;20;20285;13367
"Lower Saxony";DENI051;Wurmberg;"rural area";background;0;5;70;37;30352;17655
"Lower Saxony";DENI052;Allertal;"suburban area";background;0;0;41;20;24239;12544
"Lower Saxony";DENI054;Hannover;"urban area";background;0;4;39;19;-;-
"Lower Saxony";DENI058;"Ostfries. Inseln";"rural area";background;0;0;15;10;13082;10011
"Lower Saxony";DENI059;Elbmündung;"rural area";background;0;0;13;6.3;12759;7212
"Lower Saxony";DENI060;Wendland;"rural area";background;0;0;31;16;21040;12241
"Lower Saxony";DENI062;"Lüneburger Heide";"suburban area";background;0;2;35;16;21235;11907
"Lower Saxony";DENI063;"Altes Land";"rural area";background;0;0;19;8;16262;8806
"Lower Saxony";DENI077;Solling-Süd;"rural area";background;0;0;36;17;20218;10458
"Lower Saxony";DENI053;Südoldenburg;"suburban area";industry;0;0;26;14;19311;11723
"Lower Saxony";DENI070;Salzgitter-Drütte;"rural area";industry;0;4;34;15;20749;10496
"North Rhine-Westphalia";DENW006;Lünen-Niederaden;"suburban area";background;0;8;39;22;23602;13305
"North Rhine-Westphalia";DENW008;Dortmund-Eving;"urban area";background;0;15;40;23;-;-
"North Rhine-Westphalia";DENW015;Marl-Sickingmühle;"suburban area";background;0;17;40;25;23340;13485
"North Rhine-Westphalia";DENW030;Wesel-Feldmark;"suburban area";background;0;23;39;24;24859;14418
"North Rhine-Westphalia";DENW038;Mülheim-Styrum;"urban area";background;0;12;33;22;-;-
"North Rhine-Westphalia";DENW042;Krefeld-Linn;"urban area";background;0;15;31;22;-;-
"North Rhine-Westphalia";DENW053;Köln-Chorweiler;"urban area";background;0;27;41;24;-;-
"North Rhine-Westphalia";DENW059;Köln-Rodenkirchen;"suburban area";background;0;8;30;17;18636;10301
"North Rhine-Westphalia";DENW064;"Simmerath (Eifel)";"rural regional";background;0;5;41;21;21296;12208
"North Rhine-Westphalia";DENW065;"Netphen Rothaargebirge";"rural regional";background;0;0;54;33;25358;16484
"North Rhine-Westphalia";DENW067;Bielefeld-Ost;"urban area";background;0;5;26;12;-;-
"North Rhine-Westphalia";DENW068;Soest-Ost;"rural near town";background;0;3;24;14;17782;11190
"North Rhine-Westphalia";DENW071;Düsseldorf-Lörick;"urban area";background;0;10;31;21;-;-
"North Rhine-Westphalia";DENW078;Ratingen-Tiefenbroich;"suburban area";background;0;11;30;20;19326;11699
"North Rhine-Westphalia";DENW079;Leverkusen-Manfort;"suburban area";background;0;14;28;15;18123;10817
"North Rhine-Westphalia";DENW080;Solingen-Wald;"suburban area";background;0;19;46;29;24494;14892
"North Rhine-Westphalia";DENW081;Borken-Gemen;"rural near town";background;0;13;31;22;20117;13589
"North Rhine-Westphalia";DENW094;Aachen-Burtscheid;"urban area";background;0;12;40;22;-;-
"North Rhine-Westphalia";DENW095;Münster-Geist;"urban area";background;0;22;40;24;-;-
"North Rhine-Westphalia";DENW096;Mönchengladbach-Rheydt;"suburban area";background;0;15;42;20;22437;11649
"North Rhine-Westphalia";DENW114;Wuppertal-Langerfeld;"urban area";background;0;13;29;17;-;-
"North Rhine-Westphalia";DENW179;Schwerte;"urban area";background;0;10;37;23;-;-
"North Rhine-Westphalia";DENW247;"Essen-Schuir (LANUV)";"suburban area";background;0;10;39;23;20901;11027
"North Rhine-Westphalia";DENW021;Bottrop-Welheim;"urban area";industry;0;11;32;21;-;-
"North Rhine-Westphalia";DENW034;Duisburg-Walsum;"urban area";industry;0;10;34;21;-;-
"North Rhine-Westphalia";DENW058;Hürth;"suburban area";industry;0;17;46;29;23722;13403
"North Rhine-Westphalia";DENW074;Niederzier;"rural near town";industry;0;19;42;24;23858;13578
Rhineland-Palatinate;DERP001;Ludwigshafen-Oppau;"urban area";background;0;8;35;19;-;-
Rhineland-Palatinate;DERP007;Mainz-Mombach;"urban area";background;0;1;30;18;-;-
Rhineland-Palatinate;DERP013;Westpfalz-Waldmohr;"rural area";background;0;2;45;28;22717;16097
Rhineland-Palatinate;DERP014;Hunsrück-Leisel;"rural area";background;0;12;52;32;24466;17462
Rhineland-Palatinate;DERP015;"Westeifel Wascheid";"rural area";background;0;10;40;24;22052;14041
Rhineland-Palatinate;DERP016;Westerwald-Herdorf;"rural area";background;0;0;34;22;19308;13139
Rhineland-Palatinate;DERP017;Pfälzerwald-Hortenkopf;"rural area";background;0;6;50;35;21585;17294
Rhineland-Palatinate;DERP019;Kaiserslautern-Rathausplatz;"urban area";background;0;0;31;17;-;-
Rhineland-Palatinate;DERP021;Neuwied-Hafenstraße;"urban area";background;0;3;32;19;-;-
Rhineland-Palatinate;DERP022;"Bad Kreuznach-Bosenheimer Straße";"urban area";background;0;3;24;17;-;-
Rhineland-Palatinate;DERP025;Wörth-Marktplatz;"urban area";background;0;2;47;30;-;-
Rhineland-Palatinate;DERP028;Westerwald-Neuhäusel;"rural area";background;0;16;58;34;27309;15601
Rhineland-Palatinate;DERP053;Speyer-Nord;"suburban area";background;0;3;36;22;22919;15235
Rhineland-Palatinate;DERP060;Pirmasens-Innenstadt;"urban area";background;0;0;18;12;-;-
Rhineland-Palatinate;DERP047;Trier-Pfalzel;"suburban area";industry;1;24;25;16;17326;12339
Rhineland-Palatinate;DERP023;Worms-Hagenstraße;"urban area";traffic;0;0;30;15;-;-
Rhineland-Palatinate;DERP024;Koblenz-Friedrich-Ebert-Ring;"urban area";traffic;0;0;17;8;-;-
Saarland;DESL002;"Bexbach Schule";"suburban area";background;0;2;38;23;23663;15309
Saarland;DESL011;Saarbrücken-Eschberg;"urban area";background;0;0;37;20;-;-
Saarland;DESL012;Saarbrücken-City;"urban area";background;0;0;19;8.3;-;-
Saarland;DESL017;"Völklingen-City Stadionstr.";"urban area";background;0;0;19;14;-;-
Saarland;DESL018;Sulzbach;"urban area";background;-;-;-;11;-;-
Saarland;DESL019;Biringen;"rural regional";background;0;11;44;23;23879;15461
Saarland;DESL003;"Dillingen City";"urban area";industry;0;5;29;17;-;-
Saarland;DESL020;Saarbrücken-Verkehr;"urban area";traffic;0;0;3;2;-;-
Saxony;DESN001;Annaberg-Buchholz;"urban area";background;0;0;11;6.7;-;-
Saxony;DESN004;Bautzen;"urban area";background;0;1;38;17;-;-
Saxony;DESN045;Zittau-Ost;"suburban area";background;0;0;33;16;22284;14555
Saxony;DESN049;Carlsfeld;"rural secluded";background;0;0;52;31;25044;19556
Saxony;DESN051;Radebeul-Wahnsdorf;"rural near town";background;0;1;28;20;19771;16210
Saxony;DESN052;Zinnwald;"rural regional";background;0;5;75;43;29864;21513
Saxony;DESN053;Fichtelberg;"rural secluded";background;0;0;80;50;28883;23270
Saxony;DESN059;Leipzig-West;"suburban area";background;0;5;43;24;-;-
Saxony;DESN074;Schwartenberg;"rural regional";background;0;0;60;39;25304;20622
Saxony;DESN076;Collmberg;"rural secluded";background;0;4;51;27;24334;15446
Saxony;DESN079;Niesky;"rural regional";background;0;0;41;22;25119;17915
Saxony;DESN080;Schkeuditz;"rural near town";background;0;3;49;29;26015;17352
Saxony;DESN081;Plauen-DWD;"suburban area";background;0;0;35;18;20170;15772
Saxony;DESN082;Leipzig-Thekla;"suburban area";background;0;0;28;13;18891;11531
Saxony;DESN092;Dresden-Winckelmannstr.;"urban area";background;0;1;38;22;-;-
Saxony;DESN104;"Chemnitz Hans-Link-Straße";"urban area";background;0;0;41;26;-;-
Saxony;DESN061;Dresden-Nord;"urban area";traffic;0;0;21;12;-;-
Saxony;DESN084;Dresden-Bergstr.;"urban area";traffic;0;0;3;1.5;6741;-
Saxony-Anhalt;DEST002;Burg;"suburban area";background;0;0;44;23;26409;17295
Saxony-Anhalt;DEST011;Wernigerode/Bahnhof;"urban area";background;0;0;38;19;-;-
Saxony-Anhalt;DEST028;Zeitz;"urban area";background;0;0;40;22;-;-
Saxony-Anhalt;DEST039;Brocken;"rural secluded";background;0;7;66;39;29817;19874
Saxony-Anhalt;DEST044;Halberstadt;"urban area";background;0;2;38;20;-;-
Saxony-Anhalt;DEST050;Halle/Nord;"urban area";background;0;1;38;21;-;-
Saxony-Anhalt;DEST066;Wittenberg/Bahnstrasse;"urban area";background;0;4;48;26;-;-
Saxony-Anhalt;DEST077;Magdeburg/West;"urban area";background;0;1;40;21;-;-
Saxony-Anhalt;DEST089;Zartau/Waldstation;"rural regional";background;0;0;22;13;14295;12016
Saxony-Anhalt;DEST098;"Unterharz / Friedrichsbrunn";"rural regional";background;0;1;51;23;26790;14547
Saxony-Anhalt;DEST104;"Domäne Bobbe";"rural area";background;0;0;44;26;27465;16194
Saxony-Anhalt;DEST105;"Stendal Stadtsee";"urban area";background;0;0;34;19;-;-
Saxony-Anhalt;DEST106;"Goldene Aue (Roßla)";"rural area";background;0;1;43;30;23489;14208
Saxony-Anhalt;DEST015;Bitterfeld/Wolfen;"suburban area";industry;0;1;45;25;26875;16780
Saxony-Anhalt;DEST090;Leuna;"suburban area";industry;0;4;49;28;25828;17276
Schleswig-Holstein;DESH001;Altendeich;"rural regional";background;0;0;17;8;14882;8544
Schleswig-Holstein;DESH008;Bornhöved;"rural regional";background;0;0;28;13;19897;10792
Schleswig-Holstein;DESH013;Fehmarn;"rural regional";background;0;0;-;-;-;-
Schleswig-Holstein;DESH014;St.-Peter-Ording;"rural regional";background;0;0;20;8.7;14554;10067
Schleswig-Holstein;DESH015;Itzehoe;"urban area";background;0;0;28;14;16614;10194
Schleswig-Holstein;DESH016;Barsbüttel;"suburban area";background;0;1;29;19;14663;10924
Schleswig-Holstein;DESH023;"Lübeck-St. Jürgen";"urban area";background;0;3;22;12;-;-
Schleswig-Holstein;DESH033;Kiel-Max-Planck-Str.;"urban area";background;-;-;-;6;-;-
Schleswig-Holstein;DESH035;"Brunsbüttel-Cuxhavener Straße";"urban area";background;0;0;12;5.7;-;-
Schleswig-Holstein;DESH056;Eggebek;"rural regional";background;0;0;16;8;15534;-
Schleswig-Holstein;DESH057;Kiel-Bremerskamp;"urban area";background;0;0;11;11;-;-
Thuringia;DETH005;Saalfeld;"urban area";background;0;0;32;18;-;-
Thuringia;DETH009;"Gera Friedericistr.";"urban area";background;0;0;31;17;-;-
Thuringia;DETH011;"Altenburg Theaterplatz";"urban area";background;0;1;36;20;-;-
Thuringia;DETH013;"Eisenach Werneburgstr.";"urban area";background;0;0;30;17;-;-
Thuringia;DETH018;Nordhausen;"urban area";background;0;0;33;17;-;-
Thuringia;DETH020;"Erfurt Krämpferstr.";"urban area";background;0;0;19;11;-;-
Thuringia;DETH026;Dreißigacker;"rural regional";background;0;0;50;29;24592;17234
Thuringia;DETH027;Neuhaus;"rural secluded";background;0;0;59;31;24648;18068
Thuringia;DETH036;"Greiz Mollbergstr.";"urban area";background;0;0;45;24;-;-
Thuringia;DETH041;"Jena Dammstr.";"urban area";background;0;0;30;22;-;-
Thuringia;DETH042;Possen;"rural secluded";background;0;1;50;26;24298;15054
Thuringia;DETH060;Zella-Mehlis;"urban area";background;-;-;4;12;-;-
Thuringia;DETH061;Hummelshain;"rural secluded";background;0;0;46;33;23232;17823
Thuringia;DETH095;"Mühlhausen Bastmarkt";"urban area";background;0;0;29;14;-;-
Thuringia;DETH117;"Erfurt Bautzener Weg";"suburban area";background;0;0;42;28;22982;-
UBA;DEUB001;Westerland;"rural area";background;0;0;18;14;15311;11885
UBA;DEUB004;Schauinsland;"rural regional";background;0;32;86;57;34721;25923
UBA;DEUB005;Waldhof;"rural area";background;-;-;34;18;-;12491
UBA;DEUB028;Zingst;"rural area";background;0;3;19;8.7;14171;8600
UBA;DEUB029;Schmücke;"rural area";background;0;0;73;38;26968;19213
UBA;DEUB030;Neuglobsow;"rural regional";background;0;0;21;10;19389;11364
UBA;DEUB044;"Zugspitze Schneefernerhaus";"rural secluded";background;-;-;-;0;-;8224
UBA;DEUB046;Forellenbach;"rural secluded";background;0;0;72;44;31951;23897

"Source: German Environment Agency, https://www.umweltbundesamt.de/en/data/air/air-data/annual-tabulation (Status: 2021-01-20). All times are given in the time valid at the time of measurement (CET or CEST)."
