NAPS_ID,City,P_T,Location,Latitude,Longitude,Elevation,Classification,ID,Minimum,10th_Percentile,30th_Percentile,50th_Percentile,70th_Percentile,80th_Percentile,90th_Percentile,95th_Percentile,98th_Percentile,99th_Percentile,99.9th_Percentile,Maximum,Percent_Completeness,January,February,March,April,May,June,July,August,September,October,November,December,Mean,Standard_Deviation,Year
10102,St. John's,NL,354 Water Street,47.56038,-52.71147,7,"PE,LU,P4,R",DMean,0.08,0.11,0.13,0.15,0.16,0.17,0.19,0.2,0.23,0.25,0.26,0.26,98.087431694,0.16,0.16,0.16,0.14,0.12,0.12,0.13,0.15,0.16,0.17,0.16,0.16,0.15,0.030467803,2020
10401,Mount Pearl,NL,Old Placentia Road,47.50513,-52.79476,135,"PE,LU,P3,R",DMean,0.06,0.12,0.14,0.16,0.2,0.21,0.23,0.25,0.28,0.29,0.3,0.3,98.087431694,0.17,0.26,0.2,0.17,0.21,0.15,0.14,0.14,0.16,0.15,0.16,0.15,0.17,0.045207785,2020
10501,Grand Falls-Windsor,NL,Scott Avenue,48.92696,-55.65966,62,"PE,SU,P3,I",DMean,0.04,0.08,0.1,0.11,0.14,0.16,0.18,0.2,0.24,0.26,0.29,0.29,89.344262295,0.2,0.16,0.1,0.1,0.14,0.13,0.08,0.08,0.11,0.12,0.14,,0.12,0.042541181,2020
10602,Corner Brook,NL,Macpherson Ave,48.95224,-57.92207,100,"PE,SU,P3,R",DMean,0.02,0.07,0.14,0.16,0.18,0.19,0.23,0.24,0.26,0.32,0.35,0.35,98.633879781,0.15,0.2,0.18,0.19,0.17,0.15,0.09,0.1,0.16,0.2,0.15,0.12,0.15,0.056033208,2020
10901,Burin,NL,18 Hwy 220 (Main St.),47.09899,-55.19852,1,"RB,NU,P2,R",DMean,0.09,0.11,0.12,0.13,0.14,0.15,0.16,0.17,0.18,0.19,0.26,0.26,95.081967213,0.15,0.12,0.13,0.13,0.16,0.15,0.14,0.12,0.12,0.11,0.12,0.12,0.13,0.021488307,2020
30113,Halifax,NS,1672 Granville Street,44.64711,-63.57366,28,"PE,LU,P4,R",DMean,0.04,0.07,0.08,0.1,0.11,0.12,0.14,0.16,0.18,0.21,2.31,2.31,97.81420765,0.13,0.14,0.12,0.1,0.09,0.08,0.1,0.09,0.09,0.08,0.17,0.08,0.11,0.121666593,2020
30310,Sydney,NS,71 Welton Street,46.14222,-60.17252,27,"PE,SU,P3,R",DMean,0.07,0.1,0.11,0.12,0.14,0.15,0.17,0.2,0.22,0.28,0.29,0.29,96.721311475,0.17,0.17,0.14,0.12,0.12,0.11,0.11,0.12,0.12,0.12,0.12,0.13,0.13,0.033813254,2020
40209,Saint John,NB,8 Castle Street,45.28028,-66.05611,41,"PE,MU,P3,R",DMean,0.1,0.12,0.14,0.15,0.17,0.18,0.19,0.21,0.24,0.27,0.3,0.3,99.180327869,0.18,0.19,0.17,0.15,0.15,0.14,0.14,0.13,0.14,0.16,0.16,0.17,0.16,0.030962169,2020
40302,Moncton,NB,5 Thanet Street,46.101578,-64.789661,9,"T,LU,P4,R",DMean,0.1,0.12,0.14,0.16,0.17,0.19,0.22,0.27,0.34,0.37,0.62,0.62,91.530054645,0.23,0.22,0.18,0.16,0.14,0.13,0.14,0.14,0.16,,0.19,0.18,0.17,0.052756601,2020
50109,Montreal,QC,"2495 Duncan / Decarie, Mt-Royal",45.502648,-73.663913,41,"T,LU,P6,I",DMean,0.11,0.17,0.2,0.22,0.25,0.28,0.33,0.37,0.44,0.47,0.66,0.66,97.540983607,0.3,0.3,0.23,0.18,0.2,0.21,0.22,0.23,0.23,0.24,0.27,0.24,0.24,0.073829322,2020
50113,Laval,QC,1160 Boul Pie-Ix,45.547463,-73.748317,35,"PE,LU,P6,R",DMean,0.1,0.14,0.16,0.18,0.2,0.22,0.26,0.32,0.39,0.5,0.61,0.61,96.721311475,0.26,0.26,0.21,0.17,0.15,0.16,0.16,0.16,0.18,0.19,0.23,0.21,0.19,0.068069635,2020
50128,Montreal,QC,"90-A Rue Herve-Saint-Martin, Dorval",45.468322,-73.741198,33,"PE,LU,P3,C",DMean,0.1,0.13,0.15,0.16,0.18,0.21,0.26,0.29,0.36,0.43,0.6,0.6,97.81420765,0.25,0.25,0.2,0.16,0.15,0.14,0.14,0.15,0.16,0.16,0.2,0.19,0.18,0.060858269,2020
50129,Montreal,QC,12400 Wilfrid-Ouellette (R-D-P),45.651691,-73.573825,29,"PE,LU,P4,R",DMean,0.1,0.13,0.15,0.17,0.2,0.21,0.25,0.28,0.37,0.43,0.54,0.54,99.726775956,0.23,0.24,0.2,0.17,0.16,0.15,0.15,0.16,0.16,0.18,0.21,0.2,0.19,0.056955913,2020
50135,Montreal,QC,4240 Rue Charleroi,45.5934,-73.63726,41,"PE,LU,P6,R",DMean,0.11,0.15,0.17,0.19,0.21,0.24,0.28,0.32,0.42,0.47,0.58,0.58,95.628415301,0.26,0.26,0.22,0.17,0.16,0.16,0.16,0.18,0.19,0.2,0.23,0.22,0.2,0.064541785,2020
50136,Montreal,QC,75 Rue Ontario Est,45.512189,-73.566842,32,"PE,LU,P6,R",DMean,0.11,0.14,0.17,0.18,0.2,0.22,0.26,0.28,0.34,0.41,0.45,0.45,100,0.24,0.24,0.2,0.17,0.17,0.16,0.17,0.17,0.18,0.19,0.22,0.21,0.19,0.050363688,2020
50204,Gatineau,QC,"255 St-Redempteur, Hull",45.435987,-75.723429,62,"PE,LU,P5,R",DMean,0.1,0.13,0.15,0.17,0.19,0.21,0.24,0.28,0.33,0.36,0.57,0.57,98.907103825,0.22,0.23,0.2,0.16,0.15,0.14,0.15,0.16,0.16,0.18,0.22,0.19,0.18,0.051213221,2020
50308,Quebec,QC,600 Rue Des Sables,46.821177,-71.220495,8,"PE,LU,P6,R",DMean,0.11,0.14,0.16,0.18,0.21,0.23,0.29,0.37,0.43,0.45,0.57,0.57,97.540983607,0.25,0.3,0.2,0.18,0.16,0.16,0.16,0.18,0.19,0.19,0.25,0.21,0.2,0.072735133,2020
50313,Quebec,QC,Autoroute Henri Iv Nord/Sortie 138,46.781321,-71.308717,52,"T,LU,P5,R",DMean,0.1,0.18,0.28,0.37,0.47,0.54,0.63,0.69,0.78,0.79,0.84,0.84,99.180327869,0.41,0.49,0.31,0.25,0.32,0.38,0.4,0.49,0.48,0.37,0.4,0.37,0.39,0.167506024,2020
54401,Saint-Anicet,QC,1128 De La Guerre,45.120624,-74.2896,50,"RB,NU,P2,A",DMean,0.09,0.11,0.13,0.14,0.15,0.16,0.18,0.19,0.22,0.24,0.27,0.27,96.448087432,0.17,0.17,0.16,0.15,0.13,0.12,0.13,0.13,0.13,0.14,0.16,0.15,0.15,0.027652162,2020
60104,Ottawa,ON,Rideau & Wurtemburg,45.43433,-75.676,68,"PE,LU,P6,R",DMean,0.09,0.13,0.16,0.17,0.2,0.22,0.24,0.28,0.33,0.37,0.52,0.52,98.907103825,0.21,0.22,0.2,0.16,0.16,0.15,0.15,0.17,0.17,0.19,0.23,0.2,0.18,0.051226885,2020
60204,Windsor,ON,467 University Ave. West,42.315778,-83.043667,176,"T,LU,P4,R",DMean,0.11,0.16,0.18,0.2,0.22,0.24,0.27,0.29,0.33,0.36,0.43,0.43,98.360655738,0.22,0.23,0.23,0.2,0.18,0.18,0.19,0.21,0.21,0.21,0.22,0.22,0.21,0.045525477,2020
60430,Toronto,ON,125 Resources Road,43.709444,-79.5435,141,"PE,LU,P6,C",DMean,0.13,0.17,0.19,0.21,0.23,0.25,0.28,0.3,0.38,0.4,0.58,0.58,96.721311475,0.24,0.23,0.23,0.19,0.21,0.2,0.2,0.2,0.23,0.22,0.24,0.23,0.22,0.050711566,2020
60438,Toronto,ON,401w - 125 Resources Rd.,43.711106,-79.543425,139,"T,LU,P6,C",DMean,0.17,0.21,0.26,0.29,0.32,0.34,0.37,0.4,0.45,0.52,0.7,0.7,95.901639344,0.3,0.31,0.29,0.25,0.27,0.27,0.29,0.29,0.3,0.31,0.33,0.32,0.29,0.067182156,2020
60440,Toronto,ON,4905 Dufferin Street,43.78042,-79.46752,,"PE,LU,P6,I",DMean,0.11,0.15,0.17,0.19,0.21,0.22,0.25,0.28,0.33,0.39,0.5,0.5,98.633879781,0.21,0.2,0.2,0.17,0.18,0.17,0.17,0.18,0.2,0.2,0.24,0.21,0.19,0.050005531,2020
60512,Hamilton,ON,Elgin & Kelly,43.25778,-79.86167,90,"PS,LU,P5,R",DMean,0.11,0.15,0.17,0.2,0.24,0.27,0.3,0.34,0.39,0.42,0.58,0.58,99.726775956,0.22,0.22,0.25,0.21,0.24,0.2,0.2,0.21,0.22,0.21,0.24,0.2,0.22,0.065245494,2020
70119,Winnipeg,MB,65 Ellen Street,49.89799,-97.14653,229,"PE,LU,P6,R",DMean,0,0,0,0,0.01,0.01,0.02,0.03,0.05,0.06,0.09,0.09,92.62295082,0.02,0.02,0.01,0.01,0,0,0,0.01,0.01,0.01,0,,0.01,0.011087651,2020
80111,Regina,SK,1621 Albert St.,50.4527,-104.616,585,"PE,LU,P4,R",DMean,0.09,0.12,0.14,0.16,0.17,0.18,0.21,0.23,0.26,0.27,0.35,0.35,98.360655738,0.18,0.2,0.17,0.16,0.14,0.12,0.12,0.13,0.15,0.15,0.18,0.19,0.16,0.036989158,2020
80211,Saskatoon,SK,511 1st Avenue North,52.13613,-106.66293,483,"PE,LU,P4,R",DMean,0.1,0.12,0.15,0.17,0.19,0.21,0.23,0.25,0.29,0.3,0.36,0.36,98.907103825,0.21,0.21,0.19,0.17,0.15,0.13,0.13,0.15,0.16,0.16,0.2,0.22,0.17,0.042304488,2020
90120,Edmonton,AB,6240 113 Street,53.50022,-113.526056,681,"PE,LU,P4,R",DMean,0.1,0.11,0.14,0.17,0.2,0.23,0.3,0.34,0.44,0.62,0.73,0.73,98.907103825,0.3,0.24,0.2,0.16,0.14,0.12,0.13,0.15,0.18,0.16,0.26,0.27,0.19,0.08868166,2020
90121,Edmonton,AB,17 Street & 105 Avenue,53.54823,-113.36811,670,"PS,LU,P3,I",DMean,0.1,0.15,0.19,0.2,0.22,0.24,0.27,0.32,0.39,0.44,0.54,0.54,97.81420765,0.24,0.24,0.19,0.19,0.19,0.21,0.22,0.22,0.22,0.18,0.22,0.23,0.21,0.057161716,2020
90136,St. Albert,AB,37 Sunset Blvd,53.626908,-113.611883,681,"PE,MU,P4,R",DMean,0.04,0.1,0.12,0.16,0.2,0.23,0.3,0.36,0.41,0.45,0.64,0.64,97.81420765,0.3,0.24,0.15,0.17,0.13,0.11,0.12,0.13,0.16,0.17,0.25,0.24,0.18,0.086204944,2020
90229,Calgary,AB,4700 110 Avenue Se,50.955122,-113.969742,1032,"PE,LU,P3,I",DMean,0.04,0.13,0.16,0.18,0.22,0.25,0.31,0.38,0.46,0.52,0.71,0.71,99.180327869,0.31,0.24,0.2,0.18,0.17,0.15,0.13,0.15,0.2,0.18,0.28,0.29,0.21,0.086152413,2020
90230,Calgary,AB,2425 9th Ave Se,51.0309,-114.0091,1038,"PE,LU,P4,P",DMean,0.1,0.13,0.17,0.2,0.25,0.31,0.39,0.49,0.63,0.71,0.91,0.91,97.81420765,0.39,0.3,0.24,0.19,0.18,0.16,0.16,0.16,0.21,0.2,0.33,0.35,0.24,0.123704763,2020
90235,Calgary,AB,3303 - 33 Street Nw,51.082655,-114.138827,1100,"PE,LU,P4,R",DMean,0.07,0.13,0.15,0.17,0.2,0.22,0.27,0.32,0.39,0.43,0.48,0.48,97.267759563,0.28,0.22,0.2,0.17,0.17,0.14,0.14,0.13,0.19,0.17,0.22,0.2,0.19,0.065053122,2020
90250,Airdrie,AB,Chinook Winds Park,51.268078,-114.037794,1090,"PE,MU,P4,P",DMean,0,0.19,0.2,0.21,0.23,0.25,0.28,0.3,0.32,0.44,0.56,0.56,98.087431694,0.24,0.22,0.21,0.2,0.21,0.22,0.25,0.25,0.26,0.23,0.06,0.21,0.21,0.067056566,2020
90302,Red Deer,AB,73 Street & Riverside Drive,52.29867,-113.79352,858,"PE,MU,P3,R",DMean,0.1,0.11,0.15,0.19,0.21,0.23,0.3,0.34,0.38,0.44,0.47,0.47,89.344262295,0.28,0.26,0.22,0.2,0.16,0.12,0.13,0.15,0.19,0.17,0.25,,0.19,0.072736678,2020
90304,Red Deer,AB,11 Lancaster Drive,52.24095,-113.765439,907,"T,MU,P4,R",DMean,0.1,0.18,0.2,0.21,0.22,0.23,0.26,0.29,0.32,0.37,0.53,0.53,99.453551913,0.22,0.21,0.19,0.19,0.19,0.2,0.21,0.22,0.25,0.2,0.23,0.24,0.21,0.042617077,2020
90402,Medicine Hat,AB,12th St Nw & Division Ave.,50.04893,-110.68116,709,"PE,MU,P3,R",DMean,0.1,0.1,0.1,0.12,0.14,0.16,0.18,0.19,0.2,0.22,0.35,0.35,95.901639344,0.17,0.16,0.14,0.12,0.12,0.1,0.11,0.11,0.15,0.12,0.13,0.13,0.13,0.035123555,2020
90502,Lethbridge,AB,,49.71621,-112.8006,918,"PE,MU,P3,I",DMean,0.08,0.11,0.14,0.17,0.19,0.2,0.22,0.25,0.27,0.31,0.42,0.42,97.540983607,0.18,0.19,0.18,0.15,0.15,0.13,0.14,0.15,0.18,0.18,0.19,0.18,0.17,0.045861181,2020
90601,Fort Saskatchewan,AB,9209a-96 Ave,53.69874,-113.22285,628,"T,SU,P3,R",DMean,0.01,0.1,0.13,0.17,0.2,0.23,0.34,0.41,0.45,0.51,0.72,0.72,100,0.26,0.23,0.17,0.14,0.16,0.15,0.12,0.13,0.17,0.15,0.24,0.39,0.19,0.098220682,2020
90701,Fort Mcmurray,AB,Franklin Avenue,56.73341,-111.39047,260,"PE,MU,P3,W",DMean,0.1,0.1,0.11,0.13,0.15,0.17,0.2,0.23,0.26,0.29,0.36,0.36,100,0.18,0.16,0.13,0.13,0.11,0.12,0.11,0.12,0.14,0.12,0.18,0.17,0.14,0.04421679,2020
91701,Steeper,AB,Ne 12 48 22 W5,53.1325,-117.09111,1400,"RB,NU,P1,F",DMean,0.09,0.11,0.13,0.14,0.16,0.17,0.18,0.21,0.28,0.31,0.57,0.57,97.267759563,0.13,0.12,0.13,0.14,0.16,0.15,0.18,0.17,0.21,0.14,0.13,0.12,0.15,0.042525637,2020
92001,Grande Prairie,AB,10327 - 107 Avenue,55.1766,-118.8078,658,"PE,MU,P3,W",DMean,0.1,0.12,0.15,0.18,0.21,0.26,0.34,0.4,0.52,0.56,0.75,0.75,99.726775956,0.31,0.24,0.21,0.19,0.15,0.13,0.13,0.14,0.18,0.19,0.29,0.29,0.2,0.096007065,2020
100110,Metro Van - Burnaby,BC,700 Hammarskjold Drive,49.279214,-122.970707,104,"T,LU,P4,R",DMean,0.11,0.14,0.16,0.17,0.19,0.2,0.23,0.28,0.64,0.97,1.65,1.65,99.453551913,0.16,0.19,0.17,0.17,0.15,0.14,0.16,0.18,0.44,0.21,0.18,0.19,0.19,0.141352702,2020
100111,Metro Van - Port Moody,BC,Moody & Esplanade St.,49.280893,-122.849291,6,"PE,LU,P5,W",DMean,0.13,0.16,0.19,0.21,0.24,0.27,0.33,0.41,0.64,1.04,1.64,1.64,99.726775956,0.23,0.25,0.23,0.18,0.19,0.17,0.21,0.22,0.49,0.25,0.24,0.26,0.24,0.146408086,2020
100112,Metro Van - Vancouver,BC,Robson/Hornby,49.282272,-123.12188,32,"T,LU,P6,R",DMean,0.11,0.14,0.17,0.19,0.22,0.23,0.26,0.33,0.63,0.81,1.43,1.43,99.726775956,0.21,0.23,0.2,0.16,0.15,0.15,0.16,0.17,0.42,0.23,0.22,0.24,0.21,0.127976294,2020
100119,Metro Van - Burnaby,BC,5455 Rumble Street,49.21519,-122.985666,122,"PE,LU,P6,R",DMean,0.1,0.13,0.15,0.17,0.2,0.22,0.25,0.28,0.65,1,1.62,1.62,100,0.18,0.23,0.19,0.17,0.15,0.14,0.13,0.14,0.42,0.22,0.19,0.21,0.2,0.140279255,2020
100121,Metro Van - North Vancouver,BC,75 Riverside Dr.,49.301472,-123.020417,4,"PS,LU,P5,I",DMean,0.1,0.12,0.14,0.17,0.19,0.21,0.25,0.3,0.56,0.75,1.18,1.18,98.360655738,0.17,0.22,0.16,0.14,0.14,0.13,0.15,0.16,0.38,0.21,0.2,0.22,0.19,0.111139864,2020
100127,Metro Van - Surrey,BC,72nd Ave. And 190 St.,49.132928,-122.694224,79,"T,LU,P4,R",DMean,0.07,0.1,0.12,0.14,0.16,0.18,0.21,0.24,0.55,0.95,1.64,1.64,99.180327869,0.15,0.17,0.16,0.13,0.11,0.1,0.11,0.13,0.38,0.18,0.17,0.18,0.16,0.137715587,2020
100128,Metro Van - Richmond,BC,10371 Aragon Rd,49.141437,-123.108215,4,"PE,LU,P4,R",DMean,0.08,0.11,0.13,0.15,0.18,0.2,0.26,0.34,0.58,1.03,1.4,1.4,100,0.15,0.21,0.19,0.15,0.13,0.11,0.11,0.12,0.36,0.18,0.2,0.24,0.18,0.13427444,2020
100132,Metro Van - North Vancouver,BC,16th St. & Jones Ave,49.323994,-123.083496,71,"PE,LU,P5,R",DMean,0.12,0.15,0.17,0.19,0.22,0.23,0.29,0.37,0.85,1.22,1.66,1.66,72.950819672,0.19,,0.21,,,0.17,0.15,0.17,0.46,0.23,0.22,0.24,,,2020
100134,Metro Van - Richmond,BC,3153 Templeton Street,49.186265,-123.152422,1,"PE,LU,P5,C",DMean,0.09,0.12,0.15,0.18,0.22,0.25,0.29,0.38,0.68,1.1,1.61,1.61,99.180327869,0.2,0.26,0.22,0.17,0.15,0.13,0.12,0.15,0.43,0.21,0.23,0.28,0.21,0.153271659,2020
100135,Metro Van - Coquitlam,BC,1250 Pinetree Way,49.288265,-122.79157,38,"PE,LU,P5,R",DMean,0.12,0.16,0.17,0.2,0.22,0.24,0.28,0.32,0.61,0.88,1.62,1.62,99.453551913,0.2,0.22,0.21,0.18,0.18,0.17,0.17,0.19,0.43,0.24,0.24,0.23,0.22,0.134376014,2020
100138,Metro Van - West Vancouver,BC,6350 Marine Drive,49.36861,-123.276741,65,"T,LU,P2,R",DMean,0.1,0.14,0.15,0.16,0.17,0.18,0.19,0.19,0.21,0.22,0.22,0.22,14.754098361,0.16,0.16,,,,,,,,,,,,,2020
100140,Metro Van - Delta,BC,411 Milsom Wynd,49.009877,-123.081997,52,"PE,LU,P3,R",DMean,0.07,0.09,0.12,0.13,0.15,0.16,0.18,0.2,0.44,1.13,1.42,1.42,99.726775956,0.13,0.16,0.15,0.14,0.12,0.1,0.09,0.11,0.35,0.15,0.15,0.16,0.15,0.131867584,2020
100141,Metro Van - Vancouver,BC,"1290 East 11th Ave,",49.260267,-123.077776,30,"T,LU,P6,R",DMean,0.13,0.19,0.24,0.28,0.34,0.38,0.51,0.69,0.96,1.07,1.63,1.63,98.633879781,0.32,0.38,0.33,0.25,0.22,0.21,0.22,0.25,0.55,0.37,0.38,0.49,0.33,0.185201847,2020
100304,Victoria,BC,"Sj Willis School, 923 Topaz Ave.",48.441942,-123.363165,29,"T,LU,P6,R",DMean,0.11,0.14,0.15,0.18,0.22,0.25,0.3,0.35,0.53,1.21,1.47,1.47,89.344262295,0.19,0.23,0.23,0.18,0.16,0.14,0.16,0.18,0.43,0.22,0.24,0.24,0.22,0.158169516,2020
100703,Kelowna,BC,1450 Klo Road,49.862119,-119.467461,,"PE,LU,P5,R",DMean,0.12,0.14,0.17,0.2,0.23,0.26,0.3,0.33,0.46,0.82,2.58,2.58,99.453551913,0.27,0.25,0.21,0.18,0.17,0.15,0.16,0.17,0.46,0.23,0.25,0.26,0.23,0.183421619,2020
101003,Metro Van - Abbotsford,BC,32995 Bevan Ave.,49.04258,-122.30982,58,"PE,LU,P4,R",DMean,0.12,0.15,0.18,0.19,0.22,0.24,0.27,0.31,0.74,1.07,1.73,1.73,99.726775956,0.18,0.22,0.21,0.19,0.19,0.17,0.17,0.19,0.46,0.22,0.22,0.24,0.22,0.147939473,2020
101005,Metro Van - Abbotsford,BC,1073 Columbia Street,49.021554,-122.326523,65,"PE,LU,P3,A",DMean,0.07,0.1,0.12,0.13,0.14,0.15,0.18,0.19,0.56,0.94,1.6,1.6,99.726775956,0.12,0.15,0.14,0.13,0.12,0.1,0.1,0.12,0.36,0.15,0.14,0.15,0.15,0.134107416,2020
101101,Metro Van-Chilliwack,BC,46360 Airport Road,49.155848,-121.940279,12,"PE,MU,P3,R",DMean,0.11,0.14,0.15,0.17,0.19,0.21,0.23,0.26,0.55,0.94,1.59,1.59,98.907103825,0.16,0.2,0.19,0.17,0.16,0.14,0.15,0.16,0.39,0.2,0.2,0.2,0.19,0.127464156,2020
101301,Metro Van-Langley,BC,23752 52nd Avenue,49.09561,-122.567104,88,"PE,LU,P3,R",DMean,0.09,0.13,0.14,0.16,0.19,0.21,0.25,0.28,0.7,1.03,1.63,1.63,97.81420765,0.15,0.22,0.21,0.17,0.16,0.13,0.13,0.14,0.42,0.2,0.22,0.19,0.19,0.150229934,2020
101401,Metro Van-Hope,BC,62715 Airport Road,49.369887,-121.49912,40,"RB,SU,P2,F",DMean,0.1,0.12,0.14,0.15,0.16,0.17,0.19,0.21,0.4,0.96,1.84,1.84,99.726775956,0.15,0.16,0.16,0.15,0.14,0.12,0.14,0.15,0.37,0.17,0.16,0.15,0.17,0.131970549,2020
101501,Metro Van - Maple Ridge,BC,23124 118th Avenue,49.21494,-122.582057,50,"PE,LU,P4,R",DMean,0.1,0.14,0.16,0.18,0.21,0.24,0.27,0.31,0.73,0.96,1.66,1.66,94.535519126,0.19,0.22,0.21,0.18,0.16,,0.15,0.17,0.44,0.21,0.22,0.24,0.21,0.146712688,2020
129003,Yellowknife,NT,"52nd Ave & 49t Street, Sir John Franklin High School",62.45207,-114.364,193,"PE,SU,P3,R",DMean,0,0.11,0.13,0.16,0.17,0.18,0.2,0.23,0.26,0.27,0.32,0.32,97.81420765,0.11,0.2,0.19,0.16,0.14,0.11,0.12,0.13,0.14,0.15,0.19,0.19,0.15,0.04541034,2020
129203,Inuvik,NT,"Bompas Road (Block21, Lot 4084)",68.35702,-133.714057,30,"PE,SU,P2,R",DMean,0.33,0.51,0.64,0.67,0.74,0.86,1.02,1.12,1.2,1.23,1.34,1.34,100,0.44,0.53,0.6,0.65,0.73,0.64,0.66,0.7,0.72,0.82,0.95,1.14,0.72,0.188958659,2020
129601,Fort Smith,NT,95 Conibear Crescent,60.00455,-111.893241,358,"PE,SU,P2,R",DMean,0,0.02,0.17,0.29,0.45,0.58,1.28,1.47,1.49,1.51,1.57,1.57,100,0.05,0.04,0.36,0.74,1.45,0.46,0.4,0.21,0.3,0.56,0.28,0.16,0.42,0.418946608,2020
10102,St. John's,NL,354 Water Street,47.56038,-52.71147,7,"PE,LU,P4,R",DMean,0.1,0.12,0.14,0.16,0.17,0.18,0.2,0.21,0.23,0.25,0.33,0.33,97.808219178,0.16,0.15,0.16,0.16,0.16,0.16,0.17,0.18,0.17,0.15,0.15,0.15,0.16,0.030010167,2019
10401,Mount Pearl,NL,Old Placentia Road,47.50513,-52.79476,135,"PE,LU,P3,R",DMean,0.01,0.09,0.1,0.12,0.14,0.16,0.21,0.22,0.28,0.32,0.38,0.38,30.684931507,0.1,0.11,,,,,,0.14,0.2,,,,,,2019
10501,Grand Falls-Windsor,NL,Scott Avenue,48.92696,-55.65966,62,"PE,SU,P3,I",DMean,0.09,0.11,0.12,0.13,0.15,0.15,0.17,0.19,0.22,0.23,0.25,0.25,89.863013699,0.17,0.17,0.15,0.15,0.13,0.11,0.12,0.13,0.13,0.12,0.13,0.14,0.14,0.026663987,2019
10602,Corner Brook,NL,Macpherson Ave,48.95224,-57.92207,100,"PE,SU,P3,R",DMean,0.04,0.11,0.13,0.15,0.16,0.17,0.18,0.19,0.22,0.22,0.23,0.23,61.917808219,0.14,0.17,0.17,0.16,0.14,0.13,0.09,,,,,0.14,,,2019
10901,Burin,NL,18 Hwy 220 (Main St.),47.09899,-55.19852,1,"RB,NU,P2,R",DMean,0.08,0.1,0.11,0.12,0.13,0.13,0.14,0.15,0.17,0.17,0.18,0.18,92.876712329,0.14,0.12,0.14,0.14,0.12,0.1,0.11,0.12,0.12,0.11,0.11,0.12,0.12,0.016896786,2019
30113,Halifax,NS,1672 Granville Street,44.64711,-63.57366,28,"PE,LU,P4,R",DMean,0.04,0.09,0.11,0.12,0.14,0.15,0.16,0.18,0.19,0.2,0.21,0.21,98.904109589,0.16,0.15,0.14,0.13,0.12,0.11,0.12,0.12,0.11,0.09,0.1,0.11,0.12,0.029707976,2019
30310,Sydney,NS,71 Welton Street,46.14222,-60.17252,27,"PE,SU,P3,R",DMean,0.07,0.1,0.12,0.13,0.15,0.16,0.19,0.2,0.24,0.26,0.39,0.39,94.246575342,0.19,0.17,0.16,0.14,0.12,0.13,0.13,0.14,0.13,0.11,0.12,0.13,0.14,0.038169618,2019
40209,Saint John,NB,8 Castle Street,45.28028,-66.05611,41,"PE,MU,P3,R",DMean,0.1,0.12,0.14,0.16,0.17,0.18,0.19,0.2,0.22,0.23,0.24,0.24,94.794520548,0.17,0.17,0.18,0.16,0.15,0.14,0.15,0.16,0.15,0.14,0.14,0.16,0.16,0.026592842,2019
40302,Moncton,NB,5 Thanet Street,46.101578,-64.789661,9,"T,LU,P4,R",DMean,0.02,0.11,0.15,0.18,0.22,0.23,0.26,0.28,0.34,0.58,0.7,0.7,97.534246575,0.21,0.19,0.2,0.21,0.16,0.17,0.22,0.16,0.18,0.18,0.18,0.19,0.19,0.077747129,2019
50109,Montreal,QC,"2495 Duncan / Decarie, Mt-Royal",45.502648,-73.663913,41,"T,LU,P6,I",DMean,0.14,0.18,0.21,0.24,0.27,0.3,0.32,0.36,0.41,0.42,0.49,0.49,100,0.27,0.27,0.27,0.22,0.21,0.23,0.25,0.23,0.25,0.26,0.25,0.25,0.25,0.060512076,2019
50113,Laval,QC,1160 Boul Pie-Ix,45.547463,-73.748317,35,"PE,LU,P6,R",DMean,0.11,0.15,0.17,0.19,0.21,0.24,0.27,0.31,0.38,0.39,0.46,0.46,92.328767123,0.24,0.23,0.23,0.2,0.17,0.17,0.18,0.18,0.19,0.21,0.21,0.21,0.2,0.053710278,2019
50128,Montreal,QC,"90-A Rue Herve-Saint-Martin, Dorval",45.468322,-73.741198,33,"PE,LU,P3,C",DMean,0.12,0.14,0.16,0.18,0.21,0.22,0.27,0.31,0.34,0.37,0.39,0.39,98.082191781,0.23,0.24,0.22,0.18,0.17,0.16,0.18,0.17,0.18,0.19,0.19,0.2,0.19,0.050967687,2019
50129,Montreal,QC,12400 Wilfrid-Ouellette (R-D-P),45.651691,-73.573825,29,"PE,LU,P4,R",DMean,0.11,0.14,0.16,0.18,0.2,0.22,0.24,0.28,0.31,0.36,0.44,0.44,98.630136986,0.23,0.22,0.22,0.18,0.16,0.16,0.17,0.16,0.17,0.18,0.18,0.2,0.19,0.047368075,2019
50135,Montreal,QC,4240 Rue Charleroi,45.5934,-73.63726,41,"PE,LU,P6,R",DMean,0.12,0.15,0.17,0.2,0.22,0.24,0.28,0.32,0.36,0.39,0.44,0.44,98.630136986,0.25,0.25,0.23,0.2,0.18,0.18,0.19,0.18,0.19,0.21,0.21,0.22,0.21,0.053413275,2019
50136,Montreal,QC,75 Rue Ontario Est,45.512189,-73.566842,32,"PE,LU,P6,R",DMean,0.12,0.16,0.18,0.2,0.22,0.23,0.26,0.29,0.33,0.38,0.44,0.44,99.726027397,0.25,0.24,0.23,0.2,0.18,0.18,0.2,0.19,0.19,0.2,0.21,0.21,0.21,0.045362036,2019
50204,Gatineau,QC,"255 St-Redempteur, Hull",45.435987,-75.723429,62,"PE,LU,P5,R",DMean,0.11,0.15,0.16,0.18,0.2,0.22,0.25,0.29,0.32,0.33,0.4,0.4,99.726027397,0.21,0.23,0.22,0.18,0.17,0.16,0.18,0.17,0.17,0.19,0.19,0.21,0.19,0.045618434,2019
50308,Quebec,QC,600 Rue Des Sables,46.821177,-71.220495,8,"PE,LU,P6,R",DMean,0.13,0.15,0.17,0.19,0.21,0.23,0.28,0.32,0.38,0.44,0.46,0.46,97.534246575,0.24,0.23,0.25,0.18,0.16,0.16,0.18,0.19,0.2,0.2,0.2,0.22,0.2,0.057587936,2019
54401,Saint-Anicet,QC,1128 De La Guerre,45.120624,-74.2896,50,"RB,NU,P2,A",DMean,0.1,0.12,0.13,0.15,0.16,0.17,0.18,0.2,0.22,0.25,0.28,0.28,97.808219178,0.17,0.17,0.17,0.16,0.14,0.13,0.14,0.14,0.14,0.14,0.15,0.15,0.15,0.027126367,2019
60104,Ottawa,ON,Rideau & Wurtemburg,45.43433,-75.676,68,"PE,LU,P6,R",DMean,0.1,0.14,0.16,0.17,0.2,0.21,0.23,0.27,0.29,0.31,0.37,0.37,98.904109589,0.2,0.22,0.21,0.18,0.17,0.17,0.17,0.17,0.16,0.17,0.17,0.18,0.18,0.0415167,2019
60204,Windsor,ON,467 University Ave. West,42.315778,-83.043667,176,"T,LU,P4,R",DMean,0.12,0.17,0.2,0.23,0.25,0.28,0.31,0.35,0.44,0.5,0.83,0.83,93.150684932,0.25,0.25,0.29,0.23,0.24,0.21,0.23,0.22,0.22,0.22,0.22,0.26,0.24,0.071527202,2019
60430,Toronto,ON,125 Resources Road,43.709444,-79.5435,141,"PE,LU,P6,C",DMean,0.14,0.19,0.21,0.23,0.26,0.28,0.33,0.35,0.39,0.44,0.46,0.46,98.082191781,0.24,0.26,0.27,0.24,0.23,0.23,0.23,0.23,0.25,0.24,0.24,0.25,0.24,0.056802874,2019
60438,Toronto,ON,401w - 125 Resources Rd.,43.711106,-79.543425,139,"T,LU,P6,C",DMean,0.16,0.24,0.29,0.32,0.36,0.38,0.42,0.46,0.5,0.54,0.57,0.57,96.712328767,0.34,0.35,0.36,0.31,0.31,0.31,0.32,0.34,0.36,0.33,0.3,0.31,0.33,0.073833158,2019
60440,Toronto,ON,4905 Dufferin Street,43.78042,-79.46752,,"PE,LU,P6,I",DMean,0.11,0.15,0.17,0.19,0.23,0.24,0.28,0.31,0.33,0.35,0.4,0.4,96.712328767,0.23,0.23,0.23,0.21,0.2,0.19,0.2,0.19,0.2,0.18,0.19,0.22,0.2,0.051297798,2019
60512,Hamilton,ON,Elgin & Kelly,43.25778,-79.86167,90,"PS,LU,P5,R",DMean,0.11,0.16,0.19,0.23,0.28,0.31,0.36,0.41,0.45,0.48,0.53,0.53,98.356164384,0.24,0.27,0.26,0.28,0.28,0.25,0.23,0.22,0.24,0.23,0.22,0.24,0.25,0.082298823,2019
70119,Winnipeg,MB,65 Ellen Street,49.89799,-97.14653,229,"PE,LU,P6,R",DMean,0,0,0,0.01,0.01,0.02,0.04,0.05,0.09,0.11,0.19,0.19,98.630136986,0.03,0.03,0.02,0.01,0.01,0.01,0.01,0.01,0.01,0.01,0.01,0.03,0.02,0.022477627,2019
80111,Regina,SK,1621 Albert St.,50.4527,-104.616,585,"PE,LU,P4,R",DMean,0.1,0.13,0.15,0.16,0.18,0.19,0.21,0.24,0.28,0.31,0.4,0.4,97.808219178,0.19,0.23,0.2,0.17,0.16,0.14,0.13,0.16,0.15,0.16,0.16,0.18,0.17,0.038568539,2019
80211,Saskatoon,SK,511 1st Avenue North,52.13613,-106.66293,483,"PE,LU,P4,R",DMean,0.11,0.13,0.15,0.16,0.18,0.2,0.22,0.24,0.3,0.33,0.4,0.4,81.643835616,0.2,,,0.16,0.15,0.14,0.14,0.15,0.15,0.17,0.18,0.21,,,2019
90120,Edmonton,AB,6240 113 Street,53.50022,-113.526056,681,"PE,LU,P4,R",DMean,0.1,0.14,0.18,0.2,0.23,0.25,0.3,0.33,0.39,0.43,1.36,1.36,98.356164384,0.25,0.25,0.26,0.2,0.21,0.19,0.18,0.21,0.21,0.17,0.21,0.25,0.22,0.090179348,2019
90121,Edmonton,AB,17 Street & 105 Avenue,53.54823,-113.36811,670,"PS,LU,P3,I",DMean,0.1,0.13,0.2,0.22,0.25,0.27,0.3,0.34,0.38,0.52,1.52,1.52,99.452054795,0.23,0.23,0.24,0.19,0.22,0.24,0.25,0.26,0.23,0.18,0.21,0.22,0.23,0.096114778,2019
90130,Edmonton,AB,10255 - 104th Street,53.54445,-113.49884,663,"PE,LU,P5,R",DMean,0.18,0.21,0.25,0.28,0.31,0.33,0.4,0.45,0.55,0.66,1.53,1.53,94.246575342,0.33,0.35,0.32,0.26,0.29,0.26,0.28,0.3,0.29,0.27,0.32,,0.3,0.106927733,2019
90136,St. Albert,AB,37 Sunset Blvd,53.626908,-113.611883,681,"PE,MU,P4,R",DMean,0,0.11,0.15,0.2,0.22,0.24,0.29,0.37,0.47,0.65,1.48,1.48,98.630136986,0.26,0.3,0.25,0.19,0.22,0.15,0.12,0.16,0.16,0.18,0.2,0.26,0.2,0.113001763,2019
90229,Calgary,AB,4700 110 Avenue Se,50.955122,-113.969742,1032,"PE,LU,P3,I",DMean,0.11,0.14,0.17,0.2,0.23,0.27,0.31,0.35,0.4,0.45,1.02,1.02,99.178082192,0.28,0.25,0.25,0.2,0.21,0.16,0.15,0.17,0.17,0.19,0.24,0.29,0.21,0.079810497,2019
90230,Calgary,AB,2425 9th Ave Se,51.0309,-114.0091,1038,"PE,LU,P4,P",DMean,0.11,0.15,0.18,0.21,0.27,0.33,0.39,0.45,0.55,0.57,1.02,1.02,99.178082192,0.37,0.3,0.31,0.21,0.23,0.17,0.18,0.19,0.18,0.23,0.28,0.36,0.25,0.112146712,2019
90235,Calgary,AB,3303 - 33 Street Nw,51.082655,-114.138827,1100,"PE,LU,P4,R",DMean,0.08,0.14,0.16,0.18,0.21,0.23,0.28,0.31,0.37,0.44,1.03,1.03,98.904109589,0.23,0.25,0.24,0.19,0.21,0.16,0.15,0.17,0.16,0.18,0.2,0.26,0.2,0.07512225,2019
90250,Airdrie,AB,Chinook Winds Park,51.268078,-114.037794,1090,"PE,MU,P4,P",DMean,0.1,0.1,0.12,0.14,0.18,0.2,0.23,0.29,0.34,0.37,0.89,0.89,99.178082192,0.16,0.21,0.18,0.14,0.16,0.14,0.17,0.15,0.12,0.13,0.15,0.24,0.16,0.071778197,2019
90302,Red Deer,AB,73 Street & Riverside Drive,52.29867,-113.79352,858,"PE,MU,P3,R",DMean,0.1,0.12,0.15,0.18,0.21,0.27,0.33,0.37,0.48,0.57,1.03,1.03,99.178082192,0.27,0.23,0.27,0.18,0.18,0.16,0.14,0.16,0.15,0.16,0.22,0.34,0.21,0.098105688,2019
90304,Red Deer,AB,11 Lancaster Drive,52.24095,-113.765439,907,"T,MU,P4,R",DMean,0.1,0.16,0.2,0.2,0.23,0.24,0.27,0.29,0.33,0.42,1.13,1.13,99.178082192,0.23,0.22,0.24,0.19,0.23,0.22,0.21,0.22,0.2,0.17,0.2,0.24,0.21,0.072051235,2019
90402,Medicine Hat,AB,12th St Nw & Division Ave.,50.04893,-110.68116,709,"PE,MU,P3,R",DMean,0.02,0.1,0.11,0.12,0.15,0.17,0.2,0.21,0.23,0.24,0.41,0.41,94.520547945,0.15,0.18,0.2,0.14,0.13,0.13,0.11,0.12,0.11,0.12,0.12,0.15,0.14,0.041079602,2019
90502,Lethbridge,AB,,49.71621,-112.8006,918,"PE,MU,P3,I",DMean,0.1,0.12,0.15,0.17,0.2,0.21,0.24,0.28,0.3,0.34,0.47,0.47,96.98630137,0.2,0.23,0.23,0.18,0.16,0.15,0.14,0.18,0.15,0.17,0.17,0.18,0.18,0.051959273,2019
90601,Fort Saskatchewan,AB,9209a-96 Ave,53.69874,-113.22285,628,"T,SU,P3,R",DMean,0.06,0.1,0.12,0.16,0.2,0.22,0.27,0.32,0.4,0.52,1.21,1.21,100,0.23,0.23,0.2,0.15,0.18,0.12,0.15,0.13,0.12,0.17,0.18,0.24,0.18,0.097016972,2019
90701,Fort Mcmurray,AB,Franklin Avenue,56.73341,-111.39047,260,"PE,MU,P3,W",DMean,0.1,0.1,0.13,0.16,0.19,0.2,0.22,0.24,0.27,0.33,0.68,0.68,100,0.17,0.19,0.19,0.15,0.17,0.15,0.15,0.16,0.16,0.14,0.15,0.2,0.17,0.061727364,2019
91701,Steeper,AB,Ne 12 48 22 W5,53.1325,-117.09111,1400,"RB,NU,P1,F",DMean,0.07,0.1,0.11,0.14,0.2,0.2,0.2,0.21,0.24,0.26,0.65,0.65,95.616438356,0.13,0.13,0.13,0.13,0.18,0.18,0.19,0.21,0.17,0.13,0.11,0.12,0.15,0.055402336,2019
92001,Grande Prairie,AB,10327 - 107 Avenue,55.1766,-118.8078,658,"PE,MU,P3,W",DMean,0,0.01,0.13,0.17,0.21,0.25,0.35,0.41,0.5,0.63,1.42,1.42,98.356164384,0.28,0.28,0.07,0.02,0.23,0.14,0.15,0.17,0.17,0.19,0.25,0.32,0.19,0.147322741,2019
100110,Metro Van - Burnaby,BC,700 Hammarskjold Drive,49.279214,-122.970707,104,"T,LU,P4,R",DMean,0.1,0.15,0.16,0.18,0.2,0.21,0.23,0.26,0.3,0.35,0.38,0.38,88.493150685,,0.23,0.21,0.19,0.18,0.15,0.15,0.19,0.17,0.18,0.22,0.2,0.19,0.039959835,2019
100111,Metro Van - Port Moody,BC,Moody & Esplanade St.,49.280893,-122.849291,6,"PE,LU,P5,W",DMean,0.12,0.17,0.21,0.24,0.27,0.3,0.37,0.41,0.46,0.49,0.54,0.54,99.726027397,0.3,0.27,0.25,0.2,0.2,0.17,0.22,0.27,0.24,0.28,0.33,0.29,0.25,0.075274231,2019
100112,Metro Van - Vancouver,BC,Robson/Hornby,49.282272,-123.12188,32,"T,LU,P6,R",DMean,0.15,0.2,0.22,0.25,0.28,0.31,0.36,0.43,0.53,0.55,0.65,0.65,80.547945205,0.34,0.35,0.29,0.24,0.23,0.2,0.21,0.25,,,0.3,0.25,0.27,0.077186783,2019
100119,Metro Van - Burnaby,BC,5455 Rumble Street,49.21519,-122.985666,122,"PE,LU,P6,R",DMean,0.09,0.13,0.16,0.18,0.22,0.24,0.29,0.32,0.37,0.44,0.53,0.53,97.808219178,0.27,0.24,0.22,0.18,0.17,0.13,0.14,0.17,0.17,0.2,0.27,0.23,0.2,0.064503391,2019
100121,Metro Van - North Vancouver,BC,75 Riverside Dr.,49.301472,-123.020417,4,"PS,LU,P5,I",DMean,0.11,0.14,0.16,0.18,0.21,0.22,0.25,0.27,0.31,0.37,0.44,0.44,98.630136986,0.24,0.26,0.22,0.19,0.18,0.15,0.15,0.19,0.16,0.15,0.2,0.19,0.19,0.048861732,2019
100127,Metro Van - Surrey,BC,72nd Ave. And 190 St.,49.132928,-122.694224,79,"T,LU,P4,R",DMean,0.08,0.12,0.14,0.15,0.18,0.2,0.23,0.27,0.32,0.36,0.4,0.4,98.356164384,0.21,0.19,0.18,0.15,0.15,0.13,0.11,0.15,0.14,0.17,0.23,0.18,0.17,0.049978608,2019
100128,Metro Van - Richmond,BC,10371 Aragon Rd,49.141437,-123.108215,4,"PE,LU,P4,R",DMean,0.08,0.11,0.13,0.16,0.2,0.24,0.31,0.39,0.47,0.56,0.66,0.66,100,0.28,0.23,0.23,0.15,0.13,0.11,0.12,0.14,0.13,0.22,0.32,0.22,0.19,0.095352859,2019
100132,Metro Van - North Vancouver,BC,16th St. & Jones Ave,49.323994,-123.083496,71,"PE,LU,P5,R",DMean,0.11,0.15,0.18,0.2,0.23,0.25,0.3,0.38,0.44,0.5,0.53,0.53,90.95890411,0.27,0.24,0.23,0.19,0.19,0.15,0.18,0.22,0.17,0.23,0.32,,0.22,0.072866813,2019
100134,Metro Van - Richmond,BC,3153 Templeton Street,49.186265,-123.152422,1,"PE,LU,P5,C",DMean,0.1,0.14,0.17,0.21,0.25,0.29,0.39,0.51,0.62,0.73,0.81,0.81,99.178082192,0.35,0.29,0.27,0.2,0.18,0.13,0.14,0.19,0.18,0.26,0.41,0.28,0.24,0.11962976,2019
100135,Metro Van - Coquitlam,BC,1250 Pinetree Way,49.288265,-122.79157,38,"PE,LU,P5,R",DMean,0.09,0.13,0.16,0.19,0.21,0.23,0.26,0.3,0.37,0.45,0.58,0.58,72.602739726,0.23,0.25,0.22,0.18,0.16,0.13,0.15,0.18,,,,0.25,,,2019
100138,Metro Van - West Vancouver,BC,6350 Marine Drive,49.36861,-123.276741,65,"T,LU,P2,R",DMean,0.09,0.12,0.14,0.15,0.16,0.17,0.18,0.2,0.21,0.23,0.31,0.31,98.082191781,0.16,0.16,0.16,0.14,0.14,0.13,0.13,0.18,0.14,0.15,0.18,0.15,0.15,0.026390307,2019
100140,Metro Van - Delta,BC,411 Milsom Wynd,49.009877,-123.081997,52,"PE,LU,P3,R",DMean,0.08,0.1,0.12,0.14,0.16,0.17,0.19,0.21,0.25,0.27,0.31,0.31,98.904109589,0.18,0.17,0.17,0.14,0.12,0.1,0.1,0.13,0.12,0.15,0.19,0.16,0.14,0.038078386,2019
100141,Metro Van - Vancouver,BC,"1290 East 11th Ave,",49.260267,-123.077776,30,"T,LU,P6,R",DMean,0.12,0.23,0.28,0.33,0.4,0.47,0.59,0.82,0.95,1.11,1.4,1.4,91.780821918,,0.45,0.42,0.31,0.29,0.24,0.25,0.32,0.32,0.45,0.71,0.44,0.38,0.184015277,2019
100304,Victoria,BC,"Sj Willis School, 923 Topaz Ave.",48.441942,-123.363165,29,"T,LU,P6,R",DMean,0.09,0.12,0.15,0.17,0.21,0.24,0.31,0.36,0.4,0.45,0.52,0.52,96.438356164,0.23,0.23,0.23,0.16,0.15,0.12,0.13,0.16,0.17,0.23,0.26,0.24,0.19,0.076752791,2019
100701,Kelowna,BC,3333 College Way,49.862336,-119.477367,347,"PE,LU,P5,R",DMean,0.15,0.18,0.21,0.23,0.26,0.28,0.31,0.33,0.34,0.4,0.45,0.45,40.821917808,0.27,0.25,0.26,0.22,0.19,,,,,,,,,,2019
100703,Kelowna,BC,1450 Klo Road,49.862119,-119.467461,,"PE,LU,P5,R",DMean,0.07,0.16,0.19,0.21,0.25,0.27,0.3,0.32,0.34,0.42,0.42,0.42,27.397260274,,,,,,,,,0.17,0.2,0.26,0.23,,,2019
101003,Metro Van - Abbotsford,BC,32995 Bevan Ave.,49.04258,-122.30982,58,"PE,LU,P4,R",DMean,0.11,0.15,0.18,0.2,0.24,0.26,0.28,0.32,0.44,0.45,0.5,0.5,100,0.25,0.2,0.25,0.2,0.2,0.15,0.16,0.21,0.2,0.23,0.28,0.24,0.21,0.062299957,2019
101005,Metro Van - Abbotsford,BC,1073 Columbia Street,49.021554,-122.326523,65,"PE,LU,P3,A",DMean,0.06,0.09,0.11,0.12,0.15,0.16,0.18,0.2,0.22,0.24,0.27,0.27,99.178082192,0.15,0.14,0.16,0.14,0.11,0.08,0.09,0.12,0.11,0.14,0.16,0.14,0.13,0.036768922,2019
101101,Metro Van-Chilliwack,BC,46360 Airport Road,49.155848,-121.940279,12,"PE,MU,P3,R",DMean,0.1,0.13,0.15,0.16,0.18,0.2,0.22,0.25,0.28,0.32,0.35,0.35,99.178082192,0.18,0.17,0.19,0.17,0.17,0.13,0.14,0.18,0.16,0.19,0.21,0.18,0.17,0.040421607,2019
101301,Metro Van-Langley,BC,23752 52nd Avenue,49.09561,-122.567104,88,"PE,LU,P3,R",DMean,0.09,0.13,0.16,0.18,0.21,0.23,0.28,0.33,0.36,0.36,0.43,0.43,94.794520548,0.24,0.2,0.22,0.2,0.17,0.12,0.13,0.19,0.18,0.23,0.24,0.18,0.19,0.060265228,2019
101401,Metro Van-Hope,BC,62715 Airport Road,49.369887,-121.49912,40,"RB,SU,P2,F",DMean,0.1,0.12,0.14,0.15,0.16,0.17,0.19,0.2,0.21,0.23,0.25,0.25,99.726027397,0.14,0.15,0.16,0.15,0.14,0.13,0.13,0.17,0.16,0.16,0.17,0.17,0.15,0.02518705,2019
101501,Metro Van - Maple Ridge,BC,23124 118th Avenue,49.21494,-122.582057,50,"PE,LU,P4,R",DMean,0.1,0.14,0.16,0.18,0.22,0.24,0.29,0.36,0.39,0.44,0.49,0.49,99.726027397,0.25,0.23,0.22,0.18,0.18,0.13,0.14,0.19,0.17,0.21,0.3,0.24,0.2,0.070613679,2019
129003,Yellowknife,NT,"52nd Ave & 49t Street, Sir John Franklin High School",62.45207,-114.364,193,"PE,SU,P3,R",DMean,0,0.12,0.14,0.16,0.18,0.19,0.22,0.25,0.3,0.32,0.4,0.4,99.178082192,0.18,0.21,0.2,0.17,0.14,0.15,0.16,0.14,0.16,0.15,0.17,0.19,0.17,0.046252351,2019
129203,Inuvik,NT,"Bompas Road (Block21, Lot 4084)",68.35702,-133.714057,30,"PE,SU,P2,R",DMean,0.14,0.24,0.26,0.3,0.33,0.36,0.42,0.49,0.57,0.62,0.73,0.73,86.849315068,0.44,0.23,0.28,0.31,0.26,0.25,0.28,0.3,0.34,,,0.35,,,2019
129601,Fort Smith,NT,95 Conibear Crescent,60.00455,-111.893241,358,"PE,SU,P2,R",DMean,0.04,0.13,0.21,0.25,0.27,0.29,0.32,0.35,0.42,0.52,0.6,0.6,70.410958904,0.24,0.32,0.28,0.28,0.26,0.23,0.24,0.12,,,,0.15,,,2019
10102,St. John's,NL,354 Water Street,47.56038,-52.71147,7,"PE,LU,P4,R",DMean,0.07,0.13,0.15,0.17,0.19,0.2,0.22,0.25,0.28,0.3,0.91,0.91,98.630136986,0.18,0.19,0.22,0.18,0.18,0.19,0.15,0.15,0.16,0.16,0.16,0.17,0.17,0.054386418,2018
10401,Mount Pearl,NL,Old Placentia Road,47.50513,-52.79476,135,"PE,LU,P3,R",DMean,0.08,0.12,0.15,0.18,0.2,0.21,0.23,0.24,0.27,0.28,0.31,0.31,89.04109589,0.2,0.18,0.2,0.2,0.19,0.21,0.25,0.13,0.13,0.15,0.15,0.14,0.18,0.04092086,2018
10501,Grand Falls-Windsor,NL,Scott Avenue,48.92696,-55.65966,62,"PE,SU,P3,I",DMean,0.05,0.1,0.12,0.14,0.16,0.17,0.19,0.21,0.22,0.23,0.37,0.37,92.054794521,0.17,0.18,0.17,0.16,0.14,0.11,0.09,0.12,0.13,0.13,0.14,0.16,0.14,0.039006707,2018
10602,Corner Brook,NL,Macpherson Ave,48.95224,-57.92207,100,"PE,SU,P3,R",DMean,0.05,0.09,0.12,0.13,0.14,0.15,0.16,0.18,0.19,0.2,0.22,0.22,60.273972603,0.14,0.14,0.13,0.16,0.13,0.09,,,,,,0.13,,,2018
10901,Burin,NL,18 Hwy 220 (Main St.),47.09899,-55.19852,1,"RB,NU,P2,R",DMean,0.05,0.09,0.11,0.12,0.13,0.14,0.15,0.16,0.19,0.2,0.21,0.21,92.602739726,0.12,0.13,0.13,0.13,0.12,0.1,0.1,0.13,0.12,0.11,0.11,0.13,0.12,0.023857181,2018
30113,Halifax,NS,1672 Granville Street,44.64711,-63.57366,28,"PE,LU,P4,R",DMean,0.08,0.13,0.14,0.15,0.17,0.18,0.19,0.21,0.24,0.25,0.27,0.27,94.794520548,0.15,0.16,0.15,0.16,0.15,0.13,0.14,0.2,0.17,0.16,0.15,0.16,0.16,0.029320298,2018
30118,Halifax,NS,1649 Barrington Street,44.646425,-63.573383,18,"PE,LU,P4,R",DMean,0.1,0.1,0.12,0.12,0.13,0.15,0.16,0.16,0.16,0.16,0.16,0.16,2.739726027,,,,,,,,,,,,,,,2018
30310,Sydney,NS,71 Welton Street,46.14222,-60.17252,27,"PE,SU,P3,R",DMean,0.12,0.14,0.16,0.17,0.19,0.2,0.21,0.24,0.26,0.27,0.32,0.32,98.904109589,0.2,0.19,0.17,0.18,0.16,0.15,0.16,0.2,0.19,0.17,0.15,0.17,0.17,0.030995069,2018
40209,Saint John,NB,8 Castle Street,45.28028,-66.05611,41,"PE,MU,P3,R",DMean,0.07,0.12,0.14,0.16,0.17,0.18,0.2,0.22,0.24,0.26,0.28,0.28,100,0.18,0.19,0.16,0.17,0.16,0.13,0.15,0.17,0.16,0.15,0.15,0.17,0.16,0.031780492,2018
40302,Moncton,NB,5 Thanet Street,46.101578,-64.789661,9,"T,LU,P4,R",DMean,0.06,0.1,0.14,0.19,0.22,0.25,0.29,0.32,0.37,0.41,0.5,0.5,98.082191781,0.17,0.26,0.2,0.17,0.18,0.15,0.2,0.19,0.19,0.19,0.17,0.24,0.19,0.076446408,2018
50109,Montreal,QC,"2495 Duncan / Decarie, Mt-Royal",45.502648,-73.663913,41,"T,LU,P6,I",DMean,0.13,0.18,0.21,0.24,0.27,0.3,0.34,0.39,0.43,0.54,0.7,0.7,97.534246575,0.32,0.32,0.25,0.24,0.24,0.22,0.22,0.25,0.22,0.21,0.24,0.29,0.25,0.073506573,2018
50113,Laval,QC,1160 Boul Pie-Ix,45.547463,-73.748317,35,"PE,LU,P6,R",DMean,0.1,0.14,0.17,0.19,0.22,0.26,0.3,0.36,0.42,0.47,0.59,0.59,98.630136986,0.29,0.28,0.22,0.2,0.19,0.16,0.16,0.2,0.19,0.17,0.21,0.27,0.21,0.071924097,2018
50128,Montreal,QC,"90-A Rue Herve-Saint-Martin, Dorval",45.468322,-73.741198,33,"PE,LU,P3,C",DMean,0.09,0.13,0.16,0.19,0.21,0.24,0.3,0.35,0.39,0.45,0.61,0.61,98.630136986,0.28,0.27,0.2,0.19,0.18,0.15,0.16,0.19,0.18,0.16,0.19,0.26,0.2,0.069646742,2018
50129,Montreal,QC,12400 Wilfrid-Ouellette (R-D-P),45.651691,-73.573825,29,"PE,LU,P4,R",DMean,0.29,0.29,0.29,0.29,0.29,0.29,0.29,0.29,0.29,0.29,0.29,0.29,0.273972603,,,,,,,,,,,,,,,2018
50135,Montreal,QC,4240 Rue Charleroi,45.5934,-73.63726,41,"PE,LU,P6,R",DMean,0.12,0.15,0.18,0.2,0.23,0.26,0.32,0.36,0.44,0.47,0.71,0.71,99.726027397,0.3,0.3,0.21,0.2,0.2,0.16,0.17,0.21,0.2,0.2,0.22,0.26,0.22,0.071654518,2018
50136,Montreal,QC,75 Rue Ontario Est,45.512189,-73.566842,32,"PE,LU,P6,R",DMean,0.11,0.15,0.18,0.21,0.23,0.25,0.29,0.32,0.37,0.42,0.52,0.52,97.808219178,0.27,0.26,0.23,0.21,0.2,0.17,0.18,0.21,0.2,0.18,0.22,0.26,0.22,0.057423975,2018
50204,Gatineau,QC,"255 St-Redempteur, Hull",45.435987,-75.723429,62,"PE,LU,P5,R",DMean,0.1,0.14,0.16,0.18,0.2,0.22,0.25,0.28,0.35,0.38,0.51,0.51,99.178082192,0.23,0.24,0.18,0.19,0.18,0.15,0.16,0.19,0.18,0.16,0.2,0.23,0.19,0.051919974,2018
50308,Quebec,QC,600 Rue Des Sables,46.821177,-71.220495,8,"PE,LU,P6,R",DMean,0.11,0.15,0.17,0.19,0.22,0.25,0.31,0.39,0.45,0.58,0.89,0.89,96.438356164,0.29,0.28,0.18,0.2,0.18,0.16,0.17,0.21,0.19,0.2,0.21,0.29,0.21,0.086311197,2018
54401,Saint-Anicet,QC,1128 De La Guerre,45.120624,-74.2896,50,"RB,NU,P2,A",DMean,0.29,0.29,0.29,0.29,0.29,0.29,0.29,0.29,0.29,0.29,0.29,0.29,0.273972603,,,,,,,,,,,,,,,2018
60104,Ottawa,ON,Rideau & Wurtemburg,45.43433,-75.676,68,"PE,LU,P6,R",DMean,0.09,0.14,0.16,0.18,0.2,0.23,0.26,0.28,0.31,0.37,0.46,0.46,98.630136986,0.23,0.24,0.18,0.19,0.19,0.16,0.16,0.2,0.18,0.15,0.19,0.21,0.19,0.049601895,2018
60204,Windsor,ON,467 University Ave. West,42.315778,-83.043667,176,"T,LU,P4,R",DMean,0.13,0.18,0.21,0.24,0.27,0.3,0.35,0.38,0.43,0.47,0.52,0.52,95.342465753,0.31,0.27,0.23,0.24,0.25,0.21,0.23,0.25,0.22,0.24,0.24,0.29,0.25,0.068315102,2018
60430,Toronto,ON,125 Resources Road,43.709444,-79.5435,141,"PE,LU,P6,C",DMean,0.13,0.18,0.21,0.23,0.25,0.27,0.31,0.33,0.37,0.39,0.5,0.5,99.178082192,0.26,0.27,0.23,0.24,0.25,0.2,0.21,0.25,0.22,0.22,0.23,0.27,0.24,0.053025374,2018
60438,Toronto,ON,401w - 125 Resources Rd.,43.711106,-79.543425,139,"T,LU,P6,C",DMean,0.17,0.23,0.28,0.32,0.36,0.39,0.41,0.44,0.51,0.53,0.61,0.61,92.328767123,0.32,0.33,0.32,0.34,0.32,0.29,,0.35,0.31,0.32,0.32,0.37,0.32,0.072780646,2018
60440,Toronto,ON,4905 Dufferin Street,43.78042,-79.46752,,"PE,LU,P6,I",DMean,0.11,0.16,0.18,0.2,0.23,0.25,0.28,0.3,0.32,0.38,0.47,0.47,98.356164384,0.24,0.24,0.19,0.21,0.22,0.18,0.2,0.23,0.19,0.2,0.2,0.24,0.21,0.049440967,2018
60512,Hamilton,ON,Elgin & Kelly,43.25778,-79.86167,90,"PS,LU,P5,R",DMean,0.12,0.17,0.2,0.22,0.26,0.3,0.35,0.39,0.45,0.56,0.65,0.65,98.904109589,0.25,0.25,0.24,0.25,0.28,0.25,0.23,0.24,0.25,0.2,0.24,0.27,0.24,0.079785396,2018
70119,Winnipeg,MB,65 Ellen Street,49.89799,-97.14653,229,"PE,LU,P6,R",DMean,0,0,0.01,0.03,0.04,0.05,0.07,0.08,0.11,0.15,0.28,0.28,100,0.03,0.04,0.03,0.02,0.01,0.01,0.02,0.03,0.03,0.06,0.05,0.04,0.03,0.030494079,2018
80111,Regina,SK,1621 Albert St.,50.4527,-104.616,585,"PE,LU,P4,R",DMean,0.1,0.13,0.15,0.16,0.18,0.2,0.23,0.25,0.29,0.32,0.36,0.36,81.643835616,0.21,,,0.19,0.17,0.15,0.13,0.22,0.15,0.16,0.16,0.18,,,2018
80211,Saskatoon,SK,511 1st Avenue North,52.13613,-106.66293,483,"PE,LU,P4,R",DMean,0.09,0.13,0.15,0.18,0.21,0.23,0.28,0.32,0.39,0.46,0.5,0.5,99.726027397,0.24,0.22,0.25,0.22,0.17,0.14,0.13,0.24,0.16,0.17,0.18,0.18,0.19,0.066364247,2018
90120,Edmonton,AB,6240 113 Street,53.50022,-113.526056,681,"PE,LU,P4,R",DMean,0.1,0.16,0.2,0.21,0.25,0.28,0.35,0.41,0.55,0.68,0.92,0.92,98.082191781,0.28,0.24,0.23,0.22,0.19,0.16,0.17,0.39,0.22,0.24,0.27,0.26,0.24,0.098889438,2018
90121,Edmonton,AB,17 Street & 105 Avenue,53.54823,-113.36811,670,"PS,LU,P3,I",DMean,0.1,0.17,0.2,0.21,0.25,0.28,0.36,0.42,0.68,0.74,1,1,98.904109589,0.24,0.23,0.24,0.22,0.2,0.21,0.23,0.47,0.21,0.2,0.25,0.25,0.25,0.110784503,2018
90130,Edmonton,AB,10255 - 104th Street,53.54445,-113.49884,663,"PE,LU,P5,R",DMean,0.17,0.2,0.23,0.25,0.3,0.33,0.39,0.46,0.54,0.67,0.93,0.93,98.630136986,0.32,0.29,0.3,0.24,0.22,0.22,0.23,0.43,0.24,0.24,0.32,0.32,0.28,0.097748572,2018
90136,St. Albert,AB,37 Sunset Blvd,53.626908,-113.611883,681,"PE,MU,P4,R",DMean,0.08,0.11,0.17,0.2,0.25,0.28,0.33,0.4,0.53,0.63,0.85,0.85,99.452054795,0.28,0.24,0.25,0.22,0.16,0.13,0.14,0.36,0.17,0.2,0.25,0.26,0.22,0.102442126,2018
90222,Calgary,AB,39 St. & 29 Ave. N.W.,51.079222,-114.141828,1120,"PE,LU,P4,R",DMean,0,0.05,0.16,0.2,0.24,0.27,0.3,0.33,0.39,0.4,0.46,0.46,37.808219178,0.23,0.13,0.2,0.24,0.17,,,,,,,,,,2018
90229,Calgary,AB,4700 110 Avenue Se,50.955122,-113.969742,1032,"PE,LU,P3,I",DMean,0.1,0.12,0.18,0.21,0.27,0.3,0.37,0.41,0.56,0.73,0.98,0.98,99.452054795,0.32,0.26,0.29,0.21,0.17,0.14,0.15,0.39,0.16,0.2,0.29,0.27,0.24,0.115104744,2018
90230,Calgary,AB,2425 9th Ave Se,51.0309,-114.0091,1038,"PE,LU,P4,P",DMean,0.08,0.15,0.2,0.24,0.33,0.4,0.5,0.59,0.83,0.9,1.05,1.05,99.178082192,0.45,0.32,0.38,0.26,0.19,0.16,0.18,0.43,0.19,0.25,0.36,0.34,0.29,0.161828439,2018
90235,Calgary,AB,3303 - 33 Street Nw,51.082655,-114.138827,1100,"PE,LU,P4,R",DMean,0,0.03,0.11,0.16,0.21,0.27,0.4,0.63,0.76,1.01,1.22,1.22,56.98630137,,,,,,0.04,0.06,0.54,0.14,0.17,0.22,0.23,,,2018
90250,Airdrie,AB,Chinook Winds Park,51.268078,-114.037794,1090,"PE,MU,P4,P",DMean,0.1,0.1,0.15,0.19,0.2,0.23,0.27,0.36,0.51,0.81,1.05,1.05,91.780821918,0.21,0.19,0.23,0.2,0.18,0.17,,0.4,0.14,0.12,0.14,0.15,0.2,0.110449825,2018
90302,Red Deer,AB,73 Street & Riverside Drive,52.29867,-113.79352,858,"PE,MU,P3,R",DMean,0.01,0.1,0.16,0.2,0.23,0.27,0.38,0.43,0.53,0.7,0.9,0.9,97.260273973,0.31,0.26,0.24,0.21,0.16,0.13,0.14,0.37,0.15,0.15,0.21,0.28,0.22,0.118581876,2018
90304,Red Deer,AB,11 Lancaster Drive,52.24095,-113.765439,907,"T,MU,P4,R",DMean,0.11,0.18,0.2,0.22,0.24,0.27,0.32,0.4,0.54,0.72,1,1,99.726027397,0.28,0.25,0.24,0.22,0.21,0.21,0.23,0.44,0.21,0.19,0.23,0.22,0.24,0.096700786,2018
90402,Medicine Hat,AB,12th St Nw & Division Ave.,50.04893,-110.68116,709,"PE,MU,P3,R",DMean,0,0,0.1,0.12,0.17,0.2,0.21,0.26,0.37,0.51,0.59,0.59,96.164383562,0.19,0.19,0.15,0.04,0.02,0.07,0.12,0.25,0.13,0.12,0.14,0.14,0.13,0.094810879,2018
90502,Lethbridge,AB,,49.71621,-112.8006,918,"PE,MU,P3,I",DMean,0.1,0.13,0.18,0.2,0.21,0.23,0.28,0.31,0.57,0.66,0.74,0.74,98.904109589,0.21,0.22,0.23,0.21,0.19,0.16,0.17,0.37,0.18,0.18,0.18,0.18,0.21,0.085635185,2018
90601,Fort Saskatchewan,AB,9209a-96 Ave,53.69874,-113.22285,628,"T,SU,P3,R",DMean,0.1,0.1,0.13,0.18,0.22,0.26,0.33,0.42,0.57,0.67,0.85,0.85,100,0.25,0.2,0.22,0.19,0.15,0.15,0.11,0.36,0.14,0.17,0.22,0.25,0.2,0.111338213,2018
90701,Fort Mcmurray,AB,Franklin Avenue,56.73341,-111.39047,260,"PE,MU,P3,W",DMean,0.09,0.1,0.13,0.16,0.2,0.2,0.23,0.27,0.34,0.4,0.76,0.76,98.630136986,0.19,0.21,0.22,0.19,0.15,0.11,0.13,0.23,0.14,0.14,0.15,0.18,0.17,0.065694429,2018
91701,Steeper,AB,Ne 12 48 22 W5,53.1325,-117.09111,1400,"RB,NU,P1,F",DMean,0,0.1,0.1,0.13,0.19,0.2,0.22,0.31,0.74,0.98,1.1,1.1,96.438356164,0.18,0.12,0.16,0.15,0.16,0.16,0.1,0.48,0.14,0.1,0.12,0.11,0.17,0.140917231,2018
92001,Grande Prairie,AB,10327 - 107 Avenue,55.1766,-118.8078,658,"PE,MU,P3,W",DMean,0,0.12,0.18,0.21,0.27,0.32,0.44,0.59,0.74,0.77,1.16,1.16,98.630136986,0.33,0.27,0.26,0.22,0.17,0.12,0.15,0.37,0.16,0.21,0.46,0.31,0.25,0.152331812,2018
100110,Metro Van - Burnaby,BC,700 Hammarskjold Drive,49.279214,-122.970707,104,"T,LU,P4,R",DMean,0.09,0.11,0.13,0.15,0.17,0.18,0.23,0.27,0.37,0.48,0.76,0.76,90.136986301,0.18,0.16,0.16,0.14,0.14,0.11,0.15,0.26,0.16,0.19,0.15,,0.16,0.070199279,2018
100111,Metro Van - Port Moody,BC,Moody & Esplanade St.,49.280893,-122.849291,6,"PE,LU,P5,W",DMean,0.1,0.17,0.2,0.23,0.27,0.3,0.35,0.42,0.48,0.57,0.88,0.88,98.904109589,0.27,0.26,0.26,0.21,0.21,0.19,0.23,0.33,0.21,0.28,0.27,0.26,0.25,0.088179241,2018
100112,Metro Van - Vancouver,BC,Robson/Hornby,49.282272,-123.12188,32,"T,LU,P6,R",DMean,0.11,0.19,0.22,0.25,0.28,0.3,0.37,0.47,0.62,0.68,0.93,0.93,99.452054795,0.32,0.27,0.23,0.24,0.23,0.21,0.23,0.37,0.27,0.33,0.3,0.27,0.27,0.102127454,2018
100119,Metro Van - Burnaby,BC,5455 Rumble Street,49.21519,-122.985666,122,"PE,LU,P6,R",DMean,0.08,0.13,0.17,0.2,0.23,0.25,0.29,0.35,0.49,0.62,0.92,0.92,98.082191781,0.28,0.24,0.22,0.18,0.17,0.14,0.15,0.27,0.19,0.24,0.24,0.21,0.21,0.089462945,2018
100121,Metro Van - North Vancouver,BC,75 Riverside Dr.,49.301472,-123.020417,4,"PS,LU,P5,I",DMean,0.1,0.14,0.17,0.2,0.22,0.24,0.27,0.33,0.37,0.44,0.73,0.73,98.630136986,0.25,0.23,0.23,0.2,0.18,0.15,0.18,0.26,0.19,0.21,0.2,0.2,0.21,0.06582173,2018
100127,Metro Van - Surrey,BC,72nd Ave. And 190 St.,49.132928,-122.694224,79,"T,LU,P4,R",DMean,0.09,0.12,0.14,0.17,0.19,0.2,0.25,0.28,0.32,0.39,0.89,0.89,99.178082192,0.17,0.18,0.19,0.17,0.15,0.13,0.14,0.24,0.17,0.21,0.19,0.18,0.18,0.071433156,2018
100128,Metro Van - Richmond,BC,10371 Aragon Rd,49.141437,-123.108215,4,"PE,LU,P4,R",DMean,0.08,0.11,0.14,0.17,0.21,0.25,0.34,0.42,0.6,0.69,0.88,0.88,99.452054795,0.24,0.21,0.24,0.17,0.14,0.12,0.12,0.23,0.16,0.26,0.27,0.26,0.2,0.115131154,2018
100132,Metro Van - North Vancouver,BC,16th St. & Jones Ave,49.323994,-123.083496,71,"PE,LU,P5,R",DMean,0.07,0.15,0.18,0.21,0.23,0.25,0.32,0.4,0.49,0.54,0.69,0.69,98.082191781,0.26,0.23,0.25,0.21,0.18,0.15,0.18,0.25,0.2,0.27,0.25,0.23,0.22,0.08565812,2018
100134,Metro Van - Richmond,BC,3153 Templeton Street,49.186265,-123.152422,1,"PE,LU,P5,C",DMean,0.09,0.14,0.18,0.21,0.27,0.31,0.41,0.56,0.67,0.79,1.15,1.15,98.630136986,0.29,0.27,0.28,0.21,0.18,0.15,0.19,0.3,0.21,0.35,0.32,0.3,0.25,0.136229957,2018
100135,Metro Van - Coquitlam,BC,1250 Pinetree Way,49.288265,-122.79157,38,"PE,LU,P5,R",DMean,0.08,0.14,0.16,0.18,0.2,0.22,0.25,0.3,0.39,0.47,0.7,0.7,100,0.2,0.2,0.18,0.16,0.19,0.17,0.15,0.24,0.18,0.21,0.21,0.2,0.19,0.066519261,2018
100138,Metro Van - West Vancouver,BC,6350 Marine Drive,49.36861,-123.276741,65,"T,LU,P2,R",DMean,0.1,0.12,0.14,0.16,0.17,0.18,0.19,0.21,0.23,0.24,0.3,0.3,64.657534247,0.15,0.17,0.16,0.15,0.14,,,,,,0.18,0.16,,,2018
100140,Metro Van - Delta,BC,411 Milsom Wynd,49.009877,-123.081997,52,"PE,LU,P3,R",DMean,0.06,0.09,0.11,0.14,0.16,0.19,0.21,0.25,0.32,0.37,0.95,0.95,96.98630137,0.18,0.2,0.17,0.13,0.12,0.1,0.11,0.22,0.12,0.15,0.16,0.15,0.15,0.080252652,2018
100141,Metro Van - Vancouver,BC,"1290 East 11th Ave,",49.260267,-123.077776,30,"T,LU,P6,R",DMean,0.13,0.21,0.25,0.29,0.33,0.37,0.46,0.55,0.86,0.92,1.16,1.16,68.493150685,0.43,0.35,0.36,0.28,0.25,0.22,0.24,0.42,0.31,,,,,,2018
100304,Victoria,BC,"Sj Willis School, 923 Topaz Ave.",48.441942,-123.363165,29,"T,LU,P6,R",DMean,0.1,0.14,0.18,0.2,0.24,0.27,0.32,0.39,0.47,0.52,0.89,0.89,89.04109589,0.22,0.25,0.25,0.2,0.17,0.15,,0.28,0.19,0.31,0.26,0.21,0.22,0.095348527,2018
100701,Kelowna,BC,3333 College Way,49.862336,-119.477367,347,"PE,LU,P5,R",DMean,0.11,0.16,0.19,0.23,0.28,0.31,0.37,0.47,0.74,0.94,1.78,1.78,98.630136986,0.3,0.25,0.27,0.22,0.17,0.15,0.2,0.56,0.21,0.28,0.29,0.26,0.26,0.164480066,2018
101003,Metro Van - Abbotsford,BC,32995 Bevan Ave.,49.04258,-122.30982,58,"PE,LU,P4,R",DMean,0.11,0.14,0.18,0.2,0.23,0.26,0.3,0.36,0.45,0.49,1.03,1.03,100,0.21,0.2,0.22,0.19,0.18,0.16,0.18,0.32,0.2,0.29,0.24,0.22,0.22,0.087143551,2018
101005,Metro Van - Abbotsford,BC,1073 Columbia Street,49.021554,-122.326523,65,"PE,LU,P3,A",DMean,0.08,0.1,0.12,0.14,0.16,0.17,0.19,0.23,0.27,0.38,0.85,0.85,96.98630137,0.14,0.16,0.17,0.15,0.14,0.11,0.13,0.23,0.12,0.16,0.14,0.13,0.15,0.066095341,2018
101101,Metro Van-Chilliwack,BC,46360 Airport Road,49.155848,-121.940279,12,"PE,MU,P3,R",DMean,0.11,0.14,0.16,0.18,0.2,0.22,0.26,0.3,0.43,0.54,0.94,0.94,97.260273973,0.19,0.19,0.21,0.18,0.17,0.15,0.16,0.31,0.18,0.22,0.21,0.18,0.19,0.079115986,2018
101301,Metro Van-Langley,BC,23752 52nd Avenue,49.09561,-122.567104,88,"PE,LU,P3,R",DMean,0.1,0.14,0.17,0.19,0.22,0.25,0.3,0.36,0.43,0.54,0.89,0.89,99.178082192,0.2,0.19,0.21,0.21,0.2,0.14,0.16,0.27,0.19,0.29,0.24,0.2,0.21,0.084331686,2018
101401,Metro Van-Hope,BC,62715 Airport Road,49.369887,-121.49912,40,"RB,SU,P2,F",DMean,0.11,0.13,0.14,0.15,0.17,0.18,0.21,0.26,0.48,0.63,1.39,1.39,96.98630137,0.17,0.16,0.16,0.15,0.14,0.14,0.15,0.37,0.16,0.16,0.16,0.15,0.17,0.111632622,2018
101501,Metro Van - Maple Ridge,BC,23124 118th Avenue,49.21494,-122.582057,50,"PE,LU,P4,R",DMean,0.11,0.14,0.17,0.19,0.22,0.25,0.3,0.39,0.46,0.51,0.84,0.84,99.178082192,0.24,0.22,0.2,0.18,0.18,0.15,0.17,0.29,0.18,0.25,0.24,0.24,0.21,0.084960152,2018
129003,Yellowknife,NT,"52nd Ave & 49t Street, Sir John Franklin High School",62.45207,-114.364,193,"PE,SU,P3,R",DMean,0.09,0.12,0.14,0.16,0.18,0.2,0.22,0.25,0.28,0.29,0.36,0.36,99.726027397,0.2,0.22,0.2,0.18,0.14,0.12,0.12,0.14,0.15,0.15,0.15,0.18,0.16,0.043051566,2018
129203,Inuvik,NT,"Bompas Road (Block21, Lot 4084)",68.35702,-133.714057,30,"PE,SU,P2,R",DMean,0,0.01,0.03,0.09,0.14,0.19,0.28,0.34,0.39,0.47,0.65,0.65,99.452054795,0.02,0.05,0.05,0.14,0.09,0.11,0.02,0.04,0.08,0.17,0.26,0.34,0.12,0.111265699,2018
129601,Fort Smith,NT,95 Conibear Crescent,60.00455,-111.893241,358,"PE,SU,P2,R",DMean,0,0.02,0.09,0.14,0.26,0.32,0.36,0.38,0.42,0.44,0.48,0.48,99.178082192,0.27,0.34,0.37,0.27,0.11,0.05,0.03,0.05,0.06,0.14,0.2,0.22,0.18,0.125744103,2018
10102,St Johns,NL,354 Water Street,47.56038,-52.71147,17,"PE,LU,P4,R",DMean,0.07,0.11,0.14,0.16,0.19,0.2,0.22,0.24,0.27,0.31,0.52,0.52,95.616438356,0.2,0.2,0.19,0.19,0.17,0.19,0.18,0.17,0.15,0.13,0.13,0.14,0.17,0.045912545,2015
10401,Mount Pearl,NL,Old Placentia Road,47.50513,-52.79476,134,"PE,LU,P3,R",DMean,0.11,0.15,0.18,0.2,0.22,0.24,0.28,0.3,0.32,0.34,0.35,0.35,100,0.21,0.21,0.21,0.2,0.21,0.2,0.24,0.28,0.24,0.18,0.15,0.15,0.21,0.04750708,2015
10501,Grand Falls-Windsor,NL,Scott Avenue,48.92696,-55.65966,64,"PE,SU,P3,I",DMean,0.08,0.09,0.11,0.13,0.15,0.16,0.19,0.21,0.22,0.23,0.35,0.35,93.97260274,0.18,0.18,0.17,0.15,0.12,0.1,0.11,0.11,0.11,0.11,0.13,0.14,0.13,0.036920633,2015
10602,Corner Brook,NL,Macpherson Ave,48.95224,-57.92207,99,"PE,SU,P2,I",DMean,0.1,0.12,0.13,0.15,0.16,0.17,0.18,0.2,0.21,0.25,0.36,0.36,100,0.17,0.19,0.18,0.16,0.15,0.12,0.13,0.14,0.13,0.13,0.14,0.15,0.15,0.029425193,2015
10901,Marystown,NL,18 Hwy 220 (Main St.),47.09899,-55.19852,1,"RB,NU,P2,R",DMean,0.06,0.1,0.11,0.13,0.14,0.14,0.15,0.16,0.18,0.34,0.49,0.49,97.808219178,0.14,0.15,0.15,0.12,0.12,0.12,0.14,0.13,0.12,0.12,0.11,0.13,0.13,0.03545317,2015
30118,Halifax,NS,1649 Barrington Street,44.646425,-63.573383,18,"PE,LU,P4,R",DMean,0.01,0.08,0.13,0.19,0.25,0.29,0.34,0.39,0.42,0.51,0.66,0.66,99.726027397,0.27,0.34,0.32,0.09,0.11,0.12,0.17,0.24,0.21,0.15,0.16,0.25,0.2,0.104438262,2015
30310,Sydney,NS,71 Welton Street,46.14222,-60.17252,27,"PE,SU,P3,R",DMean,0,0.03,0.08,0.18,0.24,0.26,0.29,0.32,0.36,0.41,0.46,0.46,99.452054795,0.25,0.31,0.24,0.21,0.23,0.26,0.14,0.06,0.1,0.07,0.05,0.1,0.17,0.103539934,2015
40103,Fredericton,NB,437 Aberdeen Street,45.957318,-66.646719,21,"PE,MU,P3,R",DMean,0.01,0.14,0.19,0.22,0.26,0.29,0.33,0.4,0.45,0.48,0.55,0.55,84.931506849,0.22,0.28,0.23,0.2,0.2,0.2,0.24,,0.21,,0.16,0.34,0.23,0.082999414,2015
40206,Saint John,NB,189 Prince William,45.269677,-66.06151,29,"PE,MU,P3,R",DMean,0.11,0.14,0.17,0.18,0.2,0.21,0.23,0.25,0.28,0.3,0.4,0.4,89.04109589,0.2,0.21,0.2,0.19,,0.16,0.2,0.18,0.18,0.16,0.17,0.19,0.19,0.037550053,2015
40302,Moncton,NB,5 Thanet Street,46.101578,-64.789661,9,"T,LU,P4,R",DMean,0.01,0.07,0.14,0.19,0.23,0.27,0.3,0.34,0.43,0.46,0.64,0.64,94.520547945,0.23,0.22,0.22,0.22,0.18,0.14,0.22,0.15,0.2,,0.15,0.18,0.19,0.097616853,2015
50109,Montral,QC,"2495 Duncan / Decarie, Mt-Royal",45.502648,-73.663913,41,"T,LU,P6,I",DMean,0.13,0.2,0.24,0.27,0.3,0.32,0.36,0.39,0.44,0.49,0.78,0.78,85.753424658,0.33,0.34,0.31,0.25,0.26,0.23,0.28,0.26,0.27,0.24,,0.27,0.28,0.071006575,2015
50113,Laval,QC,1160 Boul Pie-Ix,45.547463,-73.7483166,35,"PE,LU,P6,R",DMean,0.12,0.16,0.19,0.21,0.24,0.26,0.3,0.37,0.51,0.6,0.88,0.88,90.684931507,0.32,0.3,0.24,0.2,0.2,0.18,0.21,0.18,0.22,0.2,,0.24,0.23,0.083046859,2015
50115,Montral,QC,1001 Boul De Maisonneuve Ouest,45.501531,-73.574311,56,"T,LU,P6,C",DMean,0.18,0.26,0.31,0.34,0.37,0.39,0.42,0.45,0.49,0.58,0.66,0.66,100,0.36,0.36,0.37,0.33,0.32,0.31,0.35,0.31,0.33,0.33,0.36,0.35,0.34,0.067819772,2015
50128,Montral,QC,"90-A Rue Herve-Saint-Martin, Dorval",45.468322,-73.741198,33,"PE,LU,P3,C",DMean,0.11,0.14,0.17,0.19,0.22,0.23,0.27,0.31,0.37,0.4,0.65,0.65,95.616438356,0.29,0.26,0.22,0.19,0.18,0.16,0.18,0.17,0.19,0.16,0.2,0.22,0.2,0.063815447,2015
50135,Montral,QC,4240 Rue Charleroi,45.5934,-73.63726,41,"PE,LU,P6,R",DMean,0.13,0.16,0.2,0.23,0.27,0.3,0.39,0.47,0.63,0.77,1.03,1.03,98.630136986,0.38,0.44,0.28,0.22,0.21,0.19,0.22,0.19,0.22,0.22,0.26,0.28,0.26,0.115389145,2015
50204,Gatineau,QC,"255 St-Redempteur, Hull",45.435987,-75.723429,62,"PE,LU,P5,R",DMean,0.11,0.15,0.17,0.19,0.22,0.25,0.28,0.33,0.38,0.4,0.58,0.58,97.534246575,0.27,0.27,0.23,0.19,0.18,0.17,0.19,0.17,0.19,0.18,0.22,0.23,0.21,0.062584695,2015
50308,Quebec,QC,600 Rue Des Sables,46.821177,-71.220495,8,"PE,LU,P6,R",DMean,0.13,0.15,0.17,0.2,0.23,0.26,0.31,0.36,0.42,0.53,0.74,0.74,97.260273973,0.31,0.27,0.26,0.21,0.18,0.17,0.2,0.18,0.2,0.2,0.22,0.22,0.22,0.076729158,2015
54401,Saint-Anicet,QC,1128 De La Guerre,45.120624,-74.2896,50,"RB,NU,P2,A",DMean,0.13,0.16,0.18,0.21,0.26,0.28,0.31,0.33,0.35,0.36,0.39,0.39,84.657534247,0.18,0.19,0.18,0.19,0.22,0.25,0.29,0.28,0.27,,,,,,2015
54501,L'assomption,QC,801 St-Etienne/Route 344,45.80942,-73.43473,10,"PE,SU,P3,A",DMean,0.13,0.16,0.19,0.21,0.24,0.26,0.29,0.32,0.37,0.39,0.53,0.53,99.452054795,0.25,0.25,0.22,0.19,0.21,0.22,0.27,0.24,0.23,0.18,0.2,0.22,0.22,0.056244343,2015
55201,Lemieux,QC,1290 Rte Des Atocas,46.3037,-72.060685,92,"RB,NU,P1,F",DMean,0.13,0.16,0.18,0.2,0.24,0.26,0.3,0.34,0.35,0.37,0.39,0.39,99.178082192,0.19,0.19,0.19,0.19,0.23,0.22,0.3,0.29,0.26,0.18,0.18,0.19,0.22,0.054767863,2015
60104,Ottawa,ON,Rideau & Wurtemburg,45.43433,-75.676,72,"PE,LU,P6,R",DMean,0.12,0.14,0.17,0.19,0.22,0.24,0.27,0.31,0.35,0.39,0.52,0.52,100,0.26,0.26,0.23,0.19,0.18,0.16,0.19,0.17,0.19,0.17,0.21,0.23,0.2,0.056007555,2015
60204,Windsor,ON,467 University Ave. West,42.315778,-83.043667,184,"T,LU,P4,R",DMean,0.13,0.18,0.21,0.25,0.29,0.32,0.36,0.41,0.46,0.5,0.71,0.71,92.328767123,0.34,,0.29,0.26,0.22,0.22,0.26,0.24,0.23,0.22,0.29,0.31,0.26,0.07790667,2015
60430,Toronto,ON,125 Resources Road,43.709444,-79.5435,149,"PE,LU,P6,C",DMean,0.13,0.18,0.21,0.23,0.27,0.29,0.33,0.36,0.42,0.47,0.5,0.5,98.630136986,0.26,0.29,0.27,0.24,0.24,0.23,0.24,0.22,0.26,0.21,0.28,0.24,0.25,0.062802655,2015
60512,Hamilton,ON,Elgin & Kelly,43.25778,-79.86167,94,"PS,LU,P5,R",DMean,0.13,0.17,0.2,0.24,0.28,0.31,0.36,0.39,0.43,0.48,0.56,0.56,91.780821918,0.25,0.27,0.26,0.25,0.27,0.28,0.25,0.23,0.25,0.22,0.26,0.24,0.25,0.072734574,2015
70118,Winnipeg,MB,299 Scotia St.,49.93207,-97.11317,227,"PE,LU,P5,R",DMean,0.05,0.13,0.16,0.18,0.2,0.21,0.25,0.29,0.36,0.38,0.57,0.57,89.04109589,0.19,0.2,0.2,0.19,0.18,0.2,0.24,0.19,0.15,0.13,,0.17,0.19,0.060110376,2015
70119,Winnipeg,MB,65 Ellen Street,49.89799,-97.14653,229,"PE,LU,P6,R",DMean,0.06,0.13,0.16,0.19,0.22,0.23,0.25,0.28,0.35,0.47,0.61,0.61,87.397260274,0.21,0.24,0.22,0.2,0.18,0.18,0.22,0.16,0.16,0.14,0.18,0.23,0.2,0.065263998,2015
80111,Regina,SK,1621 Albert St.,50.4527,-104.616,585,"PE,LU,P4,R",DMean,0.11,0.14,0.17,0.18,0.2,0.22,0.24,0.3,0.51,0.77,1.6,1.6,99.178082192,0.22,0.22,0.21,0.19,0.18,0.24,0.28,0.19,0.16,0.17,0.18,0.2,0.2,0.116209456,2015
80211,Saskatoon,SK,511 1st Avenue North,52.13613,-106.66293,483,"PE,LU,P4,R",DMean,0.1,0.14,0.17,0.19,0.21,0.23,0.28,0.32,0.41,1.15,1.52,1.52,77.260273973,,0.2,0.21,0.21,0.19,0.26,0.27,0.19,0.18,,,0.21,,,2015
90120,Edmonton,AB,6240 113 Street,53.5001,-113.5261,670,"PE,LU,P4,R",DMean,0.04,0.1,0.13,0.16,0.2,0.22,0.26,0.3,0.38,0.48,0.95,0.95,97.808219178,0.22,0.21,0.19,0.16,0.14,0.14,0.18,0.15,0.14,0.16,0.21,0.27,0.18,0.081382295,2015
90121,Edmonton,AB,17 Street & 105 Avenue,53.54823,-113.36811,670,"PS,LU,P3,I",DMean,0,0.11,0.16,0.2,0.23,0.25,0.32,0.39,0.48,0.63,1.18,1.18,95.616438356,0.31,0.18,0.15,0.2,0.16,0.18,0.24,0.18,0.17,0.19,0.23,0.31,0.21,0.111000887,2015
90130,Edmonton,AB,10255 - 104th Street,53.54445,-113.49884,663,"PE,LU,P5,R",DMean,0,0.06,0.18,0.23,0.28,0.34,0.49,0.66,0.73,0.83,1.18,1.18,96.98630137,0.52,0.29,0.31,0.22,0.18,0.12,0.29,0.14,0.07,0.18,0.32,0.42,0.26,0.171730902,2015
90222,Calgary,AB,39 St. & 29 Ave. N.W.,51.079222,-114.141828,1120,"PE,LU,P4,R",DMean,0,0.13,0.19,0.21,0.24,0.26,0.29,0.31,0.45,0.58,1,1,95.890410959,0.23,0.23,0.25,0.1,0.1,0.22,0.23,0.29,0.19,0.22,0.21,0.26,0.21,0.09770629,2015
90228,Calgary,AB,620 7th Ave Sw,51.04701,-114.07564,105,"PE,LU,P6,R",DMean,0.15,0.21,0.25,0.27,0.32,0.36,0.43,0.58,0.74,0.79,0.79,0.79,23.835616438,0.34,0.31,0.27,,,,,,,,,,,,2015
90229,Calgary,AB,4700 110 Avenue Se,50.955122,-113.969742,1032,"PE,LU,P3,I",DMean,0.1,0.13,0.17,0.2,0.23,0.27,0.33,0.41,0.51,0.63,0.99,0.99,100,0.31,0.25,0.23,0.18,0.17,0.16,0.16,0.24,0.16,0.2,0.24,0.32,0.22,0.101466959,2015
90230,Calgary,AB,2425 9th Ave Se,51.0309,-114.0091,1030,"PE,LU,P4,P",DMean,0.06,0.11,0.13,0.15,0.19,0.23,0.3,0.44,0.63,0.75,0.91,0.91,73.698630137,,,,0.15,0.13,0.13,0.14,0.22,0.16,0.21,0.2,0.34,,,2015
90302,Red Deer,AB,73 Street & Riverside Drive,52.29867,-113.79352,858,"PE,MU,P3,R",DMean,0.1,0.13,0.18,0.2,0.23,0.29,0.36,0.4,0.46,0.53,0.67,0.67,99.726027397,0.32,0.25,0.25,0.2,0.16,0.19,0.21,0.2,0.16,0.18,0.25,0.32,0.22,0.089047703,2015
90402,Medicine Hat,AB,12th St Nw & Division Ave.,50.04893,-110.68116,709,"PE,MU,P3,R",DMean,0.1,0.1,0.12,0.14,0.17,0.2,0.2,0.22,0.33,0.4,0.75,0.75,96.712328767,0.16,0.19,0.18,0.16,0.14,0.14,0.16,0.19,0.12,0.13,0.14,0.16,0.16,0.064980831,2015
90502,Lethbridge,AB,2805 12 Ave N,49.71621,-112.8006,918,"PS,MU,P3,I",DMean,0.1,0.12,0.16,0.2,0.21,0.23,0.25,0.29,0.38,0.59,0.68,0.68,98.356164384,0.19,0.2,0.2,0.2,0.19,0.17,0.18,0.25,0.16,0.18,0.21,0.22,0.2,0.071525198,2015
90601,Fort Saskatchewan,AB,9209a-96 Ave,53.69874,-113.22285,628,"T,SU,P3,R",DMean,0,0.01,0.06,0.12,0.2,0.24,0.29,0.37,0.49,0.59,0.96,0.96,99.452054795,0.24,0.17,0.14,0.09,0.14,0.01,0.09,0.11,0.04,0.2,0.24,0.3,0.15,0.131403059,2015
90701,Fort Mcmurray,AB,Franklin Avenue,56.73341,-111.39047,260,"PE,MU,P3,W",DMean,0,0.01,0.04,0.07,0.1,0.12,0.16,0.21,0.36,0.74,1.11,1.11,99.726027397,0.13,0.11,0.12,0.06,0.05,0.1,0.2,0.03,0.04,0.05,0.12,0.11,0.09,0.117471306,2015
91701,Steeper,AB,Ne 12 48 22 W5,53.1325,-117.09111,1428,"RB,NU,P1,F",DMean,0,0,0,0,0,0,0.01,0.06,0.09,0.14,0.66,0.66,98.356164384,0,0.01,0,0,0,0,0.01,0.01,0.01,0,0.02,0.04,0.01,0.048374908,2015
92001,Grande Prairie,AB,10327 - 107 Avenue,55.1766,-118.8078,658,"PE,NU,P3,W",DMean,0.09,0.12,0.16,0.2,0.24,0.27,0.33,0.4,0.49,0.58,0.75,0.75,99.452054795,0.28,0.29,0.24,0.21,0.19,0.15,0.15,0.13,0.13,0.2,0.29,0.35,0.22,0.098455259,2015
100110,Burnaby,BC,700 Hammarskjold Drive,49.279214,-122.970707,105,"T,LU,P4,R",DMean,0.12,0.16,0.19,0.2,0.23,0.25,0.28,0.33,0.36,0.38,0.57,0.57,98.356164384,0.26,0.22,0.22,0.21,0.21,0.18,0.2,0.19,0.19,0.24,0.24,0.22,0.22,0.055110175,2015
100111,Port Moody,BC,Moody & Esplanade St.,49.280893,-122.849291,17,"PE,LU,P5,W",DMean,0.14,0.19,0.22,0.25,0.3,0.34,0.39,0.44,0.5,0.64,0.67,0.67,98.904109589,0.36,0.29,0.27,0.24,0.24,0.23,0.27,0.26,0.24,0.29,0.36,0.27,0.28,0.089530838,2015
100112,Vancouver,BC,Robson/Hornby,49.282272,-123.12188,33,"T,LU,P6,R",DMean,0.17,0.24,0.27,0.3,0.36,0.41,0.48,0.54,0.62,0.68,0.83,0.83,83.287671233,0.37,0.31,0.36,0.33,0.26,0.28,,0.26,0.37,0.45,0.36,0.3,0.34,0.108143042,2015
100119,Burnaby,BC,5455 Rumble Street,49.21519,-122.985666,125,"PE,LU,P6,R",DMean,0.1,0.14,0.18,0.2,0.25,0.28,0.33,0.4,0.47,0.5,0.6,0.6,95.616438356,0.34,0.26,0.26,0.2,0.19,0.16,0.18,0.16,0.18,0.25,0.29,0.23,0.23,0.083193294,2015
100121,North Vancouver,BC,75 Riverside Dr.,49.301472,-123.020417,4,"PS,LU,P5,I",DMean,0.1,0.13,0.15,0.17,0.2,0.23,0.26,0.29,0.32,0.35,0.48,0.48,96.438356164,0.23,0.2,0.19,0.16,0.16,0.13,0.18,0.18,0.16,0.22,0.23,0.21,0.19,0.052257586,2015
100127,Surrey,BC,72nd Ave. And 190 St.,49.132928,-122.694224,90,"T,LU,P4,R",DMean,0.1,0.13,0.15,0.17,0.2,0.23,0.27,0.31,0.38,0.4,0.46,0.46,95.616438356,0.22,0.2,0.2,0.18,0.16,0.14,0.15,0.15,0.17,0.22,0.26,0.19,0.19,0.060563832,2015
100128,Richmond,BC,10371 Aragon Rd,49.141437,-123.108215,8,"PE,LU,P4,R",DMean,0.1,0.12,0.15,0.17,0.23,0.26,0.35,0.43,0.57,0.61,0.73,0.73,98.630136986,0.28,0.25,0.22,0.17,0.14,0.13,0.16,0.16,0.18,0.25,0.35,0.24,0.21,0.107090665,2015
100132,North Vancouver,BC,16th St. & Jones Ave,49.323994,-123.083496,71,"PE,LU,P5,R",DMean,0.12,0.16,0.19,0.21,0.25,0.29,0.38,0.43,0.5,0.56,0.61,0.61,99.178082192,0.33,0.27,0.25,0.21,0.2,0.18,0.22,0.19,0.21,0.29,0.32,0.23,0.24,0.09005286,2015
100134,Richmond,BC,3153 Templeton Street,49.186265,-123.152422,2,"PE,LU,P5,C",DMean,0.1,0.14,0.18,0.22,0.28,0.33,0.41,0.52,0.61,0.81,0.9,0.9,98.082191781,0.36,0.31,0.28,0.23,0.19,0.15,0.17,0.16,0.2,0.29,0.41,0.29,0.25,0.128068166,2015
100135,Coquitlam,BC,1250 Pinetree Way,49.288265,-122.79157,47,"PE,LU,P5,R",DMean,0.12,0.15,0.18,0.21,0.24,0.27,0.32,0.36,0.43,0.45,0.51,0.51,100,0.31,0.25,0.24,0.2,0.2,0.17,0.2,0.18,0.19,0.25,0.29,0.22,0.22,0.069849864,2015
100138,Vancouver,BC,6350 Marine Drive,49.36861,-123.276741,66,"T,LU,P2,R",DMean,0.11,0.16,0.19,0.22,0.24,0.25,0.27,0.29,0.34,0.38,0.62,0.62,97.534246575,0.26,0.24,0.23,0.21,0.19,0.18,0.22,0.2,0.2,0.24,0.24,0.22,0.22,0.05276692,2015
100140,Delta,BC,411 Milsom Wynd,49.009877,-123.081997,52,"PE,LU,P3,R",DMean,0.08,0.1,0.12,0.13,0.15,0.17,0.19,0.22,0.28,0.33,0.46,0.46,99.452054795,0.19,0.16,0.15,0.14,0.13,0.1,0.13,0.12,0.11,0.14,0.19,0.15,0.14,0.046615813,2015
100141,Vancouver,BC,"1290 East 11th Ave,",49.260267,-123.077776,0,"T,LU,P5,R",DMean,0.13,0.19,0.23,0.26,0.3,0.33,0.39,0.52,0.74,0.94,0.98,0.98,52.328767123,,,,,0.27,0.22,0.24,0.26,,,0.42,0.34,,,2015
100304,Victoria,BC,"Sj Willis School, 923 Topaz Ave.",48.441942,-123.363165,29,"T,LU,P6,R",DMean,0.11,0.16,0.21,0.25,0.3,0.33,0.42,0.47,0.54,0.64,0.72,0.72,99.452054795,0.32,0.31,0.3,0.24,0.21,0.18,0.2,0.2,0.23,0.29,0.42,0.33,0.27,0.103193314,2015
100701,Kelowna,BC,3333 College Way,49.862336,-119.477367,347,"PE,MU,P4,R",DMean,0.14,0.17,0.22,0.25,0.3,0.33,0.37,0.4,0.48,0.62,1.96,1.96,98.630136986,0.29,0.35,0.3,0.24,0.21,0.2,0.21,0.38,0.23,0.29,0.28,0.29,0.27,0.135404712,2015
101003,Abbotsford,BC,32995 Bevan Ave.,49.04258,-122.30982,63,"PE,LU,P4,R",DMean,0.11,0.15,0.18,0.21,0.24,0.28,0.33,0.37,0.43,0.44,0.45,0.45,98.082191781,0.29,0.25,0.24,0.22,0.2,0.17,0.17,0.18,0.2,0.24,0.29,0.24,0.22,0.071047636,2015
101005,Abbotsford,BC,1073 Columbia Street,49.021554,-122.326523,65,"PE,LU,P3,A",DMean,0.12,0.15,0.17,0.19,0.22,0.23,0.27,0.3,0.34,0.35,0.44,0.44,96.438356164,0.22,0.2,0.2,0.18,0.17,0.16,0.18,0.18,0.19,0.23,0.26,0.22,0.2,0.051451572,2015
101101,Chilliwack,BC,46360 Airport Road,49.155848,-121.940279,16,"PE,MU,P3,R",DMean,0.13,0.16,0.19,0.21,0.23,0.25,0.3,0.33,0.37,0.42,0.49,0.49,97.808219178,0.22,0.23,0.24,0.22,0.2,0.19,0.22,0.23,0.19,0.24,0.25,0.22,0.22,0.056165677,2015
101301,Langley,BC,23752 52nd Avenue,49.09561,-122.567104,89,"PE,LU,P3,R",DMean,0.09,0.11,0.13,0.15,0.18,0.2,0.24,0.28,0.32,0.37,0.45,0.45,96.98630137,0.2,0.17,0.17,0.18,0.15,0.12,0.14,0.15,0.15,0.2,0.22,0.15,0.17,0.056553729,2015
101401,Hope,BC,62715 Airport Road,49.369887,-121.49912,39,"RB,SU,P2,F",DMean,0.1,0.12,0.14,0.16,0.17,0.18,0.2,0.22,0.28,0.32,0.43,0.43,94.794520548,0.18,0.17,0.18,0.17,0.15,0.13,0.17,0.17,0.13,0.17,0.18,0.18,0.16,0.038765219,2015
101501,Maple Ridge,BC,23124 118th Avenue,49.21494,-122.582057,54,"PE,LU,P4,R",DMean,0.11,0.14,0.17,0.2,0.24,0.27,0.34,0.39,0.5,0.54,0.58,0.58,99.178082192,0.31,0.24,0.23,0.2,0.19,0.15,0.19,0.17,0.19,0.27,0.32,0.23,0.22,0.085817305,2015
106800,Ucluelet,BC,Coast Guard Drive,48.921799,-125.541209,14,"RB,SU,P2,W",DMean,0.09,0.11,0.12,0.13,0.14,0.15,0.15,0.16,0.16,0.16,0.2,0.2,83.287671233,0.14,0.14,0.15,,0.14,0.11,0.12,0.11,0.12,0.13,0.14,0.14,0.13,0.019051747,2015
129003,Yellowknife,NT,"52nd Ave & 49t Street, Sir John Franklin High School",62.45207,-114.364,206,"PE,SU,P3,R",DMean,0,0.01,0.19,0.24,0.64,0.67,0.7,0.72,0.74,0.76,0.81,0.81,82.191780822,0.25,0.26,,0.22,0.19,0.17,0.04,0.06,,0.66,0.7,0.7,0.34,0.25217861,2015
129203,Inuvik,NT,"Bompas Road (Block21, Lot 4084)",68.35702037,-133.7140565,15,"PE,SU,P2,R",DMean,0,0.03,0.13,0.26,0.33,0.36,0.4,0.44,0.51,0.59,0.77,0.77,95.068493151,0.28,0.34,0.35,0.4,0.17,,0.13,0.05,0.02,0.18,0.27,0.35,0.24,0.144455493,2015
129601,Fort Smith,NT,95 Conibear Crescent,60.00455,-111.893241,680,"PE,SU,P2,R",DMean,0,0,0,0.02,0.06,0.09,0.2,0.26,0.32,0.35,0.66,0.66,100,0.05,0.07,0.05,0.02,0,0.04,0.05,0.04,0.01,0.02,0.13,0.24,0.06,0.088610604,2015
10102,St Johns,NL,354 Water Street,47.56038,-52.71147,17,"PE,LU,P4,R",DMean,0.08,0.11,0.13,0.14,0.16,0.17,0.19,0.19,0.22,0.25,0.29,0.29,98.633879781,0.14,0.15,0.16,0.16,0.15,0.14,0.15,0.14,0.13,0.14,0.15,0.13,0.15,0.031437575,2016
10401,Mount Pearl,NL,Old Placentia Road,47.50513,-52.79476,134,"PE,LU,P3,R",DMean,0.08,0.12,0.13,0.15,0.17,0.19,0.22,0.25,0.27,0.27,0.31,0.31,100,0.14,0.14,0.13,0.14,0.15,0.16,0.2,0.21,0.18,0.16,0.17,0.13,0.16,0.041132397,2016
10501,Grand Falls-Windsor,NL,Scott Avenue,48.92696,-55.65966,64,"PE,SU,P3,I",DMean,0.07,0.09,0.11,0.13,0.15,0.16,0.17,0.19,0.2,0.22,0.28,0.28,89.344262295,0.16,,0.16,0.15,0.12,0.1,0.1,0.09,0.1,0.12,0.14,0.16,0.13,0.031954735,2016
10602,Corner Brook,NL,Macpherson Ave,48.95224,-57.92207,99,"PE,SU,P2,I",DMean,0.08,0.1,0.12,0.14,0.16,0.17,0.18,0.19,0.21,0.22,0.23,0.23,99.726775956,0.17,0.17,0.17,0.16,0.15,0.13,0.12,0.11,0.1,0.11,0.14,0.16,0.14,0.030108373,2016
10901,Marystown,NL,18 Hwy 220 (Main St.),47.09899,-55.19852,1,"RB,NU,P2,R",DMean,0.04,0.08,0.1,0.11,0.13,0.14,0.15,0.16,0.17,0.29,0.94,0.94,86.885245902,0.14,0.15,0.14,0.19,0.13,0.11,0.1,0.12,0.11,0.11,0.1,0.09,0.12,0.062712562,2016
11002,Labrador City,NL,317 Hudson Drive,52.945487,-66.910306,558,"PS,SU,P2,R",DMean,0.47,1.51,2.35,3.19,4.42,5.83,8.79,12.01,16.19,24.52,43.87,43.87,95.901639344,3.06,4.32,4.56,3.23,3.73,3.9,3.47,3.23,2.91,4.46,6.83,9.67,4.5,4.470105322,2016
30118,Halifax,NS,1649 Barrington Street,44.646425,-63.573383,18,"PE,LU,P4,R",DMean,0.06,0.1,0.13,0.15,0.19,0.25,0.32,0.36,0.41,0.42,0.43,0.43,98.633879781,0.19,0.31,0.33,0.24,0.14,0.11,0.15,0.14,0.14,0.15,0.15,0.13,0.18,0.084441768,2016
30310,Sydney,NS,71 Welton Street,46.14222,-60.17252,27,"PE,SU,P3,R",DMean,0,0.06,0.09,0.11,0.13,0.15,0.17,0.19,0.22,0.24,0.37,0.37,97.267759563,0.06,0.14,0.14,0.14,0.11,0.06,0.08,0.1,0.09,0.12,0.15,0.15,0.11,0.049073155,2016
40103,Fredericton,NB,437 Aberdeen Street,45.957318,-66.646719,21,"PE,MU,P3,R",DMean,0.08,0.13,0.16,0.19,0.22,0.25,0.3,0.35,0.44,0.56,0.66,0.66,99.726775956,0.27,0.29,0.23,0.18,0.17,0.15,0.17,0.17,0.15,0.19,0.19,0.32,0.21,0.083435242,2016
40206,Saint John,NB,189 Prince William,45.269677,-66.06151,29,"PE,MU,P3,R",DMean,0.15,0.16,0.18,0.19,0.21,0.22,0.23,0.25,0.27,0.28,0.28,0.28,18.306010929,0.19,0.2,,,,,,,,,,,,,2016
40209,Saint John,NB,8 Castle Street,45.28028,-66.05611,41,"PE,MU,P3,R",DMean,0.09,0.11,0.13,0.14,0.16,0.17,0.18,0.19,0.21,0.23,0.3,0.3,74.043715847,,,,0.17,0.15,0.13,0.14,0.14,0.13,0.14,0.15,0.17,,,2016
40302,Moncton,NB,5 Thanet Street,46.101578,-64.789661,9,"T,LU,P4,R",DMean,0,0.06,0.12,0.17,0.24,0.27,0.31,0.33,0.36,0.39,0.43,0.43,100,0.18,0.23,0.24,0.19,0.21,0.1,0.14,0.16,0.13,0.2,0.21,0.17,0.18,0.09337116,2016
50109,Montral,QC,"2495 Duncan / Decarie, Mt-Royal",45.502648,-73.663913,41,"T,LU,P6,I",DMean,0.14,0.19,0.22,0.25,0.28,0.31,0.36,0.41,0.46,0.53,0.62,0.62,99.453551913,0.32,0.27,0.3,0.24,0.25,0.24,0.22,0.23,0.24,0.24,0.29,0.27,0.26,0.072865168,2016
50113,Laval,QC,1160 Boul Pie-Ix,45.547463,-73.7483166,35,"PE,LU,P6,R",DMean,0.11,0.15,0.17,0.19,0.23,0.26,0.31,0.34,0.4,0.47,0.68,0.68,99.180327869,0.3,0.24,0.25,0.2,0.2,0.17,0.16,0.17,0.18,0.19,0.24,0.23,0.21,0.071566661,2016
50128,Montral,QC,"90-A Rue Herve-Saint-Martin, Dorval",45.468322,-73.741198,33,"PE,LU,P3,C",DMean,0.1,0.13,0.16,0.18,0.21,0.23,0.28,0.31,0.37,0.42,0.44,0.44,100,0.26,0.22,0.23,0.19,0.18,0.15,0.15,0.16,0.16,0.17,0.22,0.22,0.19,0.06193752,2016
50135,Montral,QC,4240 Rue Charleroi,45.5934,-73.63726,41,"PE,LU,P6,R",DMean,0.12,0.16,0.19,0.21,0.25,0.28,0.33,0.36,0.45,0.55,0.67,0.67,99.453551913,0.32,0.27,0.28,0.22,0.22,0.19,0.17,0.18,0.2,0.23,0.26,0.25,0.23,0.077308801,2016
50136,Montral,QC,75 Rue Ontario Est,45.512189,-73.566842,32,"PE,LU,P6,R",DMean,0.13,0.16,0.19,0.21,0.23,0.25,0.29,0.31,0.33,0.34,0.38,0.38,90.43715847,,0.25,0.26,0.22,0.22,0.2,0.18,0.19,0.19,0.2,0.24,0.23,0.22,0.048920453,2016
50204,Gatineau,QC,"255 St-Redempteur, Hull",45.435987,-75.723429,62,"PE,LU,P5,R",DMean,0.11,0.13,0.16,0.19,0.22,0.23,0.28,0.32,0.37,0.43,0.61,0.61,99.180327869,0.27,0.23,0.25,0.19,0.18,0.16,0.15,0.2,0.16,0.18,0.21,0.22,0.2,0.064203895,2016
50308,Quebec,QC,600 Rue Des Sables,46.821177,-71.220495,8,"PE,LU,P6,R",DMean,0.11,0.15,0.17,0.19,0.22,0.24,0.28,0.35,0.47,0.49,0.55,0.55,94.262295082,0.26,0.23,0.25,0.2,0.17,0.17,0.16,0.17,0.18,0.23,0.22,0.24,0.21,0.071142124,2016
54401,Saint-Anicet,QC,1128 De La Guerre,45.120624,-74.2896,50,"RB,NU,P2,A",DMean,0.02,0.1,0.13,0.16,0.19,0.22,0.25,0.27,0.29,0.32,0.33,0.33,100,0.14,0.15,0.15,0.12,0.17,0.2,0.22,0.24,0.17,0.15,0.16,0.12,0.17,0.059174419,2016
54501,L'assomption,QC,801 St-Etienne/Route 344,45.80942,-73.43473,10,"PE,SU,P3,A",DMean,0,0.12,0.16,0.18,0.21,0.23,0.26,0.29,0.35,0.38,0.48,0.48,97.81420765,0.2,0.18,0.19,0.18,0.18,0.2,0.22,0.23,0.19,0.14,0.18,0.17,0.19,0.063700696,2016
55201,Lemieux,QC,1290 Rte Des Atocas,46.3037,-72.060685,92,"RB,NU,P1,F",DMean,0.02,0.12,0.17,0.2,0.25,0.28,0.31,0.33,0.36,0.37,0.41,0.41,72.131147541,0.18,0.17,0.17,0.18,0.2,0.24,0.27,0.27,0.2,,,,,,2016
60104,Ottawa,ON,Rideau & Wurtemburg,45.43433,-75.676,72,"PE,LU,P6,R",DMean,0.11,0.14,0.16,0.18,0.22,0.24,0.3,0.37,0.45,0.48,0.53,0.53,98.360655738,0.26,0.22,0.24,0.19,0.18,0.15,0.15,0.16,0.16,0.18,0.21,0.37,0.2,0.074054133,2016
60204,Windsor,ON,467 University Ave. West,42.315778,-83.043667,184,"T,LU,P4,R",DMean,0.12,0.17,0.21,0.24,0.28,0.3,0.36,0.4,0.46,0.52,0.61,0.61,98.907103825,0.3,0.27,0.27,0.24,0.25,0.23,0.22,0.23,0.23,0.22,0.3,0.3,0.25,0.07576941,2016
60430,Toronto,ON,125 Resources Road,43.709444,-79.5435,149,"PE,LU,P6,C",DMean,0.12,0.19,0.21,0.23,0.26,0.28,0.32,0.36,0.47,0.56,0.8,0.8,98.633879781,0.27,0.24,0.29,0.25,0.26,0.21,0.21,0.22,0.24,0.22,0.34,0.23,0.25,0.076013649,2016
60438,Toronto,ON,401w - 125 Resources Rd.,43.711105556,-79.543425,,"T,LU,P6,C",DMean,0.14,0.23,0.28,0.31,0.34,0.36,0.4,0.46,0.54,0.65,0.83,0.83,97.267759563,0.34,0.31,0.36,0.32,0.33,0.29,0.29,0.3,0.31,0.3,0.39,0.29,0.32,0.080629431,2016
60512,Hamilton,ON,Elgin & Kelly,43.25778,-79.86167,94,"PS,LU,P5,R",DMean,0.12,0.16,0.19,0.22,0.27,0.3,0.34,0.4,0.46,0.55,0.65,0.65,100,0.26,0.24,0.27,0.29,0.27,0.22,0.21,0.21,0.23,0.22,0.27,0.22,0.24,0.083105555,2016
70118,Winnipeg,MB,299 Scotia St.,49.93207,-97.11317,227,"PE,LU,P5,R",DMean,0.01,0.03,0.06,0.15,0.21,0.25,0.3,0.34,0.39,0.43,0.44,0.44,42.349726776,0.22,0.15,0.24,,,,,0.05,,,,,,,2016
70119,Winnipeg,MB,65 Ellen Street,49.89799,-97.14653,229,"PE,LU,P6,R",DMean,0.03,0.08,0.16,0.25,0.37,0.44,0.55,0.63,0.71,0.77,0.91,0.91,98.907103825,0.26,0.25,0.25,0.1,0.1,0.12,0.14,0.32,0.47,0.55,0.46,0.4,0.28,0.178936739,2016
80111,Regina,SK,1621 Albert St.,50.4527,-104.616,585,"PE,LU,P4,R",DMean,0.1,0.11,0.14,0.18,0.2,0.2,0.22,0.24,0.26,0.27,0.33,0.33,95.081967213,0.22,0.21,0.2,0.19,0.19,0.12,0.12,0.13,0.13,0.16,0.18,0.2,0.17,0.044313254,2016
80211,Saskatoon,SK,511 1st Avenue North,52.13613,-106.66293,483,"PE,LU,P4,R",DMean,0.11,0.14,0.17,0.21,0.23,0.25,0.29,0.31,0.32,0.33,0.37,0.37,96.448087432,0.24,0.23,0.22,0.19,0.21,0.15,0.15,0.15,0.26,0.27,0.21,0.22,0.21,0.053530528,2016
90120,Edmonton,AB,6240 113 Street,53.5001,-113.5261,670,"PE,LU,P4,R",DMean,0,0.12,0.18,0.2,0.23,0.24,0.29,0.33,0.38,0.45,0.8,0.8,95.081967213,0.25,0.22,0.23,0.21,0.22,0.18,0.17,0.09,0.16,0.22,0.25,0.28,0.21,0.079159421,2016
90121,Edmonton,AB,17 Street & 105 Avenue,53.54823,-113.36811,670,"PS,LU,P3,I",DMean,0.04,0.13,0.19,0.2,0.23,0.26,0.32,0.35,0.41,0.44,0.47,0.47,98.633879781,0.32,0.25,0.23,0.21,0.21,0.19,0.18,0.18,0.15,0.18,0.23,0.26,0.21,0.070409389,2016
90130,Edmonton,AB,10255 - 104th Street,53.54445,-113.49884,663,"PE,LU,P5,R",DMean,0.1,0.2,0.22,0.25,0.28,0.31,0.38,0.43,0.47,0.53,0.61,0.61,98.907103825,0.39,0.33,0.3,0.24,0.25,0.22,0.21,0.22,0.22,0.24,0.29,0.28,0.27,0.07631563,2016
90136,St. Albert,AB,37 Sunset Blvd,53.626908,-113.611883,681,"PE,MU,P4,R",DMean,0,0.1,0.15,0.2,0.3,0.33,0.4,0.47,0.52,0.86,0.95,0.95,70.765027322,,,,0.41,0.33,0.41,0.13,0.15,0.15,0.17,0.24,0.23,,,2016
90222,Calgary,AB,39 St. & 29 Ave. N.W.,51.079222,-114.141828,1120,"PE,LU,P4,R",DMean,0.06,0.11,0.15,0.18,0.21,0.23,0.28,0.3,0.39,0.46,0.59,0.59,99.726775956,0.28,0.22,0.19,0.16,0.17,0.14,0.14,0.17,0.13,0.2,0.25,0.21,0.19,0.070106527,2016
90229,Calgary,AB,4700 110 Avenue Se,50.955122,-113.969742,1032,"PE,LU,P3,I",DMean,0.1,0.11,0.15,0.19,0.22,0.25,0.31,0.36,0.43,0.53,0.75,0.75,99.180327869,0.34,0.26,0.21,0.19,0.17,0.13,0.14,0.16,0.15,0.19,0.24,0.24,0.2,0.085227222,2016
90230,Calgary,AB,2425 9th Ave Se,51.0309,-114.0091,1030,"PE,LU,P4,P",DMean,0.05,0.1,0.11,0.13,0.18,0.23,0.31,0.42,0.53,0.6,0.89,0.89,99.180327869,0.36,0.22,0.17,0.13,0.12,0.1,0.11,0.13,0.13,0.18,0.27,0.21,0.18,0.112778211,2016
90302,Red Deer,AB,73 Street & Riverside Drive,52.29867,-113.79352,858,"PE,MU,P3,R",DMean,0.1,0.12,0.16,0.2,0.23,0.28,0.37,0.41,0.48,0.5,0.71,0.71,92.62295082,0.35,0.28,0.22,0.18,0.2,0.14,0.14,0.15,0.14,0.2,0.35,0.24,0.22,0.096118628,2016
90402,Medicine Hat,AB,12th St Nw & Division Ave.,50.04893,-110.68116,709,"PE,MU,P3,R",DMean,0.1,0.1,0.11,0.13,0.17,0.18,0.2,0.2,0.22,0.23,0.27,0.27,96.448087432,0.19,0.19,0.17,0.15,0.15,0.11,0.1,0.12,0.11,0.12,0.13,0.16,0.14,0.0382697,2016
90502,Lethbridge,AB,2805 12 Ave N,49.71621,-112.8006,918,"PS,MU,P3,I",DMean,0.1,0.12,0.16,0.19,0.2,0.21,0.23,0.25,0.29,0.31,0.35,0.35,98.907103825,0.22,0.21,0.21,0.2,0.2,0.15,0.14,0.18,0.13,0.18,0.19,0.19,0.18,0.045024574,2016
90601,Fort Saskatchewan,AB,9209a-96 Ave,53.69874,-113.22285,628,"T,SU,P3,R",DMean,0,0,0.05,0.13,0.2,0.21,0.27,0.31,0.4,0.42,0.53,0.53,100,0.29,0.25,0.2,0.18,0.2,0.17,0.01,0.01,0.04,0.07,0.1,0.12,0.14,0.106147183,2016
90701,Fort Mcmurray,AB,Franklin Avenue,56.73341,-111.39047,260,"PE,MU,P3,W",DMean,0.02,0.09,0.1,0.11,0.13,0.15,0.21,0.37,3.13,4.6,6.42,6.42,99.180327869,0.13,0.12,0.1,0.09,1.54,0.12,0.11,0.11,0.09,0.12,0.16,0.16,0.24,0.676798004,2016
91701,Steeper,AB,Ne 12 48 22 W5,53.1325,-117.09111,1428,"RB,NU,P1,F",DMean,0,0,0,0,0.15,0.16,0.17,0.17,0.21,0.21,0.21,0.21,15.846994536,,,,0,0.16,,,,,,,,,,2016
92001,Grande Prairie,AB,10327 - 107 Avenue,55.1766,-118.8078,658,"PE,NU,P3,W",DMean,0.1,0.11,0.16,0.2,0.23,0.27,0.35,0.4,0.47,0.52,0.7,0.7,99.726775956,0.36,0.29,0.23,0.21,0.18,0.13,0.13,0.15,0.14,0.19,0.3,0.26,0.21,0.095843121,2016
100110,Burnaby,BC,700 Hammarskjold Drive,49.279214,-122.970707,105,"T,LU,P4,R",DMean,0.13,0.16,0.18,0.2,0.21,0.22,0.26,0.3,0.35,0.42,0.54,0.54,98.633879781,0.27,0.24,0.21,0.22,0.19,0.17,0.16,0.18,0.18,0.19,0.2,0.26,0.21,0.05248003,2016
100111,Port Moody,BC,Moody & Esplanade St.,49.280893,-122.849291,17,"PE,LU,P5,W",DMean,0.14,0.17,0.21,0.24,0.28,0.32,0.38,0.43,0.5,0.55,0.59,0.59,99.453551913,0.36,0.3,0.24,0.26,0.22,0.21,0.21,0.25,0.22,0.26,0.23,0.36,0.26,0.085086755,2016
100112,Vancouver,BC,Robson/Hornby,49.282272,-123.12188,33,"T,LU,P6,R",DMean,0.16,0.22,0.26,0.29,0.32,0.35,0.39,0.44,0.49,0.53,0.62,0.62,99.180327869,0.36,0.34,0.29,0.3,0.3,0.28,0.21,0.25,0.26,0.31,0.34,0.37,0.3,0.07199006,2016
100119,Burnaby,BC,5455 Rumble Street,49.21519,-122.985666,125,"PE,LU,P6,R",DMean,0.11,0.15,0.18,0.2,0.23,0.25,0.3,0.36,0.42,0.46,0.6,0.6,96.174863388,0.3,0.25,0.2,0.21,0.18,0.15,0.16,0.19,0.21,0.23,0.23,0.3,0.22,0.069476152,2016
100121,North Vancouver,BC,75 Riverside Dr.,49.301472,-123.020417,4,"PS,LU,P5,I",DMean,0.11,0.14,0.16,0.18,0.21,0.24,0.27,0.3,0.33,0.39,0.55,0.55,96.994535519,0.25,0.22,0.21,0.19,0.15,0.15,0.15,0.18,0.2,0.2,0.2,0.26,0.2,0.055538257,2016
100127,Surrey,BC,72nd Ave. And 190 St.,49.132928,-122.694224,90,"T,LU,P4,R",DMean,0.09,0.12,0.15,0.16,0.18,0.2,0.22,0.25,0.31,0.34,0.44,0.44,98.360655738,0.23,0.2,0.17,0.18,0.16,0.14,0.12,0.14,0.15,0.17,0.17,0.2,0.17,0.046250583,2016
100128,Richmond,BC,10371 Aragon Rd,49.141437,-123.108215,8,"PE,LU,P4,R",DMean,0.11,0.13,0.15,0.17,0.2,0.23,0.31,0.39,0.53,0.57,0.63,0.63,99.726775956,0.3,0.26,0.21,0.18,0.16,0.13,0.15,0.15,0.17,0.18,0.21,0.29,0.2,0.088110383,2016
100132,North Vancouver,BC,16th St. & Jones Ave,49.323994,-123.083496,71,"PE,LU,P5,R",DMean,0.12,0.15,0.18,0.21,0.23,0.26,0.31,0.36,0.43,0.49,0.52,0.52,100,0.3,0.26,0.22,0.23,0.19,0.17,0.15,0.2,0.21,0.21,0.21,0.3,0.22,0.069521222,2016
100134,Richmond,BC,3153 Templeton Street,49.186265,-123.152422,2,"PE,LU,P5,C",DMean,0.11,0.14,0.18,0.21,0.26,0.3,0.37,0.49,0.61,0.65,0.74,0.74,99.726775956,0.39,0.32,0.25,0.24,0.2,0.16,0.15,0.17,0.2,0.23,0.24,0.35,0.24,0.109540609,2016
100135,Coquitlam,BC,1250 Pinetree Way,49.288265,-122.79157,47,"PE,LU,P5,R",DMean,0.11,0.14,0.17,0.2,0.23,0.25,0.3,0.35,0.42,0.46,0.53,0.53,97.81420765,0.3,0.25,0.2,0.22,0.18,0.16,0.15,0.17,0.18,0.21,0.21,0.32,0.21,0.066447023,2016
100138,Vancouver,BC,6350 Marine Drive,49.36861,-123.276741,66,"T,LU,P2,R",DMean,0.12,0.17,0.19,0.21,0.23,0.24,0.26,0.27,0.29,0.3,0.43,0.43,98.907103825,0.22,0.24,0.22,0.22,0.21,0.19,0.19,0.2,0.2,0.23,0.21,0.23,0.21,0.036792994,2016
100140,Delta,BC,411 Milsom Wynd,49.009877,-123.081997,52,"PE,LU,P3,R",DMean,0.1,0.11,0.12,0.13,0.14,0.15,0.17,0.19,0.23,0.26,0.31,0.31,98.087431694,0.18,0.16,0.15,0.14,0.12,0.12,0.12,0.13,0.12,0.14,0.13,0.15,0.14,0.029978391,2016
100141,Vancouver,BC,"1290 East 11th Ave,",49.260267,-123.077776,0,"T,LU,P5,R",DMean,0.16,0.22,0.26,0.31,0.36,0.43,0.54,0.65,0.79,0.94,1.05,1.05,91.530054645,0.5,0.42,0.33,0.32,0.25,0.25,0.23,0.29,0.32,0.36,0.34,0.54,0.35,0.14760428,2016
100304,Victoria,BC,"Sj Willis School, 923 Topaz Ave.",48.441942,-123.363165,29,"T,LU,P6,R",DMean,0.13,0.16,0.2,0.22,0.26,0.29,0.33,0.38,0.48,0.53,0.67,0.67,98.907103825,0.25,0.28,0.25,0.23,0.21,0.18,0.18,0.24,0.25,0.26,0.28,0.29,0.24,0.075455689,2016
100701,Kelowna,BC,3333 College Way,49.862336,-119.477367,347,"PE,MU,P4,R",DMean,0.11,0.15,0.19,0.22,0.27,0.3,0.36,0.39,0.43,0.47,0.64,0.64,97.267759563,0.33,0.3,0.27,0.22,0.19,0.17,0.16,0.19,0.19,0.26,0.32,0.24,0.24,0.080767605,2016
101003,Abbotsford,BC,32995 Bevan Ave.,49.04258,-122.30982,63,"PE,LU,P4,R",DMean,0.12,0.15,0.17,0.19,0.22,0.23,0.26,0.28,0.32,0.35,0.43,0.43,98.907103825,0.25,0.22,0.21,0.21,0.18,0.18,0.16,0.17,0.18,0.21,0.2,0.22,0.2,0.045870814,2016
101005,Abbotsford,BC,1073 Columbia Street,49.021554,-122.326523,65,"PE,LU,P3,A",DMean,0.1,0.13,0.15,0.17,0.19,0.2,0.22,0.24,0.25,0.28,0.3,0.3,97.267759563,0.19,0.19,0.19,0.19,0.17,0.15,0.2,0.15,0.14,0.17,0.17,0.17,0.17,0.036123955,2016
101101,Chilliwack,BC,46360 Airport Road,49.155848,-121.940279,16,"PE,MU,P3,R",DMean,0.12,0.15,0.17,0.19,0.21,0.22,0.25,0.26,0.28,0.31,0.32,0.32,93.169398907,0.21,0.21,0.22,0.22,0.18,0.17,0.15,0.18,0.18,0.21,0.2,0.18,0.19,0.037907815,2016
101301,Langley,BC,23752 52nd Avenue,49.09561,-122.567104,89,"PE,LU,P3,R",DMean,0.1,0.12,0.14,0.15,0.17,0.19,0.22,0.24,0.27,0.32,0.47,0.47,90.163934426,0.18,0.16,0.15,0.18,0.14,,0.14,0.17,0.19,0.17,0.15,0.16,0.16,0.042697012,2016
101401,Hope,BC,62715 Airport Road,49.369887,-121.49912,39,"RB,SU,P2,F",DMean,0.09,0.12,0.14,0.16,0.17,0.17,0.19,0.19,0.21,0.22,0.33,0.33,100,0.17,0.17,0.17,0.17,0.16,0.13,0.12,0.13,0.15,0.16,0.16,0.16,0.16,0.025290107,2016
101501,Maple Ridge,BC,23124 118th Avenue,49.21494,-122.582057,54,"PE,LU,P4,R",DMean,0.11,0.14,0.16,0.18,0.21,0.24,0.28,0.35,0.41,0.47,0.54,0.54,98.633879781,0.31,0.24,0.2,0.22,0.18,0.15,0.14,0.16,0.17,0.2,0.18,0.27,0.2,0.070268398,2016
106800,Ucluelet,BC,Coast Guard Drive,48.921799,-125.541209,14,"RB,SU,P2,W",DMean,0.08,0.1,0.11,0.12,0.14,0.14,0.15,0.16,0.17,0.17,0.19,0.19,98.360655738,0.14,0.14,0.16,0.15,0.13,0.11,0.1,0.11,0.11,0.13,0.12,0.12,0.12,0.021187643,2016
129003,Yellowknife,NT,"52nd Ave & 49t Street, Sir John Franklin High School",62.45207,-114.364,206,"PE,SU,P3,R",DMean,0.09,0.12,0.15,0.19,0.69,0.7,0.72,0.74,0.77,0.8,0.84,0.84,93.715846995,0.7,0.74,0.71,0.69,0.34,0.13,0.15,0.13,0.12,0.16,0.19,0.2,0.37,0.270353644,2016
129203,Inuvik,NT,"Bompas Road (Block21, Lot 4084)",68.35702037,-133.7140565,15,"PE,SU,P2,R",DMean,0.01,0.05,0.1,0.27,0.48,0.51,0.53,0.57,0.59,0.6,0.62,0.62,100,0.42,0.46,0.5,0.56,0.53,0.25,0.08,0.05,0.05,0.07,0.18,0.28,0.28,0.201363514,2016
129601,Fort Smith,NT,95 Conibear Crescent,60.00455,-111.893241,680,"PE,SU,P2,R",DMean,0,0.01,0.06,0.14,0.2,0.25,0.29,0.32,0.38,0.5,0.58,0.58,99.453551913,0.29,0.28,0.23,0.19,0.12,0.02,0.02,0.03,0.04,0.08,0.16,0.26,0.14,0.112311479,2016
10102,St. John's,NL,354 Water Street,47.56038,-52.71147,7,"PE,LU,P4,R",DMean,0.07,0.13,0.15,0.17,0.19,0.2,0.22,0.25,0.28,0.31,0.37,0.37,99.452054795,0.17,0.17,0.17,0.19,0.18,0.15,0.14,0.17,0.19,0.19,0.19,0.19,0.17,0.042304883,2017
10401,Mount Pearl,NL,Old Placentia Road,47.50513,-52.79476,135,"PE,LU,P3,R",DMean,0.1,0.2,0.23,0.25,0.28,0.3,0.33,0.35,0.38,0.41,0.43,0.43,99.178082192,0.18,0.24,0.24,0.25,0.24,0.27,0.3,0.33,0.3,0.26,0.25,0.22,0.26,0.054562689,2017
10501,Grand Falls-Windsor,NL,Scott Avenue,48.92696,-55.65966,62,"PE,SU,P3,I",DMean,0.06,0.09,0.11,0.13,0.15,0.16,0.18,0.2,0.22,0.25,0.33,0.33,96.712328767,0.16,0.17,0.17,0.15,0.12,0.09,0.09,0.12,0.12,0.13,0.15,0.17,0.14,0.036816022,2017
10602,Corner Brook,NL,Macpherson Ave,48.95224,-57.92207,100,"PE,SU,P3,R",DMean,0.08,0.11,0.13,0.14,0.15,0.16,0.18,0.2,0.22,0.24,0.37,0.37,98.630136986,0.16,0.16,0.17,0.15,0.13,0.12,0.12,0.13,0.14,0.13,0.14,0.16,0.14,0.030396352,2017
10901,Burin,NL,18 Hwy 220 (Main St.),47.09899,-55.19852,1,"RB,NU,P2,R",DMean,0.06,0.09,0.11,0.12,0.13,0.14,0.15,0.16,0.17,0.18,0.2,0.2,96.712328767,0.11,0.12,0.15,0.13,0.14,0.11,0.09,0.12,0.13,0.11,0.12,0.12,0.12,0.022502314,2017
30113,Halifax,NS,1672 Granville Street,44.64711,-63.57366,28,"PE,LU,P4,R",DMean,0.07,0.1,0.13,0.14,0.15,0.16,0.18,0.19,0.2,0.21,0.29,0.29,72.876712329,,,,0.15,0.13,0.11,0.13,0.15,0.15,0.16,0.15,0.15,,,2017
30118,Halifax,NS,1649 Barrington Street,44.646425,-63.573383,18,"PE,LU,P4,R",DMean,0.04,0.08,0.1,0.11,0.13,0.14,0.17,0.18,0.21,0.21,0.27,0.27,98.630136986,0.13,0.13,0.11,0.11,0.08,0.09,0.12,0.14,0.14,0.12,0.12,0.13,0.12,0.035179521,2017
30310,Sydney,NS,71 Welton Street,46.14222,-60.17252,27,"PE,SU,P3,R",DMean,0.06,0.09,0.11,0.13,0.16,0.18,0.21,0.24,0.27,0.28,0.35,0.35,98.356164384,0.16,0.16,0.15,0.13,0.11,0.1,0.1,0.13,0.12,0.13,0.21,0.2,0.14,0.048346689,2017
40103,Fredericton,NB,437 Aberdeen Street,45.957318,-66.646719,21,"PE,MU,P3,R",DMean,0.13,0.16,0.22,0.25,0.33,0.44,0.62,0.83,0.95,0.99,0.99,0.99,14.246575342,0.4,0.23,,,,,,,,,,,,,2017
40209,Saint John,NB,8 Castle Street,45.28028,-66.05611,41,"PE,MU,P3,R",DMean,0.08,0.13,0.14,0.15,0.17,0.18,0.19,0.2,0.21,0.23,0.29,0.29,96.164383562,0.17,0.17,0.17,0.17,0.14,0.14,0.14,0.16,0.16,0.14,0.15,0.16,0.16,0.026340696,2017
40302,Moncton,NB,5 Thanet Street,46.101578,-64.789661,9,"T,LU,P4,R",DMean,0.04,0.12,0.15,0.17,0.19,0.21,0.23,0.27,0.31,0.38,0.47,0.47,99.178082192,0.21,0.22,0.19,0.17,0.15,0.14,0.15,0.16,0.19,0.17,0.18,0.19,0.18,0.052869873,2017
50109,Montreal,QC,"2495 Duncan / Decarie, Mt-Royal",45.502648,-73.663913,41,"T,LU,P6,I",DMean,0.1,0.19,0.23,0.25,0.29,0.31,0.36,0.4,0.45,0.48,0.54,0.54,98.630136986,0.3,0.29,0.29,0.24,0.22,0.22,0.23,0.25,0.3,0.26,0.27,0.28,0.26,0.06863027,2017
50113,Laval,QC,1160 Boul Pie-Ix,45.547463,-73.748317,35,"PE,LU,P6,R",DMean,0.11,0.14,0.17,0.19,0.22,0.25,0.3,0.35,0.41,0.46,0.58,0.58,98.356164384,0.28,0.25,0.24,0.19,0.17,0.15,0.16,0.18,0.21,0.2,0.23,0.24,0.21,0.070812841,2017
50128,Montreal,QC,"90-A Rue Herve-Saint-Martin, Dorval",45.468322,-73.741198,33,"PE,LU,P3,C",DMean,0.09,0.14,0.16,0.18,0.21,0.23,0.28,0.32,0.39,0.4,0.41,0.41,95.616438356,0.24,0.24,0.22,0.19,0.17,0.15,0.16,0.17,0.21,0.18,0.19,0.23,0.2,0.060180414,2017
50135,Montreal,QC,4240 Rue Charleroi,45.5934,-73.63726,41,"PE,LU,P6,R",DMean,0.11,0.16,0.18,0.21,0.24,0.26,0.33,0.36,0.42,0.48,0.68,0.68,99.452054795,0.28,0.29,0.26,0.21,0.19,0.17,0.17,0.19,0.24,0.21,0.24,0.25,0.23,0.072829077,2017
50136,Montreal,QC,75 Rue Ontario Est,45.512189,-73.566842,32,"PE,LU,P6,R",DMean,0.11,0.16,0.18,0.2,0.23,0.24,0.28,0.31,0.35,0.4,0.47,0.47,99.452054795,0.24,0.25,0.25,0.21,0.18,0.16,0.18,0.19,0.23,0.21,0.22,0.24,0.21,0.051741992,2017
50204,Gatineau,QC,"255 St-Redempteur, Hull",45.435987,-75.723429,62,"PE,LU,P5,R",DMean,0.11,0.14,0.16,0.18,0.21,0.23,0.27,0.3,0.33,0.35,0.39,0.39,96.712328767,0.25,0.23,0.22,0.19,0.16,0.15,0.15,0.17,0.21,0.19,0.2,0.21,0.19,0.052042954,2017
50308,Quebec,QC,600 Rue Des Sables,46.821177,-71.220495,8,"PE,LU,P6,R",DMean,0.11,0.14,0.17,0.19,0.22,0.24,0.29,0.32,0.41,0.52,0.86,0.86,96.438356164,0.27,0.26,0.21,0.18,0.16,0.15,0.17,0.19,0.21,0.21,0.24,0.22,0.21,0.076738556,2017
54501,L'assomption,QC,801 St-Etienne/Route 344,45.80942,-73.43473,10,"PE,SU,P3,A",DMean,0.09,0.16,0.2,0.24,0.34,0.39,0.45,0.46,0.57,0.6,0.6,0.6,17.808219178,0.21,,,0.29,,,,,,,,,,,2017
60104,Ottawa,ON,Rideau & Wurtemburg,45.43433,-75.676,68,"PE,LU,P6,R",DMean,0.1,0.14,0.16,0.18,0.21,0.22,0.25,0.27,0.29,0.31,0.37,0.37,79.726027397,,,0.23,0.2,0.17,0.15,0.16,0.17,0.22,0.18,0.2,0.2,,,2017
60204,Windsor,ON,467 University Ave. West,42.315778,-83.043667,176,"T,LU,P4,R",DMean,0.12,0.17,0.2,0.23,0.26,0.29,0.33,0.38,0.42,0.44,0.48,0.48,98.356164384,0.29,0.26,0.23,0.21,0.19,0.22,0.21,0.24,0.26,0.24,0.24,0.28,0.24,0.064050213,2017
60430,Toronto,ON,125 Resources Road,43.709444,-79.5435,141,"PE,LU,P6,C",DMean,0.14,0.19,0.21,0.23,0.26,0.29,0.34,0.37,0.42,0.47,0.58,0.58,100,0.25,0.25,0.23,0.23,0.22,0.21,0.22,0.24,0.31,0.26,0.25,0.29,0.25,0.064740449,2017
60438,Toronto,ON,401w - 125 Resources Rd.,43.711106,-79.543425,139,"T,LU,P6,C",DMean,0.16,0.23,0.28,0.33,0.37,0.4,0.44,0.48,0.53,0.56,0.67,0.67,98.904109589,0.33,0.33,0.32,0.3,0.29,0.29,0.33,0.35,0.42,0.34,0.31,0.37,0.33,0.085201918,2017
60440,Toronto,ON,4905 Dufferin Street,43.78042,-79.46752,,"PE,LU,P6,I",DMean,0.12,0.16,0.18,0.21,0.24,0.26,0.3,0.33,0.38,0.42,0.49,0.49,96.164383562,0.24,0.24,0.23,0.2,0.19,0.19,0.19,0.22,0.27,0.23,0.22,0.23,0.22,0.059750704,2017
60512,Hamilton,ON,Elgin & Kelly,43.25778,-79.86167,90,"PS,LU,P5,R",DMean,0.12,0.16,0.19,0.22,0.26,0.3,0.34,0.38,0.44,0.5,0.56,0.56,99.178082192,0.24,0.25,0.24,0.24,0.24,0.19,0.2,0.22,0.31,0.24,0.24,0.25,0.24,0.075317653,2017
70119,Winnipeg,MB,65 Ellen Street,49.89799,-97.14653,229,"PE,LU,P6,R",DMean,0,0.07,0.09,0.11,0.23,0.32,0.43,0.52,0.69,0.74,0.79,0.79,63.287671233,,,0.38,0.42,,,,0.19,0.1,0.08,0.09,0.1,,,2017
80111,Regina,SK,1621 Albert St.,50.4527,-104.616,585,"PE,LU,P4,R",DMean,0.1,0.11,0.15,0.18,0.2,0.2,0.23,0.25,0.29,0.34,0.36,0.36,98.904109589,0.22,0.21,0.21,0.17,0.14,0.12,0.15,0.16,0.2,0.15,0.19,0.19,0.17,0.047160726,2017
80211,Saskatoon,SK,511 1st Avenue North,52.13613,-106.66293,483,"PE,LU,P4,R",DMean,0.11,0.14,0.16,0.19,0.21,0.23,0.26,0.3,0.31,0.35,0.38,0.38,98.904109589,0.23,0.23,0.23,0.19,0.16,0.14,0.16,0.17,0.2,0.17,0.23,0.2,0.19,0.050898553,2017
90120,Edmonton,AB,6240 113 Street,53.50022,-113.526056,681,"PE,LU,P4,R",DMean,0.1,0.14,0.2,0.22,0.26,0.31,0.37,0.42,0.48,0.63,0.75,0.75,98.356164384,0.32,0.29,0.33,0.27,0.2,0.14,0.2,0.22,0.22,0.19,0.28,0.24,0.24,0.094773827,2017
90121,Edmonton,AB,17 Street & 105 Avenue,53.54823,-113.36811,670,"PS,LU,P3,I",DMean,0.1,0.17,0.2,0.24,0.28,0.31,0.35,0.39,0.45,0.5,0.82,0.82,99.178082192,0.26,0.25,0.22,0.24,0.28,0.24,0.3,0.26,0.25,0.22,0.26,0.23,0.25,0.079680482,2017
90130,Edmonton,AB,10255 - 104th Street,53.54445,-113.49884,663,"PE,LU,P5,R",DMean,0.04,0.2,0.24,0.27,0.3,0.34,0.41,0.45,0.51,0.58,0.65,0.65,99.452054795,0.33,0.37,0.28,0.25,0.23,0.23,0.3,0.3,0.31,0.26,0.31,0.27,0.29,0.083750149,2017
90136,St. Albert,AB,37 Sunset Blvd,53.626908,-113.611883,681,"PE,MU,P4,R",DMean,0.06,0.13,0.16,0.2,0.23,0.25,0.3,0.36,0.42,0.47,0.53,0.53,99.452054795,0.27,0.25,0.24,0.18,0.16,0.13,0.18,0.19,0.19,0.19,0.26,0.22,0.21,0.075660476,2017
90222,Calgary,AB,39 St. & 29 Ave. N.W.,51.079222,-114.141828,1120,"PE,LU,P4,R",DMean,0,0.11,0.17,0.19,0.22,0.24,0.29,0.35,0.48,0.61,0.76,0.76,99.726027397,0.23,0.26,0.21,0.19,0.18,0.13,0.2,0.23,0.25,0.15,0.22,0.19,0.2,0.092121442,2017
90229,Calgary,AB,4700 110 Avenue Se,50.955122,-113.969742,1032,"PE,LU,P3,I",DMean,0.1,0.12,0.15,0.19,0.22,0.26,0.3,0.35,0.46,0.49,0.54,0.54,99.726027397,0.29,0.28,0.21,0.18,0.14,0.12,0.18,0.19,0.21,0.16,0.23,0.23,0.2,0.080500041,2017
90250,Airdrie,AB,Chinook Winds Park,51.268078,-114.037794,1090,"PE,MU,P4,P",DMean,0.1,0.12,0.18,0.2,0.21,0.23,0.27,0.33,0.4,0.42,0.57,0.57,73.698630137,,,,0.18,0.19,0.17,0.24,0.25,0.24,0.17,0.2,0.16,,,2017
90302,Red Deer,AB,73 Street & Riverside Drive,52.29867,-113.79352,858,"PE,MU,P3,R",DMean,0.1,0.11,0.16,0.19,0.22,0.25,0.33,0.37,0.4,0.44,0.63,0.63,99.178082192,0.28,0.25,0.22,0.18,0.14,0.12,0.19,0.2,0.19,0.16,0.23,0.27,0.2,0.081317244,2017
90502,Lethbridge,AB,,49.71621,-112.8006,918,"PE,MU,P3,I",DMean,0.1,0.13,0.17,0.2,0.21,0.22,0.25,0.3,0.39,0.55,0.73,0.73,98.630136986,0.21,0.21,0.21,0.19,0.18,0.14,0.18,0.23,0.28,0.17,0.18,0.21,0.2,0.072280561,2017
90601,Fort Saskatchewan,AB,9209a-96 Ave,53.69874,-113.22285,628,"T,SU,P3,R",DMean,0,0,0.02,0.06,0.12,0.18,0.22,0.26,0.32,0.44,0.52,0.52,99.452054795,0.06,0.04,0.03,0.01,0.03,0.02,0.07,0.1,0.1,0.18,0.22,0.21,0.09,0.094862866,2017
90701,Fort Mcmurray,AB,Franklin Avenue,56.73341,-111.39047,260,"PE,MU,P3,W",DMean,0.03,0.1,0.1,0.12,0.13,0.15,0.2,0.24,0.28,0.32,0.35,0.35,100,0.18,0.15,0.12,0.11,0.11,0.1,0.11,0.14,0.13,0.11,0.12,0.19,0.13,0.047435447,2017
92001,Grande Prairie,AB,10327 - 107 Avenue,55.1766,-118.8078,658,"PE,MU,P3,W",DMean,0.1,0.12,0.17,0.2,0.23,0.26,0.33,0.39,0.47,0.6,0.93,0.93,100,0.27,0.27,0.25,0.21,0.17,0.12,0.16,0.18,0.2,0.18,0.29,0.29,0.22,0.096750408,2017
100110,Metro Van - Burnaby,BC,700 Hammarskjold Drive,49.279214,-122.970707,104,"T,LU,P4,R",DMean,0.07,0.11,0.13,0.16,0.2,0.23,0.29,0.35,0.42,0.44,0.56,0.56,96.98630137,0.27,0.27,0.21,0.18,0.14,0.12,0.11,0.2,0.17,0.16,0.16,0.22,0.18,0.079455824,2017
100111,Metro Van - Port Moody,BC,Moody & Esplanade St.,49.280893,-122.849291,6,"PE,LU,P5,W",DMean,0.14,0.17,0.2,0.23,0.29,0.34,0.46,0.53,0.59,0.63,0.76,0.76,97.808219178,0.38,0.31,0.23,0.21,0.24,0.21,0.2,0.35,0.32,0.29,0.23,0.35,0.28,0.114574793,2017
100112,Metro Van - Vancouver,BC,Robson/Hornby,49.282272,-123.12188,32,"T,LU,P6,R",DMean,0.16,0.22,0.26,0.31,0.35,0.38,0.47,0.53,0.62,0.68,0.73,0.73,93.150684932,0.37,0.36,0.32,0.29,0.39,0.3,0.25,0.35,0.3,0.28,0.27,0.39,0.32,0.102780572,2017
100119,Metro Van - Burnaby,BC,5455 Rumble Street,49.21519,-122.985666,122,"PE,LU,P6,R",DMean,0.12,0.15,0.18,0.21,0.25,0.28,0.33,0.45,0.51,0.6,0.73,0.73,99.178082192,0.29,0.24,0.2,0.18,0.19,0.16,0.15,0.26,0.25,0.25,0.23,0.38,0.23,0.094329425,2017
100121,Metro Van - North Vancouver,BC,75 Riverside Dr.,49.301472,-123.020417,4,"PS,LU,P5,I",DMean,0.08,0.11,0.15,0.18,0.22,0.24,0.32,0.38,0.45,0.46,0.52,0.52,94.246575342,0.28,0.25,0.18,0.16,0.19,0.13,0.13,0.24,0.21,0.18,0.2,0.28,0.2,0.082800144,2017
100127,Metro Van - Surrey,BC,72nd Ave. And 190 St.,49.132928,-122.694224,79,"T,LU,P4,R",DMean,0.06,0.11,0.13,0.15,0.17,0.19,0.23,0.29,0.49,0.51,0.78,0.78,90.95890411,0.2,0.16,0.15,0.13,0.14,0.11,,0.16,0.18,0.17,0.16,0.3,0.17,0.082865756,2017
100128,Metro Van - Richmond,BC,10371 Aragon Rd,49.141437,-123.108215,4,"PE,LU,P4,R",DMean,0.08,0.11,0.14,0.17,0.21,0.26,0.37,0.45,0.53,0.59,0.75,0.75,98.356164384,0.34,0.25,0.17,0.15,0.13,0.12,0.11,0.16,0.2,0.24,0.21,0.36,0.2,0.108958502,2017
100132,Metro Van - North Vancouver,BC,16th St. & Jones Ave,49.323994,-123.083496,71,"PE,LU,P5,R",DMean,0.11,0.16,0.19,0.21,0.24,0.27,0.4,0.48,0.6,0.61,0.66,0.66,100,0.29,0.26,0.21,0.19,0.21,0.16,0.16,0.31,0.26,0.26,0.22,0.36,0.24,0.103890071,2017
100134,Metro Van - Richmond,BC,3153 Templeton Street,49.186265,-123.152422,1,"PE,LU,P5,C",DMean,0.09,0.14,0.18,0.22,0.27,0.32,0.42,0.49,0.58,0.66,0.98,0.98,98.630136986,0.37,0.3,0.22,0.19,0.21,0.16,0.14,0.21,0.26,0.29,0.25,0.39,0.25,0.117964919,2017
100135,Metro Van - Coquitlam,BC,1250 Pinetree Way,49.288265,-122.79157,38,"PE,LU,P5,R",DMean,0.12,0.15,0.18,0.2,0.23,0.27,0.33,0.4,0.47,0.5,0.55,0.55,80,0.31,0.26,0.22,0.19,0.19,0.16,,,0.21,0.2,0.2,0.31,,,2017
100138,Metro Van - West Vancouver,BC,6350 Marine Drive,49.36861,-123.276741,65,"T,LU,P2,R",DMean,0.09,0.12,0.15,0.17,0.2,0.22,0.24,0.29,0.35,0.4,0.47,0.47,96.98630137,0.24,0.23,0.2,0.18,0.16,0.14,0.13,0.22,0.19,0.17,0.16,0.18,0.18,0.057095692,2017
100140,Metro Van - Delta,BC,411 Milsom Wynd,49.009877,-123.081997,52,"PE,LU,P3,R",DMean,0.06,0.09,0.12,0.13,0.15,0.16,0.19,0.25,0.28,0.31,0.54,0.54,98.082191781,0.18,0.15,0.13,0.13,0.13,0.1,0.08,0.13,0.15,0.14,0.16,0.22,0.14,0.053543334,2017
100141,Metro Van - Vancouver,BC,"1290 East 11th Ave,",49.260267,-123.077776,30,"T,LU,P6,R",DMean,0.14,0.21,0.26,0.32,0.39,0.46,0.64,0.89,1.05,1.19,1.43,1.43,96.98630137,0.63,0.46,0.3,0.26,0.29,0.22,0.22,0.35,0.36,0.48,0.36,0.64,0.38,0.211689614,2017
100304,Victoria,BC,"Sj Willis School, 923 Topaz Ave.",48.441942,-123.363165,29,"T,LU,P6,R",DMean,0.1,0.14,0.18,0.21,0.25,0.28,0.37,0.44,0.53,0.61,0.73,0.73,99.726027397,0.34,0.28,0.22,0.19,0.19,0.16,0.15,0.2,0.25,0.28,0.25,0.32,0.24,0.100747329,2017
100701,Kelowna,BC,3333 College Way,49.862336,-119.477367,347,"PE,LU,P5,R",DMean,0.1,0.16,0.19,0.23,0.27,0.3,0.37,0.44,0.65,0.75,0.87,0.87,89.863013699,0.29,,0.26,0.22,0.18,0.16,0.22,0.38,0.3,0.24,0.27,0.24,0.25,0.110482444,2017
101003,Metro Van - Abbotsford,BC,32995 Bevan Ave.,49.04258,-122.30982,58,"PE,LU,P4,R",DMean,0.1,0.15,0.18,0.2,0.24,0.27,0.31,0.38,0.47,0.5,0.54,0.54,98.082191781,0.26,0.22,0.19,0.21,0.23,0.18,0.18,0.25,0.25,0.24,0.19,0.27,0.22,0.07552636,2017
101005,Metro Van - Abbotsford,BC,1073 Columbia Street,49.021554,-122.326523,65,"PE,LU,P3,A",DMean,0.05,0.09,0.12,0.14,0.16,0.18,0.21,0.24,0.33,0.36,0.38,0.38,95.068493151,0.2,0.18,0.17,0.13,0.13,0.1,0.09,0.17,0.17,0.14,0.13,0.16,0.15,0.054595153,2017
101101,Metro Van-Chilliwack,BC,46360 Airport Road,49.155848,-121.940279,12,"PE,MU,P3,R",DMean,0.11,0.14,0.16,0.17,0.19,0.21,0.25,0.31,0.46,0.54,0.61,0.61,96.164383562,0.19,0.2,0.17,0.16,0.16,0.16,0.18,0.27,0.23,0.2,0.2,0.18,0.19,0.071303692,2017
101301,Metro Van-Langley,BC,23752 52nd Avenue,49.09561,-122.567104,88,"PE,LU,P3,R",DMean,0.05,0.1,0.13,0.15,0.17,0.19,0.27,0.34,0.45,0.62,0.82,0.82,98.082191781,0.18,0.17,0.14,0.15,0.16,0.11,0.1,0.17,0.18,0.22,0.19,0.3,0.17,0.094393853,2017
101401,Metro Van-Hope,BC,62715 Airport Road,49.369887,-121.49912,40,"RB,SU,P2,F",DMean,0.11,0.13,0.14,0.15,0.17,0.18,0.21,0.27,0.56,0.64,0.79,0.79,98.082191781,0.17,0.17,0.16,0.15,0.14,0.15,0.15,0.3,0.22,0.15,0.17,0.15,0.18,0.088806918,2017
101501,Metro Van - Maple Ridge,BC,23124 118th Avenue,49.21494,-122.582057,50,"PE,LU,P4,R",DMean,0.11,0.14,0.17,0.2,0.24,0.27,0.37,0.51,0.55,0.61,0.86,0.86,87.671232877,0.3,0.21,0.2,,0.18,0.17,0.14,0.26,0.25,0.23,0.22,0.37,0.23,0.114150091,2017
106800,Ucluelet,BC,Coast Guard Drive,48.921799,-125.541209,14,"RB,SU,P2,W",DMean,0.08,0.09,0.11,0.12,0.13,0.13,0.14,0.14,0.14,0.15,0.15,0.15,53.97260274,0.12,0.13,0.13,0.13,0.12,0.1,0.08,,,,,,,,2017
129003,Yellowknife,NT,"52nd Ave & 49t Street, Sir John Franklin High School",62.45207,-114.364,193,"PE,SU,P3,R",DMean,0.1,0.13,0.15,0.17,0.2,0.21,0.24,0.27,0.42,0.81,1.36,1.36,99.452054795,0.23,0.23,0.24,0.18,0.15,0.13,0.15,0.29,0.16,0.16,0.19,0.19,0.19,0.102065752,2017
129203,Inuvik,NT,"Bompas Road (Block21, Lot 4084)",68.35702,-133.714057,30,"PE,SU,P2,R",DMean,0,0,0.01,0.17,0.23,0.33,0.41,0.46,0.51,0.54,0.59,0.59,83.287671233,0.38,0.44,0.29,0.23,0.21,0.14,0.12,,,0,0.01,0.01,,,2017
129601,Fort Smith,NT,95 Conibear Crescent,60.00455,-111.893241,358,"PE,SU,P2,R",DMean,0,0,0.1,0.15,0.21,0.27,0.32,0.37,0.43,0.49,1.44,1.44,88.493150685,0.34,0.3,0.22,0.18,0.12,0.19,,0.09,0.01,0.02,0.12,0.21,0.16,0.137839455,2017
