country,year,footprint
Afghanistan,1990,2.39
Albania,1990,5.93
Algeria,1990,1.9
Angola,1990,1.91
Antigua and Barbuda,1990,19.37
Argentina,1990,9.61
Armenia,1990,3.93
Australia,1990,40.35
Austria,1990,19.81
Azerbaijan,1990,1.26
Bahamas,1990,41.37
Bahrain,1990,34.39
Bangladesh,1990,1.56
Barbados,1990,21.87
Belgium,1990,15.32
Belize,1990,8.79
Benin,1990,3.0
Bhutan,1990,7.39
Bolivia,1990,5.79
Bosnia and Herzegovina,1990,1.42
Botswana,1990,31.06
Brazil,1990,10.05
Brunei Darussalam,1990,20.15
Bulgaria,1990,10.29
Burkina Faso,1990,2.67
Burundi,1990,2.18
Côte d'Ivoire,1990,2.37
Cabo Verde,1990,5.52
Cambodia,1990,2.06
Cameroon,1990,2.36
Canada,1990,35.39
Central African Republic,1990,2.96
Chad,1990,2.07
Chile,1990,9.56
China,1990,4.71
Colombia,1990,6.27
Congo,1990,2.59
Costa Rica,1990,5.26
Croatia,1990,1.95
Cuba,1990,16.3
Cyprus,1990,16.08
Czech Republic,1990,
Dem. Rep. of the Congo,1990,3.72
Denmark,1990,15.03
Djibouti,1990,3.16
Dominican Republic,1990,4.15
Ecuador,1990,6.91
Egypt,1990,4.13
El Salvador,1990,3.14
Eritrea,1990,0.27
Estonia,1990,6.91
Ethiopia,1990,
Fiji,1990,8.54
Finland,1990,19.94
France,1990,17.12
Gabon,1990,6.34
Gambia,1990,2.78
Georgia,1990,2.77
Germany,1990,19.14
Ghana,1990,2.42
Greece,1990,19.44
Guatemala,1990,2.62
Guinea,1990,2.8
Haiti,1990,1.27
Honduras,1990,3.02
Hungary,1990,10.4
Iceland,1990,18.82
India,1990,2.97
Indonesia,1990,3.23
Iran,1990,10.41
Iraq,1990,7.73
Ireland,1990,13.64
Israel,1990,16.02
Italy,1990,15.6
Jamaica,1990,9.81
Japan,1990,21.39
Jordan,1990,4.99
Kazakhstan,1990,1.56
Kenya,1990,2.97
*Kerala (India),1990,2.58
Korea,1990,14.15
Kuwait,1990,32.05
Kyrgyzstan,1990,3.04
Laos,1990,1.39
Latvia,1990,4.58
Lebanon,1990,6.61
Lesotho,1990,3.54
Liberia,1990,1.61
Libya,1990,3.55
Lithuania,1990,5.82
Macedonia TFYR,1990,2.06
Madagascar,1990,0.92
Malawi,1990,1.22
Malaysia,1990,11.18
Maldives,1990,3.1
Mali,1990,2.71
Malta,1990,19.48
Mauritania,1990,3.64
Mauritius,1990,15.67
Mexico,1990,8.35
Moldova,1990,0.04
Mongolia,1990,23.61
Montenegro,1990,0.73
Morocco,1990,3.27
Mozambique,1990,2.19
Myanmar,1990,1.1
Namibia,1990,9.58
Nepal,1990,2.22
Netherlands,1990,15.94
New Zealand,1990,18.18
Nicaragua,1990,2.63
Niger,1990,3.23
Nigeria,1990,2.01
Norway,1990,21.3
Oman,1990,10.62
Pakistan,1990,2.88
Panama,1990,6.14
Papua New Guinea,1990,4.34
Paraguay,1990,9.48
Peru,1990,5.13
Philippines,1990,3.55
Poland,1990,9.02
Portugal,1990,13.58
Qatar,1990,24.19
Romania,1990,8.67
Russian Federation,1990,1.98
Rwanda,1990,2.06
Samoa,1990,5.05
Sao Tome and Principe,1990,5.12
Saudi Arabia,1990,24.48
Senegal,1990,2.32
Serbia,1990,3.73
Seychelles,1990,13.01
Sierra Leone,1990,1.79
Singapore,1990,28.36
Slovakia,1990,13.12
Slovenia,1990,
South Africa,1990,12.01
Spain,1990,15.54
Sri Lanka,1990,0.91
Suriname,1990,15.76
Eswatini,1990,9.94
Sweden,1990,20.05
Switzerland,1990,19.83
Syria,1990,4.08
Tajikistan,1990,0.41
Tanzania,1990,1.58
Thailand,1990,6.33
Togo,1990,3.66
Trinidad and Tobago,1990,4.0
Tunisia,1990,4.39
Turkey,1990,6.91
Turkmenistan,1990,1.77
United Arab Emirates,1990,15.66
Uganda,1990,2.65
Ukraine,1990,1.52
United Kingdom,1990,17.44
United States of America,1990,28.15
Uruguay,1990,8.85
Uzbekistan,1990,1.19
Vanuatu,1990,7.26
Venezuela,1990,6.2
Viet Nam,1990,1.64
Yemen,1990,2.39
Zambia,1990,6.06
Zimbabwe,1990,2.68
Afghanistan,1991,2.7
Albania,1991,7.33
Algeria,1991,1.99
Angola,1991,2.66
Antigua and Barbuda,1991,22.33
Argentina,1991,11.39
Armenia,1991,6.1
Australia,1991,40.89
Austria,1991,21.46
Azerbaijan,1991,2.7
Bahamas,1991,62.68
Bahrain,1991,49.73
Bangladesh,1991,1.71
Barbados,1991,43.52
Belgium,1991,16.74
Belize,1991,34.09
Benin,1991,4.27
Bhutan,1991,19.45
Bolivia,1991,6.79
Bosnia and Herzegovina,1991,2.94
Botswana,1991,35.53
Brazil,1991,9.76
Brunei Darussalam,1991,43.12
Bulgaria,1991,6.09
Burkina Faso,1991,5.1
Burundi,1991,3.36
Côte d'Ivoire,1991,3.0
Cabo Verde,1991,20.65
Cambodia,1991,2.26
Cameroon,1991,2.63
Canada,1991,34.22
Central African Republic,1991,4.95
Chad,1991,3.05
Chile,1991,11.33
China,1991,5.51
Colombia,1991,6.41
Congo,1991,4.98
Costa Rica,1991,6.32
Croatia,1991,3.89
Cuba,1991,15.17
Cyprus,1991,24.5
Czech Republic,1991,
Dem. Rep. of the Congo,1991,3.78
Denmark,1991,19.63
Djibouti,1991,14.02
Dominican Republic,1991,4.73
Ecuador,1991,7.84
Egypt,1991,4.05
El Salvador,1991,4.45
Eritrea,1991,3.08
Estonia,1991,14.98
Ethiopia,1991,0.03
Fiji,1991,15.59
Finland,1991,18.66
France,1991,17.44
Gabon,1991,11.77
Gambia,1991,8.35
Georgia,1991,6.77
Germany,1991,19.34
Ghana,1991,3.38
Greece,1991,21.2
Guatemala,1991,3.17
Guinea,1991,3.91
Haiti,1991,2.41
Honduras,1991,3.74
Hungary,1991,11.54
Iceland,1991,39.83
India,1991,2.9
Indonesia,1991,3.72
Iran,1991,10.99
Iraq,1991,3.51
Ireland,1991,16.46
Israel,1991,22.88
Italy,1991,16.58
Jamaica,1991,10.54
Japan,1991,20.77
Jordan,1991,5.61
Kazakhstan,1991,4.85
Kenya,1991,3.19
*Kerala (India),1991,2.95
Korea,1991,16.25
Kuwait,1991,62.87
Kyrgyzstan,1991,9.22
Laos,1991,2.6
Latvia,1991,11.57
Lebanon,1991,9.74
Lesotho,1991,21.66
Liberia,1991,3.95
Libya,1991,5.47
Lithuania,1991,9.02
Macedonia TFYR,1991,7.17
Madagascar,1991,1.34
Malawi,1991,1.98
Malaysia,1991,20.53
Maldives,1991,21.37
Mali,1991,3.61
Malta,1991,48.45
Mauritania,1991,7.41
Mauritius,1991,24.69
Mexico,1991,8.77
Moldova,1991,0.29
Mongolia,1991,28.48
Montenegro,1991,27.26
Morocco,1991,3.94
Mozambique,1991,2.46
Myanmar,1991,2.52
Namibia,1991,13.73
Nepal,1991,2.38
Netherlands,1991,17.12
New Zealand,1991,21.9
Nicaragua,1991,4.07
Niger,1991,4.14
Nigeria,1991,2.25
Norway,1991,23.93
Oman,1991,14.51
Pakistan,1991,2.95
Panama,1991,8.91
Papua New Guinea,1991,6.89
Paraguay,1991,11.22
Peru,1991,5.94
Philippines,1991,3.61
Poland,1991,9.09
Portugal,1991,16.22
Qatar,1991,38.16
Romania,1991,7.29
Russian Federation,1991,1.41
Rwanda,1991,4.72
Samoa,1991,34.81
Sao Tome and Principe,1991,44.05
Saudi Arabia,1991,28.37
Senegal,1991,2.89
Serbia,1991,3.78
Seychelles,1991,76.65
Sierra Leone,1991,3.34
Singapore,1991,35.95
Slovakia,1991,14.47
Slovenia,1991,1.2
South Africa,1991,11.85
Spain,1991,16.46
Sri Lanka,1991,1.34
Suriname,1991,58.69
Eswatini,1991,16.55
Sweden,1991,19.84
Switzerland,1991,20.46
Syria,1991,5.28
Tajikistan,1991,1.45
Tanzania,1991,1.87
Thailand,1991,7.59
Togo,1991,4.84
Trinidad and Tobago,1991,8.0
Tunisia,1991,5.38
Turkey,1991,7.13
Turkmenistan,1991,4.63
United Arab Emirates,1991,23.21
Uganda,1991,2.9
Ukraine,1991,2.25
United Kingdom,1991,18.34
United States of America,1991,26.76
Uruguay,1991,13.35
Uzbekistan,1991,3.21
Vanuatu,1991,38.8
Venezuela,1991,7.89
Viet Nam,1991,1.92
Yemen,1991,6.45
Zambia,1991,5.85
Zimbabwe,1991,3.23
Afghanistan,1992,1.96
Albania,1992,3.81
Algeria,1992,1.89
Angola,1992,2.59
Antigua and Barbuda,1992,25.28
Argentina,1992,11.9
Armenia,1992,3.38
Australia,1992,37.07
Austria,1992,23.22
Azerbaijan,1992,9.94
Bahamas,1992,36.28
Bahrain,1992,37.41
Bangladesh,1992,1.51
Barbados,1992,21.28
Belgium,1992,20.24
Belize,1992,11.06
Benin,1992,3.14
Bhutan,1992,8.56
Bolivia,1992,5.42
Bosnia and Herzegovina,1992,7.62
Botswana,1992,29.5
Brazil,1992,9.35
Brunei Darussalam,1992,20.42
Bulgaria,1992,7.0
Burkina Faso,1992,2.82
Burundi,1992,2.22
Côte d'Ivoire,1992,1.9
Cabo Verde,1992,6.85
Cambodia,1992,1.95
Cameroon,1992,2.17
Canada,1992,33.53
Central African Republic,1992,3.04
Chad,1992,2.24
Chile,1992,11.4
China,1992,6.14
Colombia,1992,6.32
Congo,1992,2.72
Costa Rica,1992,5.31
Croatia,1992,7.82
Cuba,1992,12.79
Cyprus,1992,20.63
Czech Republic,1992,
Dem. Rep. of the Congo,1992,3.25
Denmark,1992,16.94
Djibouti,1992,3.14
Dominican Republic,1992,4.38
Ecuador,1992,7.0
Egypt,1992,3.87
El Salvador,1992,3.49
Eritrea,1992,0.46
Estonia,1992,14.02
Ethiopia,1992,
Fiji,1992,8.83
Finland,1992,27.33
France,1992,19.99
Gabon,1992,6.48
Gambia,1992,3.01
Georgia,1992,11.68
Germany,1992,20.8
Ghana,1992,3.0
Greece,1992,22.55
Guatemala,1992,2.78
Guinea,1992,2.75
Haiti,1992,1.27
Honduras,1992,2.84
Hungary,1992,10.74
Iceland,1992,25.44
India,1992,2.96
Indonesia,1992,3.55
Iran,1992,10.83
Iraq,1992,3.76
Ireland,1992,14.31
Israel,1992,20.02
Italy,1992,19.8
Jamaica,1992,7.66
Japan,1992,23.69
Jordan,1992,6.16
Kazakhstan,1992,24.6
Kenya,1992,2.74
*Kerala (India),1992,3.08
Korea,1992,17.38
Kuwait,1992,35.28
Kyrgyzstan,1992,6.84
Laos,1992,1.32
Latvia,1992,5.47
Lebanon,1992,11.32
Lesotho,1992,4.13
Liberia,1992,1.4
Libya,1992,4.2
Lithuania,1992,11.71
Macedonia TFYR,1992,9.94
Madagascar,1992,0.86
Malawi,1992,1.09
Malaysia,1992,16.13
Maldives,1992,4.81
Mali,1992,2.73
Malta,1992,23.14
Mauritania,1992,3.68
Mauritius,1992,17.36
Mexico,1992,9.22
Moldova,1992,0.13
Mongolia,1992,16.84
Montenegro,1992,1.75
Morocco,1992,3.15
Mozambique,1992,1.69
Myanmar,1992,1.03
Namibia,1992,9.98
Nepal,1992,1.94
Netherlands,1992,19.55
New Zealand,1992,18.94
Nicaragua,1992,2.81
Niger,1992,3.16
Nigeria,1992,2.22
Norway,1992,25.43
Oman,1992,12.8
Pakistan,1992,2.94
Panama,1992,7.87
Papua New Guinea,1992,4.51
Paraguay,1992,9.59
Peru,1992,5.24
Philippines,1992,3.7
Poland,1992,10.1
Portugal,1992,16.4
Qatar,1992,26.83
Romania,1992,7.12
Russian Federation,1992,9.52
Rwanda,1992,2.45
Samoa,1992,7.01
Sao Tome and Principe,1992,7.28
Saudi Arabia,1992,28.66
Senegal,1992,2.11
Serbia,1992,3.82
Seychelles,1992,18.79
Sierra Leone,1992,1.94
Singapore,1992,34.91
Slovakia,1992,13.03
Slovenia,1992,12.79
South Africa,1992,10.28
Spain,1992,18.09
Sri Lanka,1992,1.19
Suriname,1992,15.28
Eswatini,1992,10.78
Sweden,1992,19.6
Switzerland,1992,19.87
Syria,1992,3.71
Tajikistan,1992,1.95
Tanzania,1992,1.58
Thailand,1992,7.8
Togo,1992,2.96
Trinidad and Tobago,1992,3.95
Tunisia,1992,5.57
Turkey,1992,8.05
Turkmenistan,1992,11.01
United Arab Emirates,1992,33.8
Uganda,1992,2.45
Ukraine,1992,5.81
United Kingdom,1992,18.07
United States of America,1992,28.06
Uruguay,1992,10.69
Uzbekistan,1992,5.32
Vanuatu,1992,7.97
Venezuela,1992,10.12
Viet Nam,1992,1.98
Yemen,1992,3.58
Zambia,1992,4.72
Zimbabwe,1992,1.8
Afghanistan,1993,1.75
Albania,1993,3.44
Algeria,1993,1.84
Angola,1993,2.19
Antigua and Barbuda,1993,24.81
Argentina,1993,11.97
Armenia,1993,2.66
Australia,1993,35.54
Austria,1993,22.25
Azerbaijan,1993,8.72
Bahamas,1993,36.64
Bahrain,1993,34.13
Bangladesh,1993,1.51
Barbados,1993,19.71
Belgium,1993,19.5
Belize,1993,10.8
Benin,1993,3.38
Bhutan,1993,7.12
Bolivia,1993,5.64
Bosnia and Herzegovina,1993,6.88
Botswana,1993,28.61
Brazil,1993,9.14
Brunei Darussalam,1993,20.49
Bulgaria,1993,7.76
Burkina Faso,1993,2.71
Burundi,1993,2.17
Côte d'Ivoire,1993,1.72
Cabo Verde,1993,6.76
Cambodia,1993,2.06
Cameroon,1993,2.37
Canada,1993,32.32
Central African Republic,1993,2.91
Chad,1993,1.93
Chile,1993,12.47
China,1993,6.73
Colombia,1993,6.69
Congo,1993,2.39
Costa Rica,1993,5.82
Croatia,1993,7.99
Cuba,1993,10.24
Cyprus,1993,19.22
Czech Republic,1993,15.92
Dem. Rep. of the Congo,1993,3.23
Denmark,1993,17.28
Djibouti,1993,2.91
Dominican Republic,1993,4.21
Ecuador,1993,7.16
Egypt,1993,4.09
El Salvador,1993,3.8
Eritrea,1993,1.76
Estonia,1993,14.0
Ethiopia,1993,0.0
Fiji,1993,8.68
Finland,1993,23.34
France,1993,18.84
Gabon,1993,6.11
Gambia,1993,3.03
Georgia,1993,7.43
Germany,1993,19.72
Ghana,1993,3.07
Greece,1993,23.44
Guatemala,1993,2.69
Guinea,1993,2.8
Haiti,1993,1.15
Honduras,1993,2.88
Hungary,1993,11.06
Iceland,1993,23.47
India,1993,2.79
Indonesia,1993,3.67
Iran,1993,11.11
Iraq,1993,2.61
Ireland,1993,13.36
Israel,1993,21.45
Italy,1993,16.57
Jamaica,1993,8.51
Japan,1993,24.05
Jordan,1993,6.31
Kazakhstan,1993,17.8
Kenya,1993,2.36
*Kerala (India),1993,3.38
Korea,1993,17.74
Kuwait,1993,50.11
Kyrgyzstan,1993,6.54
Laos,1993,1.26
Latvia,1993,6.07
Lebanon,1993,15.32
Lesotho,1993,3.39
Liberia,1993,1.08
Libya,1993,4.51
Lithuania,1993,15.82
Macedonia TFYR,1993,10.43
Madagascar,1993,0.9
Malawi,1993,1.39
Malaysia,1993,17.85
Maldives,1993,5.0
Mali,1993,2.88
Malta,1993,21.84
Mauritania,1993,3.59
Mauritius,1993,17.38
Mexico,1993,9.27
Moldova,1993,0.07
Mongolia,1993,11.94
Montenegro,1993,1.6
Morocco,1993,2.9
Mozambique,1993,1.76
Myanmar,1993,1.03
Namibia,1993,9.97
Nepal,1993,1.95
Netherlands,1993,19.26
New Zealand,1993,19.93
Nicaragua,1993,2.55
Niger,1993,2.86
Nigeria,1993,2.3
Norway,1993,25.35
Oman,1993,13.67
Pakistan,1993,3.04
Panama,1993,8.01
Papua New Guinea,1993,4.02
Paraguay,1993,9.8
Peru,1993,5.53
Philippines,1993,3.91
Poland,1993,10.37
Portugal,1993,15.13
Qatar,1993,24.44
Romania,1993,7.6
Russian Federation,1993,8.5
Rwanda,1993,2.33
Samoa,1993,6.77
Sao Tome and Principe,1993,7.64
Saudi Arabia,1993,29.27
Senegal,1993,1.89
Serbia,1993,5.62
Seychelles,1993,20.42
Sierra Leone,1993,1.91
Singapore,1993,37.35
Slovakia,1993,19.24
Slovenia,1993,12.72
South Africa,1993,11.41
Spain,1993,15.72
Sri Lanka,1993,1.28
Suriname,1993,16.54
Eswatini,1993,11.54
Sweden,1993,17.59
Switzerland,1993,18.63
Syria,1993,3.44
Tajikistan,1993,2.42
Tanzania,1993,1.54
Thailand,1993,7.87
Togo,1993,2.68
Trinidad and Tobago,1993,3.74
Tunisia,1993,5.85
Turkey,1993,8.87
Turkmenistan,1993,7.99
United Arab Emirates,1993,53.66
Uganda,1993,2.45
Ukraine,1993,6.34
United Kingdom,1993,17.41
United States of America,1993,26.81
Uruguay,1993,10.41
Uzbekistan,1993,5.91
Vanuatu,1993,7.46
Venezuela,1993,9.03
Viet Nam,1993,2.16
Yemen,1993,3.33
Zambia,1993,5.04
Zimbabwe,1993,1.97
Afghanistan,1994,1.49
Albania,1994,3.38
Algeria,1994,1.77
Angola,1994,2.23
Antigua and Barbuda,1994,25.28
Argentina,1994,12.75
Armenia,1994,2.29
Australia,1994,35.09
Austria,1994,23.87
Azerbaijan,1994,6.08
Bahamas,1994,36.67
Bahrain,1994,33.65
Bangladesh,1994,1.56
Barbados,1994,20.12
Belgium,1994,20.54
Belize,1994,10.95
Benin,1994,2.75
Bhutan,1994,6.87
Bolivia,1994,5.23
Bosnia and Herzegovina,1994,3.78
Botswana,1994,28.26
Brazil,1994,9.98
Brunei Darussalam,1994,19.91
Bulgaria,1994,7.17
Burkina Faso,1994,2.44
Burundi,1994,2.01
Côte d'Ivoire,1994,1.32
Cabo Verde,1994,6.82
Cambodia,1994,2.06
Cameroon,1994,1.94
Canada,1994,32.04
Central African Republic,1994,2.54
Chad,1994,1.74
Chile,1994,12.73
China,1994,6.83
Colombia,1994,7.08
Congo,1994,2.06
Costa Rica,1994,6.31
Croatia,1994,8.49
Cuba,1994,10.18
Cyprus,1994,17.48
Czech Republic,1994,15.97
Dem. Rep. of the Congo,1994,3.02
Denmark,1994,18.1
Djibouti,1994,2.83
Dominican Republic,1994,4.21
Ecuador,1994,7.85
Egypt,1994,4.09
El Salvador,1994,3.86
Eritrea,1994,2.48
Estonia,1994,14.06
Ethiopia,1994,0.73
Fiji,1994,8.62
Finland,1994,24.61
France,1994,18.97
Gabon,1994,5.11
Gambia,1994,2.96
Georgia,1994,9.12
Germany,1994,20.3
Ghana,1994,2.72
Greece,1994,23.66
Guatemala,1994,2.86
Guinea,1994,2.8
Haiti,1994,1.14
Honduras,1994,2.96
Hungary,1994,11.38
Iceland,1994,23.52
India,1994,2.81
Indonesia,1994,3.97
Iran,1994,11.01
Iraq,1994,2.06
Ireland,1994,14.53
Israel,1994,22.73
Italy,1994,16.74
Jamaica,1994,8.47
Japan,1994,25.99
Jordan,1994,7.15
Kazakhstan,1994,15.85
Kenya,1994,2.38
*Kerala (India),1994,3.75
Korea,1994,20.06
Kuwait,1994,55.13
Kyrgyzstan,1994,5.43
Laos,1994,1.29
Latvia,1994,5.66
Lebanon,1994,16.51
Lesotho,1994,2.92
Liberia,1994,0.86
Libya,1994,4.03
Lithuania,1994,12.24
Macedonia TFYR,1994,10.81
Madagascar,1994,0.73
Malawi,1994,0.89
Malaysia,1994,19.2
Maldives,1994,5.38
Mali,1994,2.61
Malta,1994,22.16
Mauritania,1994,3.37
Mauritius,1994,17.09
Mexico,1994,9.71
Moldova,1994,0.06
Mongolia,1994,11.76
Montenegro,1994,1.56
Morocco,1994,3.46
Mozambique,1994,1.64
Myanmar,1994,1.02
Namibia,1994,9.88
Nepal,1994,1.84
Netherlands,1994,20.11
New Zealand,1994,20.91
Nicaragua,1994,2.52
Niger,1994,2.83
Nigeria,1994,2.25
Norway,1994,26.3
Oman,1994,14.0
Pakistan,1994,2.99
Panama,1994,8.53
Papua New Guinea,1994,3.82
Paraguay,1994,9.27
Peru,1994,6.26
Philippines,1994,4.1
Poland,1994,9.82
Portugal,1994,16.18
Qatar,1994,22.93
Romania,1994,7.89
Russian Federation,1994,7.17
Rwanda,1994,2.27
Samoa,1994,6.61
Sao Tome and Principe,1994,6.92
Saudi Arabia,1994,27.56
Senegal,1994,1.88
Serbia,1994,1.45
Seychelles,1994,18.58
Sierra Leone,1994,1.99
Singapore,1994,41.66
Slovakia,1994,16.14
Slovenia,1994,13.84
South Africa,1994,11.71
Spain,1994,16.01
Sri Lanka,1994,1.51
Suriname,1994,12.8
Eswatini,1994,11.04
Sweden,1994,15.97
Switzerland,1994,20.08
Syria,1994,3.35
Tajikistan,1994,1.59
Tanzania,1994,1.45
Thailand,1994,8.66
Togo,1994,2.57
Trinidad and Tobago,1994,3.82
Tunisia,1994,5.72
Turkey,1994,7.49
Turkmenistan,1994,11.17
United Arab Emirates,1994,66.1
Uganda,1994,2.54
Ukraine,1994,5.31
United Kingdom,1994,18.99
United States of America,1994,29.3
Uruguay,1994,11.36
Uzbekistan,1994,6.38
Vanuatu,1994,7.3
Venezuela,1994,8.08
Viet Nam,1994,2.12
Yemen,1994,2.43
Zambia,1994,4.25
Zimbabwe,1994,2.16
Afghanistan,1995,1.47
Albania,1995,3.41
Algeria,1995,1.86
Angola,1995,1.81
Antigua and Barbuda,1995,24.11
Argentina,1995,12.3
Armenia,1995,2.8
Australia,1995,38.39
Austria,1995,23.9
Azerbaijan,1995,4.63
Bahamas,1995,36.09
Bahrain,1995,29.26
Bangladesh,1995,1.62
Barbados,1995,20.13
Belgium,1995,20.44
Belize,1995,9.41
Benin,1995,3.1
Bhutan,1995,6.55
Bolivia,1995,4.99
Bosnia and Herzegovina,1995,3.5
Botswana,1995,29.33
Brazil,1995,11.31
Brunei Darussalam,1995,22.09
Bulgaria,1995,7.24
Burkina Faso,1995,2.4
Burundi,1995,2.06
Côte d'Ivoire,1995,1.48
Cabo Verde,1995,6.94
Cambodia,1995,2.12
Cameroon,1995,1.81
Canada,1995,31.05
Central African Republic,1995,2.5
Chad,1995,1.63
Chile,1995,13.63
China,1995,7.05
Colombia,1995,7.56
Congo,1995,2.14
Costa Rica,1995,6.17
Croatia,1995,10.51
Cuba,1995,9.72
Cyprus,1995,19.48
Czech Republic,1995,16.38
Dem. Rep. of the Congo,1995,2.7
Denmark,1995,18.84
Djibouti,1995,2.54
Dominican Republic,1995,4.44
Ecuador,1995,7.98
Egypt,1995,4.3
El Salvador,1995,4.3
Eritrea,1995,2.3
Estonia,1995,12.49
Ethiopia,1995,0.7
Fiji,1995,8.19
Finland,1995,24.39
France,1995,21.23
Gabon,1995,5.15
Gambia,1995,2.8
Georgia,1995,2.94
Germany,1995,19.89
Ghana,1995,2.64
Greece,1995,25.79
Guatemala,1995,2.98
Guinea,1995,3.12
Haiti,1995,1.1
Honduras,1995,2.71
Hungary,1995,10.51
Iceland,1995,23.0
India,1995,2.85
Indonesia,1995,4.02
Iran,1995,11.27
Iraq,1995,1.48
Ireland,1995,16.07
Israel,1995,24.81
Italy,1995,17.17
Jamaica,1995,8.79
Japan,1995,27.31
Jordan,1995,7.01
Kazakhstan,1995,12.95
Kenya,1995,2.49
*Kerala (India),1995,4.0
Korea,1995,22.13
Kuwait,1995,61.88
Kyrgyzstan,1995,4.98
Laos,1995,1.24
Latvia,1995,5.65
Lebanon,1995,16.12
Lesotho,1995,2.24
Liberia,1995,0.59
Libya,1995,3.56
Lithuania,1995,11.23
Macedonia TFYR,1995,10.62
Madagascar,1995,0.67
Malawi,1995,0.99
Malaysia,1995,20.08
Maldives,1995,6.7
Mali,1995,2.61
Malta,1995,22.82
Mauritania,1995,2.6
Mauritius,1995,17.24
Mexico,1995,7.83
Moldova,1995,0.06
Mongolia,1995,9.31
Montenegro,1995,1.54
Morocco,1995,3.04
Mozambique,1995,1.66
Myanmar,1995,1.06
Namibia,1995,9.7
Nepal,1995,1.77
Netherlands,1995,20.55
New Zealand,1995,23.11
Nicaragua,1995,2.7
Niger,1995,2.47
Nigeria,1995,2.5
Norway,1995,27.41
Oman,1995,14.71
Pakistan,1995,3.06
Panama,1995,7.73
Papua New Guinea,1995,3.16
Paraguay,1995,9.78
Peru,1995,6.73
Philippines,1995,3.98
Poland,1995,10.12
Portugal,1995,18.08
Qatar,1995,25.11
Romania,1995,8.38
Russian Federation,1995,6.92
Rwanda,1995,1.89
Samoa,1995,5.88
Sao Tome and Principe,1995,5.81
Saudi Arabia,1995,26.31
Senegal,1995,2.04
Serbia,1995,1.85
Seychelles,1995,18.22
Sierra Leone,1995,1.75
Singapore,1995,45.98
Slovakia,1995,15.62
Slovenia,1995,15.27
South Africa,1995,10.73
Spain,1995,17.86
Sri Lanka,1995,1.67
Suriname,1995,11.13
Eswatini,1995,10.68
Sweden,1995,19.87
Switzerland,1995,20.91
Syria,1995,3.07
Tajikistan,1995,1.5
Tanzania,1995,1.52
Thailand,1995,9.73
Togo,1995,2.69
Trinidad and Tobago,1995,4.58
Tunisia,1995,5.69
Turkey,1995,8.25
Turkmenistan,1995,9.42
United Arab Emirates,1995,61.7
Uganda,1995,2.64
Ukraine,1995,5.31
United Kingdom,1995,20.06
United States of America,1995,29.72
Uruguay,1995,11.4
Uzbekistan,1995,5.63
Vanuatu,1995,6.61
Venezuela,1995,8.92
Viet Nam,1995,2.38
Yemen,1995,1.37
Zambia,1995,3.55
Zimbabwe,1995,1.79
Afghanistan,1996,1.34
Albania,1996,4.18
Algeria,1996,1.92
Angola,1996,1.73
Antigua and Barbuda,1996,24.01
Argentina,1996,12.34
Armenia,1996,3.06
Australia,1996,39.23
Austria,1996,23.53
Azerbaijan,1996,4.23
Bahamas,1996,34.83
Bahrain,1996,28.75
Bangladesh,1996,1.66
Barbados,1996,21.85
Belgium,1996,20.41
Belize,1996,10.22
Benin,1996,2.78
Bhutan,1996,6.74
Bolivia,1996,4.61
Bosnia and Herzegovina,1996,3.12
Botswana,1996,27.59
Brazil,1996,10.61
Brunei Darussalam,1996,21.25
Bulgaria,1996,5.24
Burkina Faso,1996,2.4
Burundi,1996,1.94
Côte d'Ivoire,1996,1.53
Cabo Verde,1996,6.51
Cambodia,1996,2.22
Cameroon,1996,1.84
Canada,1996,29.87
Central African Republic,1996,2.38
Chad,1996,1.59
Chile,1996,16.08
China,1996,7.57
Colombia,1996,7.29
Congo,1996,1.99
Costa Rica,1996,6.4
Croatia,1996,11.19
Cuba,1996,10.42
Cyprus,1996,20.47
Czech Republic,1996,17.12
Dem. Rep. of the Congo,1996,2.59
Denmark,1996,18.11
Djibouti,1996,2.41
Dominican Republic,1996,4.44
Ecuador,1996,7.88
Egypt,1996,4.48
El Salvador,1996,4.66
Eritrea,1996,2.21
Estonia,1996,13.69
Ethiopia,1996,0.66
Fiji,1996,7.43
Finland,1996,24.09
France,1996,19.2
Gabon,1996,5.01
Gambia,1996,2.6
Georgia,1996,3.26
Germany,1996,19.16
Ghana,1996,2.5
Greece,1996,26.6
Guatemala,1996,3.05
Guinea,1996,3.01
Haiti,1996,1.07
Honduras,1996,2.85
Hungary,1996,10.09
Iceland,1996,25.55
India,1996,2.85
Indonesia,1996,4.31
Iran,1996,11.26
Iraq,1996,1.54
Ireland,1996,16.56
Israel,1996,25.24
Italy,1996,17.04
Jamaica,1996,9.32
Japan,1996,26.07
Jordan,1996,7.14
Kazakhstan,1996,12.27
Kenya,1996,2.29
*Kerala (India),1996,4.02
Korea,1996,23.65
Kuwait,1996,63.87
Kyrgyzstan,1996,5.31
Laos,1996,1.26
Latvia,1996,6.38
Lebanon,1996,16.78
Lesotho,1996,2.31
Liberia,1996,0.63
Libya,1996,3.77
Lithuania,1996,12.94
Macedonia TFYR,1996,9.74
Madagascar,1996,0.71
Malawi,1996,1.28
Malaysia,1996,21.65
Maldives,1996,6.92
Mali,1996,2.44
Malta,1996,22.38
Mauritania,1996,2.76
Mauritius,1996,17.1
Mexico,1996,8.22
Moldova,1996,0.06
Mongolia,1996,7.26
Montenegro,1996,1.39
Morocco,1996,3.39
Mozambique,1996,1.74
Myanmar,1996,1.0
Namibia,1996,9.62
Nepal,1996,1.71
Netherlands,1996,19.9
New Zealand,1996,22.72
Nicaragua,1996,2.91
Niger,1996,2.6
Nigeria,1996,2.52
Norway,1996,29.11
Oman,1996,17.12
Pakistan,1996,2.79
Panama,1996,7.95
Papua New Guinea,1996,3.35
Paraguay,1996,9.34
Peru,1996,6.7
Philippines,1996,4.76
Poland,1996,11.4
Portugal,1996,17.75
Qatar,1996,21.7
Romania,1996,8.02
Russian Federation,1996,6.48
Rwanda,1996,1.97
Samoa,1996,6.04
Sao Tome and Principe,1996,6.75
Saudi Arabia,1996,27.77
Senegal,1996,2.03
Serbia,1996,1.21
Seychelles,1996,18.34
Sierra Leone,1996,1.96
Singapore,1996,49.11
Slovakia,1996,18.91
Slovenia,1996,15.26
South Africa,1996,10.63
Spain,1996,17.45
Sri Lanka,1996,1.68
Suriname,1996,11.16
Eswatini,1996,11.0
Sweden,1996,20.56
Switzerland,1996,19.9
Syria,1996,3.08
Tajikistan,1996,0.87
Tanzania,1996,1.49
Thailand,1996,10.06
Togo,1996,2.99
Trinidad and Tobago,1996,5.0
Tunisia,1996,6.33
Turkey,1996,8.98
Turkmenistan,1996,5.8
United Arab Emirates,1996,66.35
Uganda,1996,2.71
Ukraine,1996,4.47
United Kingdom,1996,19.81
United States of America,1996,31.0
Uruguay,1996,15.43
Uzbekistan,1996,5.4
Vanuatu,1996,6.38
Venezuela,1996,7.58
Viet Nam,1996,2.67
Yemen,1996,1.0
Zambia,1996,3.55
Zimbabwe,1996,2.21
Afghanistan,1997,1.18
Albania,1997,3.96
Algeria,1997,1.67
Angola,1997,1.87
Antigua and Barbuda,1997,24.08
Argentina,1997,13.26
Armenia,1997,2.72
Australia,1997,39.93
Austria,1997,23.76
Azerbaijan,1997,3.27
Bahamas,1997,37.47
Bahrain,1997,28.2
Bangladesh,1997,1.63
Barbados,1997,21.92
Belgium,1997,19.67
Belize,1997,9.8
Benin,1997,2.84
Bhutan,1997,7.07
Bolivia,1997,4.45
Bosnia and Herzegovina,1997,4.35
Botswana,1997,29.64
Brazil,1997,10.61
Brunei Darussalam,1997,21.58
Bulgaria,1997,4.31
Burkina Faso,1997,2.16
Burundi,1997,1.86
Côte d'Ivoire,1997,1.6
Cabo Verde,1997,6.12
Cambodia,1997,2.01
Cameroon,1997,1.88
Canada,1997,30.93
Central African Republic,1997,2.01
Chad,1997,1.57
Chile,1997,16.94
China,1997,7.57
Colombia,1997,7.23
Congo,1997,1.91
Costa Rica,1997,6.47
Croatia,1997,13.08
Cuba,1997,10.54
Cyprus,1997,20.39
Czech Republic,1997,15.89
Dem. Rep. of the Congo,1997,2.68
Denmark,1997,17.72
Djibouti,1997,2.45
Dominican Republic,1997,4.69
Ecuador,1997,7.84
Egypt,1997,4.66
El Salvador,1997,4.77
Eritrea,1997,2.53
Estonia,1997,13.54
Ethiopia,1997,0.56
Fiji,1997,7.11
Finland,1997,24.11
France,1997,17.93
Gabon,1997,5.09
Gambia,1997,2.31
Georgia,1997,3.78
Germany,1997,18.5
Ghana,1997,2.5
Greece,1997,27.66
Guatemala,1997,3.25
Guinea,1997,2.54
Haiti,1997,1.07
Honduras,1997,2.85
Hungary,1997,10.15
Iceland,1997,25.85
India,1997,2.88
Indonesia,1997,4.25
Iran,1997,11.28
Iraq,1997,1.27
Ireland,1997,17.72
Israel,1997,24.27
Italy,1997,17.53
Jamaica,1997,9.51
Japan,1997,25.23
Jordan,1997,7.42
Kazakhstan,1997,12.23
Kenya,1997,2.34
*Kerala (India),1997,4.25
Korea,1997,23.1
Kuwait,1997,56.23
Kyrgyzstan,1997,5.47
Laos,1997,1.28
Latvia,1997,6.53
Lebanon,1997,16.06
Lesotho,1997,2.39
Liberia,1997,0.73
Libya,1997,3.82
Lithuania,1997,13.78
Macedonia TFYR,1997,9.24
Madagascar,1997,0.63
Malawi,1997,1.21
Malaysia,1997,21.32
Maldives,1997,7.68
Mali,1997,2.4
Malta,1997,21.67
Mauritania,1997,2.67
Mauritius,1997,17.25
Mexico,1997,8.77
Moldova,1997,0.11
Mongolia,1997,4.07
Montenegro,1997,1.53
Morocco,1997,3.13
Mozambique,1997,1.78
Myanmar,1997,0.62
Namibia,1997,9.12
Nepal,1997,1.57
Netherlands,1997,19.35
New Zealand,1997,22.55
Nicaragua,1997,3.14
Niger,1997,2.27
Nigeria,1997,2.61
Norway,1997,31.25
Oman,1997,17.91
Pakistan,1997,2.69
Panama,1997,8.6
Papua New Guinea,1997,2.75
Paraguay,1997,9.79
Peru,1997,7.03
Philippines,1997,5.06
Poland,1997,11.48
Portugal,1997,19.9
Qatar,1997,22.87
Romania,1997,8.08
Russian Federation,1997,6.72
Rwanda,1997,2.1
Samoa,1997,6.46
Sao Tome and Principe,1997,6.48
Saudi Arabia,1997,27.63
Senegal,1997,1.81
Serbia,1997,0.91
Seychelles,1997,19.72
Sierra Leone,1997,1.6
Singapore,1997,50.21
Slovakia,1997,20.19
Slovenia,1997,15.71
South Africa,1997,10.68
Spain,1997,18.09
Sri Lanka,1997,1.67
Suriname,1997,12.01
Eswatini,1997,10.77
Sweden,1997,20.1
Switzerland,1997,19.27
Syria,1997,2.46
Tajikistan,1997,0.8
Tanzania,1997,1.32
Thailand,1997,9.31
Togo,1997,2.8
Trinidad and Tobago,1997,6.04
Tunisia,1997,5.74
Turkey,1997,9.33
Turkmenistan,1997,4.53
United Arab Emirates,1997,65.29
Uganda,1997,2.52
Ukraine,1997,4.67
United Kingdom,1997,21.74
United States of America,1997,33.26
Uruguay,1997,22.27
Uzbekistan,1997,5.52
Vanuatu,1997,6.63
Venezuela,1997,8.2
Viet Nam,1997,2.86
Yemen,1997,0.95
Zambia,1997,3.34
Zimbabwe,1997,2.53
Afghanistan,1998,0.91
Albania,1998,4.32
Algeria,1998,2.16
Angola,1998,2.07
Antigua and Barbuda,1998,21.72
Argentina,1998,14.41
Armenia,1998,3.19
Australia,1998,41.98
Austria,1998,25.24
Azerbaijan,1998,2.98
Bahamas,1998,35.88
Bahrain,1998,26.76
Bangladesh,1998,1.75
Barbados,1998,21.81
Belgium,1998,21.15
Belize,1998,9.09
Benin,1998,2.46
Bhutan,1998,6.24
Bolivia,1998,4.73
Bosnia and Herzegovina,1998,4.86
Botswana,1998,29.13
Brazil,1998,11.36
Brunei Darussalam,1998,17.2
Bulgaria,1998,4.42
Burkina Faso,1998,2.34
Burundi,1998,1.84
Côte d'Ivoire,1998,1.55
Cabo Verde,1998,5.97
Cambodia,1998,1.81
Cameroon,1998,1.89
Canada,1998,30.64
Central African Republic,1998,2.02
Chad,1998,1.65
Chile,1998,16.66
China,1998,7.89
Colombia,1998,7.1
Congo,1998,1.86
Costa Rica,1998,6.68
Croatia,1998,13.32
Cuba,1998,10.18
Cyprus,1998,26.45
Czech Republic,1998,15.97
Dem. Rep. of the Congo,1998,2.79
Denmark,1998,21.6
Djibouti,1998,2.55
Dominican Republic,1998,4.68
Ecuador,1998,7.95
Egypt,1998,5.0
El Salvador,1998,5.18
Eritrea,1998,2.98
Estonia,1998,12.9
Ethiopia,1998,0.44
Fiji,1998,5.28
Finland,1998,25.84
France,1998,19.35
Gabon,1998,6.12
Gambia,1998,2.37
Georgia,1998,3.32
Germany,1998,19.67
Ghana,1998,2.7
Greece,1998,29.76
Guatemala,1998,3.32
Guinea,1998,2.4
Haiti,1998,1.06
Honduras,1998,2.86
Hungary,1998,9.82
Iceland,1998,36.32
India,1998,2.88
Indonesia,1998,3.06
Iran,1998,11.61
Iraq,1998,1.69
Ireland,1998,19.87
Israel,1998,27.16
Italy,1998,18.51
Jamaica,1998,8.7
Japan,1998,24.0
Jordan,1998,7.16
Kazakhstan,1998,11.63
Kenya,1998,2.44
*Kerala (India),1998,4.27
Korea,1998,16.84
Kuwait,1998,54.05
Kyrgyzstan,1998,5.96
Laos,1998,1.11
Latvia,1998,7.27
Lebanon,1998,15.84
Lesotho,1998,2.07
Liberia,1998,0.8
Libya,1998,4.17
Lithuania,1998,14.09
Macedonia TFYR,1998,9.23
Madagascar,1998,0.61
Malawi,1998,1.01
Malaysia,1998,14.12
Maldives,1998,7.16
Mali,1998,2.67
Malta,1998,23.17
Mauritania,1998,2.55
Mauritius,1998,16.46
Mexico,1998,9.0
Moldova,1998,0.07
Mongolia,1998,4.05
Montenegro,1998,1.45
Morocco,1998,3.23
Mozambique,1998,1.83
Myanmar,1998,0.59
Namibia,1998,9.21
Nepal,1998,1.38
Netherlands,1998,21.23
New Zealand,1998,20.95
Nicaragua,1998,3.17
Niger,1998,2.65
Nigeria,1998,2.39
Norway,1998,33.4
Oman,1998,19.89
Pakistan,1998,2.66
Panama,1998,8.89
Papua New Guinea,1998,2.47
Paraguay,1998,9.78
Peru,1998,6.46
Philippines,1998,4.42
Poland,1998,12.53
Portugal,1998,21.11
Qatar,1998,23.54
Romania,1998,7.05
Russian Federation,1998,5.8
Rwanda,1998,1.94
Samoa,1998,5.68
Sao Tome and Principe,1998,4.25
Saudi Arabia,1998,27.63
Senegal,1998,2.01
Serbia,1998,0.47
Seychelles,1998,20.64
Sierra Leone,1998,1.52
Singapore,1998,44.4
Slovakia,1998,22.61
Slovenia,1998,17.29
South Africa,1998,10.4
Spain,1998,20.86
Sri Lanka,1998,1.66
Suriname,1998,10.42
Eswatini,1998,10.78
Sweden,1998,21.96
Switzerland,1998,20.26
Syria,1998,2.55
Tajikistan,1998,0.96
Tanzania,1998,1.42
Thailand,1998,6.48
Togo,1998,2.51
Trinidad and Tobago,1998,5.94
Tunisia,1998,6.16
Turkey,1998,9.35
Turkmenistan,1998,5.45
United Arab Emirates,1998,57.39
Uganda,1998,2.44
Ukraine,1998,3.78
United Kingdom,1998,23.26
United States of America,1998,35.84
Uruguay,1998,22.42
Uzbekistan,1998,5.25
Vanuatu,1998,5.6
Venezuela,1998,7.78
Viet Nam,1998,3.06
Yemen,1998,0.98
Zambia,1998,3.1
Zimbabwe,1998,1.78
Afghanistan,1999,0.81
Albania,1999,4.74
Algeria,1999,2.04
Angola,1999,1.85
Antigua and Barbuda,1999,21.66
Argentina,1999,14.1
Armenia,1999,3.04
Australia,1999,41.63
Austria,1999,24.72
Azerbaijan,1999,2.85
Bahamas,1999,36.7
Bahrain,1999,25.57
Bangladesh,1999,1.76
Barbados,1999,21.08
Belgium,1999,21.71
Belize,1999,9.07
Benin,1999,2.73
Bhutan,1999,6.15
Bolivia,1999,4.83
Bosnia and Herzegovina,1999,4.82
Botswana,1999,30.61
Brazil,1999,10.24
Brunei Darussalam,1999,14.81
Bulgaria,1999,4.82
Burkina Faso,1999,2.1
Burundi,1999,1.62
Côte d'Ivoire,1999,1.56
Cabo Verde,1999,6.6
Cambodia,1999,1.81
Cameroon,1999,1.87
Canada,1999,29.57
Central African Republic,1999,1.82
Chad,1999,1.55
Chile,1999,17.0
China,1999,7.98
Colombia,1999,6.86
Congo,1999,1.6
Costa Rica,1999,6.64
Croatia,1999,12.58
Cuba,1999,10.37
Cyprus,1999,27.54
Czech Republic,1999,15.81
Dem. Rep. of the Congo,1999,2.54
Denmark,1999,21.48
Djibouti,1999,2.57
Dominican Republic,1999,4.92
Ecuador,1999,6.66
Egypt,1999,5.12
El Salvador,1999,5.4
Eritrea,1999,2.66
Estonia,1999,12.28
Ethiopia,1999,0.47
Fiji,1999,6.44
Finland,1999,29.49
France,1999,19.69
Gabon,1999,4.89
Gambia,1999,2.25
Georgia,1999,3.44
Germany,1999,20.28
Ghana,1999,2.74
Greece,1999,31.01
Guatemala,1999,3.46
Guinea,1999,2.6
Haiti,1999,1.05
Honduras,1999,3.0
Hungary,1999,9.96
Iceland,1999,39.18
India,1999,2.98
Indonesia,1999,3.43
Iran,1999,10.94
Iraq,1999,1.74
Ireland,1999,21.08
Israel,1999,26.1
Italy,1999,19.29
Jamaica,1999,8.36
Japan,1999,24.54
Jordan,1999,6.98
Kazakhstan,1999,11.91
Kenya,1999,2.54
*Kerala (India),1999,4.47
Korea,1999,19.24
Kuwait,1999,46.89
Kyrgyzstan,1999,5.66
Laos,1999,1.16
Latvia,1999,7.61
Lebanon,1999,13.92
Lesotho,1999,2.25
Liberia,1999,0.83
Libya,1999,3.72
Lithuania,1999,13.73
Macedonia TFYR,1999,8.86
Madagascar,1999,0.57
Malawi,1999,1.16
Malaysia,1999,14.96
Maldives,1999,7.54
Mali,1999,2.75
Malta,1999,23.48
Mauritania,1999,2.56
Mauritius,1999,14.74
Mexico,1999,9.1
Moldova,1999,0.06
Mongolia,1999,4.01
Montenegro,1999,1.47
Morocco,1999,3.14
Mozambique,1999,1.88
Myanmar,1999,0.63
Namibia,1999,8.55
Nepal,1999,1.35
Netherlands,1999,22.49
New Zealand,1999,21.83
Nicaragua,1999,3.47
Niger,1999,2.41
Nigeria,1999,2.03
Norway,1999,31.73
Oman,1999,18.31
Pakistan,1999,2.64
Panama,1999,8.18
Papua New Guinea,1999,2.36
Paraguay,1999,9.34
Peru,1999,6.69
Philippines,1999,4.01
Poland,1999,12.16
Portugal,1999,22.27
Qatar,1999,18.98
Romania,1999,6.96
Russian Federation,1999,5.95
Rwanda,1999,1.92
Samoa,1999,5.64
Sao Tome and Principe,1999,4.7
Saudi Arabia,1999,25.4
Senegal,1999,2.12
Serbia,1999,0.3
Seychelles,1999,20.03
Sierra Leone,1999,1.41
Singapore,1999,45.63
Slovakia,1999,21.6
Slovenia,1999,17.68
South Africa,1999,9.89
Spain,1999,22.01
Sri Lanka,1999,1.72
Suriname,1999,9.18
Eswatini,1999,10.54
Sweden,1999,22.26
Switzerland,1999,20.74
Syria,1999,2.33
Tajikistan,1999,0.91
Tanzania,1999,1.5
Thailand,1999,6.95
Togo,1999,2.3
Trinidad and Tobago,1999,5.27
Tunisia,1999,6.63
Turkey,1999,8.41
Turkmenistan,1999,7.45
United Arab Emirates,1999,60.99
Uganda,1999,2.41
Ukraine,1999,3.64
United Kingdom,1999,24.47
United States of America,1999,36.11
Uruguay,1999,24.44
Uzbekistan,1999,5.36
Vanuatu,1999,5.33
Venezuela,1999,7.28
Viet Nam,1999,3.24
Yemen,1999,0.92
Zambia,1999,2.94
Zimbabwe,1999,1.66
Afghanistan,2000,0.59
Albania,2000,5.61
Algeria,2000,1.9
Angola,2000,2.08
Antigua and Barbuda,2000,23.2
Argentina,2000,13.34
Armenia,2000,2.43
Australia,2000,39.66
Austria,2000,24.71
Azerbaijan,2000,2.58
Bahamas,2000,39.3
Bahrain,2000,20.96
Bangladesh,2000,1.79
Barbados,2000,20.59
Belgium,2000,23.34
Belize,2000,10.64
Benin,2000,2.65
Bhutan,2000,4.89
Bolivia,2000,4.5
Bosnia and Herzegovina,2000,4.71
Botswana,2000,32.45
Brazil,2000,10.98
Brunei Darussalam,2000,13.28
Bulgaria,2000,4.51
Burkina Faso,2000,1.84
Burundi,2000,1.59
Côte d'Ivoire,2000,1.4
Cabo Verde,2000,6.63
Cambodia,2000,1.68
Cameroon,2000,1.81
Canada,2000,29.93
Central African Republic,2000,1.83
Chad,2000,1.3
Chile,2000,15.6
China,2000,7.74
Colombia,2000,6.87
Congo,2000,1.49
Costa Rica,2000,7.12
Croatia,2000,11.56
Cuba,2000,10.03
Cyprus,2000,30.07
Czech Republic,2000,16.22
Dem. Rep. of the Congo,2000,2.39
Denmark,2000,23.18
Djibouti,2000,2.85
Dominican Republic,2000,5.01
Ecuador,2000,6.75
Egypt,2000,4.73
El Salvador,2000,5.75
Eritrea,2000,2.22
Estonia,2000,13.32
Ethiopia,2000,0.22
Fiji,2000,5.76
Finland,2000,29.61
France,2000,20.19
Gabon,2000,4.71
Gambia,2000,2.34
Georgia,2000,3.57
Germany,2000,20.13
Ghana,2000,1.97
Greece,2000,32.57
Guatemala,2000,3.39
Guinea,2000,2.55
Haiti,2000,1.0
Honduras,2000,3.14
Hungary,2000,9.67
Iceland,2000,42.52
India,2000,2.78
Indonesia,2000,3.42
Iran,2000,10.74
Iraq,2000,1.75
Ireland,2000,22.94
Israel,2000,25.76
Italy,2000,19.46
Jamaica,2000,9.13
Japan,2000,27.12
Jordan,2000,7.74
Kazakhstan,2000,11.65
Kenya,2000,2.74
*Kerala (India),2000,3.94
Korea,2000,21.21
Kuwait,2000,36.3
Kyrgyzstan,2000,6.13
Laos,2000,1.33
Latvia,2000,7.78
Lebanon,2000,12.23
Lesotho,2000,2.21
Liberia,2000,0.79
Libya,2000,3.33
Lithuania,2000,14.03
Macedonia TFYR,2000,9.11
Madagascar,2000,0.56
Malawi,2000,1.15
Malaysia,2000,19.16
Maldives,2000,7.3
Mali,2000,2.47
Malta,2000,25.91
Mauritania,2000,2.57
Mauritius,2000,16.42
Mexico,2000,9.9
Moldova,2000,0.08
Mongolia,2000,3.91
Montenegro,2000,1.51
Morocco,2000,2.89
Mozambique,2000,1.66
Myanmar,2000,0.53
Namibia,2000,8.93
Nepal,2000,1.28
Netherlands,2000,22.84
New Zealand,2000,21.28
Nicaragua,2000,3.69
Niger,2000,2.05
Nigeria,2000,1.95
Norway,2000,31.0
Oman,2000,15.51
Pakistan,2000,2.49
Panama,2000,8.57
Papua New Guinea,2000,2.0
Paraguay,2000,9.3
Peru,2000,6.68
Philippines,2000,3.94
Poland,2000,13.06
Portugal,2000,22.88
Qatar,2000,17.64
Romania,2000,6.8
Russian Federation,2000,6.38
Rwanda,2000,1.82
Samoa,2000,5.73
Sao Tome and Principe,2000,5.42
Saudi Arabia,2000,31.64
Senegal,2000,2.19
Serbia,2000,0.17
Seychelles,2000,23.39
Sierra Leone,2000,1.31
Singapore,2000,52.75
Slovakia,2000,21.86
Slovenia,2000,17.98
South Africa,2000,10.01
Spain,2000,23.63
Sri Lanka,2000,1.97
Suriname,2000,8.82
Eswatini,2000,10.93
Sweden,2000,21.69
Switzerland,2000,23.4
Syria,2000,2.28
Tajikistan,2000,0.78
Tanzania,2000,1.44
Thailand,2000,7.66
Togo,2000,2.06
Trinidad and Tobago,2000,5.21
Tunisia,2000,6.6
Turkey,2000,8.83
Turkmenistan,2000,10.02
United Arab Emirates,2000,60.69
Uganda,2000,2.1
Ukraine,2000,4.05
United Kingdom,2000,25.89
United States of America,2000,36.46
Uruguay,2000,22.84
Uzbekistan,2000,4.73
Vanuatu,2000,4.8
Venezuela,2000,7.55
Viet Nam,2000,3.47
Yemen,2000,0.91
Zambia,2000,2.44
Zimbabwe,2000,1.47
Afghanistan,2001,0.86
Albania,2001,6.23
Algeria,2001,1.98
Angola,2001,2.45
Antigua and Barbuda,2001,20.93
Argentina,2001,12.59
Armenia,2001,2.76
Australia,2001,39.8
Austria,2001,24.57
Azerbaijan,2001,2.7
Bahamas,2001,30.78
Bahrain,2001,20.39
Bangladesh,2001,1.81
Barbados,2001,17.7
Belgium,2001,21.71
Belize,2001,12.85
Benin,2001,3.17
Bhutan,2001,6.12
Bolivia,2001,4.22
Bosnia and Herzegovina,2001,5.58
Botswana,2001,32.63
Brazil,2001,10.59
Brunei Darussalam,2001,13.17
Bulgaria,2001,5.32
Burkina Faso,2001,1.96
Burundi,2001,1.81
Côte d'Ivoire,2001,1.32
Cabo Verde,2001,6.43
Cambodia,2001,1.58
Cameroon,2001,1.79
Canada,2001,28.41
Central African Republic,2001,1.97
Chad,2001,1.46
Chile,2001,17.13
China,2001,8.43
Colombia,2001,6.08
Congo,2001,1.56
Costa Rica,2001,6.55
Croatia,2001,13.17
Cuba,2001,9.74
Cyprus,2001,28.51
Czech Republic,2001,16.51
Dem. Rep. of the Congo,2001,2.33
Denmark,2001,21.45
Djibouti,2001,2.6
Dominican Republic,2001,4.55
Ecuador,2001,7.47
Egypt,2001,4.68
El Salvador,2001,5.34
Eritrea,2001,2.33
Estonia,2001,13.78
Ethiopia,2001,0.48
Fiji,2001,5.78
Finland,2001,33.59
France,2001,19.34
Gabon,2001,4.28
Gambia,2001,1.95
Georgia,2001,3.95
Germany,2001,18.97
Ghana,2001,2.14
Greece,2001,32.41
Guatemala,2001,3.43
Guinea,2001,2.43
Haiti,2001,1.0
Honduras,2001,3.12
Hungary,2001,11.03
Iceland,2001,35.64
India,2001,2.89
Indonesia,2001,3.66
Iran,2001,11.31
Iraq,2001,2.02
Ireland,2001,21.17
Israel,2001,24.49
Italy,2001,19.39
Jamaica,2001,9.17
Japan,2001,25.72
Jordan,2001,7.65
Kazakhstan,2001,13.89
Kenya,2001,2.74
*Kerala (India),2001,4.17
Korea,2001,21.46
Kuwait,2001,41.1
Kyrgyzstan,2001,6.04
Laos,2001,1.3
Latvia,2001,7.91
Lebanon,2001,12.71
Lesotho,2001,2.26
Liberia,2001,0.81
Libya,2001,3.02
Lithuania,2001,14.3
Macedonia TFYR,2001,8.39
Madagascar,2001,0.58
Malawi,2001,1.06
Malaysia,2001,16.73
Maldives,2001,7.01
Mali,2001,2.92
Malta,2001,23.38
Mauritania,2001,2.44
Mauritius,2001,15.78
Mexico,2001,9.76
Moldova,2001,0.06
Mongolia,2001,3.98
Montenegro,2001,1.97
Morocco,2001,2.97
Mozambique,2001,1.52
Myanmar,2001,0.6
Namibia,2001,8.82
Nepal,2001,1.53
Netherlands,2001,25.34
New Zealand,2001,21.71
Nicaragua,2001,3.33
Niger,2001,2.63
Nigeria,2001,2.22
Norway,2001,30.3
Oman,2001,14.29
Pakistan,2001,2.44
Panama,2001,6.97
Papua New Guinea,2001,2.0
Paraguay,2001,9.18
Peru,2001,7.09
Philippines,2001,3.91
Poland,2001,14.3
Portugal,2001,23.34
Qatar,2001,20.3
Romania,2001,8.17
Russian Federation,2001,6.9
Rwanda,2001,1.81
Samoa,2001,5.12
Sao Tome and Principe,2001,4.31
Saudi Arabia,2001,27.03
Senegal,2001,2.17
Serbia,2001,0.32
Seychelles,2001,22.15
Sierra Leone,2001,1.44
Singapore,2001,48.42
Slovakia,2001,20.08
Slovenia,2001,17.28
South Africa,2001,8.65
Spain,2001,24.18
Sri Lanka,2001,1.81
Suriname,2001,10.05
Eswatini,2001,11.24
Sweden,2001,24.61
Switzerland,2001,25.84
Syria,2001,2.36
Tajikistan,2001,0.81
Tanzania,2001,1.44
Thailand,2001,7.65
Togo,2001,2.05
Trinidad and Tobago,2001,5.66
Tunisia,2001,6.62
Turkey,2001,7.34
Turkmenistan,2001,12.54
United Arab Emirates,2001,48.39
Uganda,2001,2.25
Ukraine,2001,4.8
United Kingdom,2001,24.24
United States of America,2001,36.13
Uruguay,2001,19.89
Uzbekistan,2001,4.31
Vanuatu,2001,4.63
Venezuela,2001,7.97
Viet Nam,2001,3.79
Yemen,2001,1.0
Zambia,2001,2.61
Zimbabwe,2001,1.39
Afghanistan,2002,0.93
Albania,2002,6.28
Algeria,2002,2.01
Angola,2002,2.45
Antigua and Barbuda,2002,22.25
Argentina,2002,8.54
Armenia,2002,2.94
Australia,2002,39.89
Austria,2002,24.87
Azerbaijan,2002,3.08
Bahamas,2002,30.46
Bahrain,2002,21.02
Bangladesh,2002,1.83
Barbados,2002,17.67
Belgium,2002,22.04
Belize,2002,11.14
Benin,2002,2.96
Bhutan,2002,6.96
Bolivia,2002,4.51
Bosnia and Herzegovina,2002,6.29
Botswana,2002,33.5
Brazil,2002,10.46
Brunei Darussalam,2002,13.35
Bulgaria,2002,5.62
Burkina Faso,2002,1.9
Burundi,2002,1.86
Côte d'Ivoire,2002,1.3
Cabo Verde,2002,7.22
Cambodia,2002,1.63
Cameroon,2002,1.73
Canada,2002,28.5
Central African Republic,2002,2.01
Chad,2002,1.49
Chile,2002,17.24
China,2002,8.54
Colombia,2002,6.21
Congo,2002,1.74
Costa Rica,2002,6.49
Croatia,2002,14.75
Cuba,2002,9.74
Cyprus,2002,29.51
Czech Republic,2002,18.07
Dem. Rep. of the Congo,2002,2.28
Denmark,2002,22.57
Djibouti,2002,2.87
Dominican Republic,2002,5.7
Ecuador,2002,7.84
Egypt,2002,4.53
El Salvador,2002,5.27
Eritrea,2002,2.3
Estonia,2002,15.84
Ethiopia,2002,0.52
Fiji,2002,5.82
Finland,2002,34.43
France,2002,20.08
Gabon,2002,4.37
Gambia,2002,2.35
Georgia,2002,4.28
Germany,2002,18.67
Ghana,2002,2.25
Greece,2002,33.14
Guatemala,2002,3.47
Guinea,2002,2.5
Haiti,2002,0.96
Honduras,2002,3.1
Hungary,2002,11.73
Iceland,2002,35.18
India,2002,2.79
Indonesia,2002,4.07
Iran,2002,11.68
Iraq,2002,2.1
Ireland,2002,22.42
Israel,2002,24.49
Italy,2002,20.5
Jamaica,2002,9.39
Japan,2002,24.59
Jordan,2002,7.95
Kazakhstan,2002,13.93
Kenya,2002,2.71
*Kerala (India),2002,4.24
Korea,2002,22.27
Kuwait,2002,44.27
Kyrgyzstan,2002,6.32
Laos,2002,1.54
Latvia,2002,8.8
Lebanon,2002,11.74
Lesotho,2002,2.16
Liberia,2002,0.9
Libya,2002,3.03
Lithuania,2002,16.31
Macedonia TFYR,2002,8.89
Madagascar,2002,0.61
Malawi,2002,1.07
Malaysia,2002,16.58
Maldives,2002,7.02
Mali,2002,3.13
Malta,2002,24.03
Mauritania,2002,2.5
Mauritius,2002,15.59
Mexico,2002,9.52
Moldova,2002,0.49
Mongolia,2002,4.04
Montenegro,2002,2.43
Morocco,2002,3.01
Mozambique,2002,1.63
Myanmar,2002,0.66
Namibia,2002,8.24
Nepal,2002,1.71
Netherlands,2002,28.14
New Zealand,2002,23.77
Nicaragua,2002,3.21
Niger,2002,2.66
Nigeria,2002,2.06
Norway,2002,31.13
Oman,2002,13.99
Pakistan,2002,2.42
Panama,2002,6.68
Papua New Guinea,2002,1.83
Paraguay,2002,9.34
Peru,2002,7.6
Philippines,2002,4.08
Poland,2002,15.11
Portugal,2002,22.74
Qatar,2002,21.31
Romania,2002,8.08
Russian Federation,2002,7.14
Rwanda,2002,2.0
Samoa,2002,6.06
Sao Tome and Principe,2002,4.79
Saudi Arabia,2002,25.76
Senegal,2002,2.09
Serbia,2002,0.26
Seychelles,2002,22.71
Sierra Leone,2002,1.62
Singapore,2002,47.54
Slovakia,2002,21.16
Slovenia,2002,18.26
South Africa,2002,8.86
Spain,2002,25.04
Sri Lanka,2002,1.74
Suriname,2002,9.49
Eswatini,2002,13.53
Sweden,2002,25.59
Switzerland,2002,26.59
Syria,2002,2.38
Tajikistan,2002,0.92
Tanzania,2002,1.61
Thailand,2002,8.17
Togo,2002,2.15
Trinidad and Tobago,2002,6.24
Tunisia,2002,6.26
Turkey,2002,7.64
Turkmenistan,2002,11.37
United Arab Emirates,2002,51.24
Uganda,2002,2.31
Ukraine,2002,4.76
United Kingdom,2002,24.51
United States of America,2002,35.78
Uruguay,2002,19.79
Uzbekistan,2002,4.36
Vanuatu,2002,5.24
Venezuela,2002,6.76
Viet Nam,2002,4.39
Yemen,2002,0.98
Zambia,2002,2.6
Zimbabwe,2002,1.26
Afghanistan,2003,0.98
Albania,2003,7.67
Algeria,2003,2.13
Angola,2003,2.66
Antigua and Barbuda,2003,21.77
Argentina,2003,9.34
Armenia,2003,3.38
Australia,2003,42.58
Austria,2003,26.76
Azerbaijan,2003,3.57
Bahamas,2003,26.53
Bahrain,2003,18.0
Bangladesh,2003,1.78
Barbados,2003,15.63
Belgium,2003,22.68
Belize,2003,12.04
Benin,2003,3.17
Bhutan,2003,7.04
Bolivia,2003,4.35
Bosnia and Herzegovina,2003,7.67
Botswana,2003,36.49
Brazil,2003,10.36
Brunei Darussalam,2003,13.95
Bulgaria,2003,6.65
Burkina Faso,2003,2.41
Burundi,2003,1.83
Côte d'Ivoire,2003,1.35
Cabo Verde,2003,7.6
Cambodia,2003,1.72
Cameroon,2003,1.69
Canada,2003,30.36
Central African Republic,2003,1.88
Chad,2003,1.63
Chile,2003,17.32
China,2003,9.27
Colombia,2003,6.94
Congo,2003,1.8
Costa Rica,2003,6.35
Croatia,2003,16.91
Cuba,2003,9.1
Cyprus,2003,28.69
Czech Republic,2003,18.68
Dem. Rep. of the Congo,2003,2.37
Denmark,2003,22.72
Djibouti,2003,2.67
Dominican Republic,2003,4.63
Ecuador,2003,7.69
Egypt,2003,4.0
El Salvador,2003,5.27
Eritrea,2003,2.07
Estonia,2003,18.92
Ethiopia,2003,0.51
Fiji,2003,6.38
Finland,2003,36.53
France,2003,20.86
Gabon,2003,4.44
Gambia,2003,2.88
Georgia,2003,4.72
Germany,2003,19.62
Ghana,2003,2.33
Greece,2003,34.89
Guatemala,2003,3.69
Guinea,2003,2.58
Haiti,2003,0.94
Honduras,2003,3.21
Hungary,2003,13.08
Iceland,2003,39.28
India,2003,3.12
Indonesia,2003,4.44
Iran,2003,12.07
Iraq,2003,1.56
Ireland,2003,24.49
Israel,2003,21.77
Italy,2003,22.2
Jamaica,2003,9.67
Japan,2003,24.75
Jordan,2003,7.5
Kazakhstan,2003,14.39
Kenya,2003,2.54
*Kerala (India),2003,4.7
Korea,2003,23.87
Kuwait,2003,50.85
Kyrgyzstan,2003,6.81
Laos,2003,1.61
Latvia,2003,10.12
Lebanon,2003,11.34
Lesotho,2003,2.28
Liberia,2003,0.64
Libya,2003,2.63
Lithuania,2003,19.14
Macedonia TFYR,2003,9.39
Madagascar,2003,0.71
Malawi,2003,1.04
Malaysia,2003,16.85
Maldives,2003,6.94
Mali,2003,3.43
Malta,2003,24.47
Mauritania,2003,2.82
Mauritius,2003,15.98
Mexico,2003,9.93
Moldova,2003,0.08
Mongolia,2003,3.93
Montenegro,2003,3.06
Morocco,2003,3.19
Mozambique,2003,1.66
Myanmar,2003,1.0
Namibia,2003,9.89
Nepal,2003,1.85
Netherlands,2003,27.06
New Zealand,2003,23.71
Nicaragua,2003,3.44
Niger,2003,2.95
Nigeria,2003,2.34
Norway,2003,31.03
Oman,2003,10.02
Pakistan,2003,2.6
Panama,2003,7.39
Papua New Guinea,2003,1.81
Paraguay,2003,9.61
Peru,2003,7.69
Philippines,2003,3.95
Poland,2003,16.49
Portugal,2003,21.76
Qatar,2003,20.71
Romania,2003,9.18
Russian Federation,2003,7.08
Rwanda,2003,1.94
Samoa,2003,6.48
Sao Tome and Principe,2003,5.09
Saudi Arabia,2003,24.89
Senegal,2003,2.43
Serbia,2003,0.44
Seychelles,2003,20.46
Sierra Leone,2003,2.04
Singapore,2003,54.14
Slovakia,2003,22.02
Slovenia,2003,20.22
South Africa,2003,9.2
Spain,2003,27.07
Sri Lanka,2003,1.65
Suriname,2003,11.11
Eswatini,2003,12.86
Sweden,2003,28.61
Switzerland,2003,26.03
Syria,2003,2.17
Tajikistan,2003,1.11
Tanzania,2003,1.44
Thailand,2003,9.36
Togo,2003,2.03
Trinidad and Tobago,2003,5.3
Tunisia,2003,6.26
Turkey,2003,8.41
Turkmenistan,2003,13.85
United Arab Emirates,2003,47.54
Uganda,2003,2.48
Ukraine,2003,4.84
United Kingdom,2003,24.35
United States of America,2003,35.64
Uruguay,2003,17.01
Uzbekistan,2003,4.33
Vanuatu,2003,5.63
Venezuela,2003,5.71
Viet Nam,2003,5.51
Yemen,2003,0.96
Zambia,2003,3.18
Zimbabwe,2003,1.23
Afghanistan,2004,1.02
Albania,2004,8.54
Algeria,2004,2.23
Angola,2004,2.75
Antigua and Barbuda,2004,21.84
Argentina,2004,10.02
Armenia,2004,3.99
Australia,2004,42.03
Austria,2004,28.81
Azerbaijan,2004,3.75
Bahamas,2004,25.96
Bahrain,2004,17.42
Bangladesh,2004,1.7
Barbados,2004,16.14
Belgium,2004,23.71
Belize,2004,10.09
Benin,2004,3.12
Bhutan,2004,7.53
Bolivia,2004,4.03
Bosnia and Herzegovina,2004,8.04
Botswana,2004,39.04
Brazil,2004,10.54
Brunei Darussalam,2004,14.95
Bulgaria,2004,8.36
Burkina Faso,2004,2.41
Burundi,2004,1.81
Côte d'Ivoire,2004,1.24
Cabo Verde,2004,7.91
Cambodia,2004,1.68
Cameroon,2004,1.68
Canada,2004,31.26
Central African Republic,2004,2.11
Chad,2004,1.82
Chile,2004,16.06
China,2004,9.81
Colombia,2004,7.41
Congo,2004,1.88
Costa Rica,2004,6.37
Croatia,2004,18.49
Cuba,2004,8.84
Cyprus,2004,29.62
Czech Republic,2004,20.21
Dem. Rep. of the Congo,2004,2.42
Denmark,2004,23.82
Djibouti,2004,2.46
Dominican Republic,2004,4.32
Ecuador,2004,7.95
Egypt,2004,4.15
El Salvador,2004,5.06
Eritrea,2004,2.09
Estonia,2004,20.47
Ethiopia,2004,0.52
Fiji,2004,7.82
Finland,2004,37.33
France,2004,21.67
Gabon,2004,4.15
Gambia,2004,3.09
Georgia,2004,5.3
Germany,2004,20.54
Ghana,2004,2.61
Greece,2004,36.26
Guatemala,2004,3.65
Guinea,2004,2.59
Haiti,2004,1.05
Honduras,2004,3.16
Hungary,2004,15.38
Iceland,2004,44.94
India,2004,3.12
Indonesia,2004,4.45
Iran,2004,12.8
Iraq,2004,1.84
Ireland,2004,26.29
Israel,2004,18.94
Italy,2004,23.09
Jamaica,2004,9.17
Japan,2004,25.93
Jordan,2004,7.9
Kazakhstan,2004,14.64
Kenya,2004,2.56
*Kerala (India),2004,4.7
Korea,2004,24.33
Kuwait,2004,57.29
Kyrgyzstan,2004,7.02
Laos,2004,1.68
Latvia,2004,11.94
Lebanon,2004,12.03
Lesotho,2004,2.4
Liberia,2004,0.73
Libya,2004,2.51
Lithuania,2004,21.47
Macedonia TFYR,2004,10.16
Madagascar,2004,0.6
Malawi,2004,1.0
Malaysia,2004,17.37
Maldives,2004,9.32
Mali,2004,3.51
Malta,2004,25.92
Mauritania,2004,2.87
Mauritius,2004,17.0
Mexico,2004,10.03
Moldova,2004,0.11
Mongolia,2004,4.41
Montenegro,2004,3.75
Morocco,2004,3.26
Mozambique,2004,1.62
Myanmar,2004,1.02
Namibia,2004,10.85
Nepal,2004,1.84
Netherlands,2004,27.61
New Zealand,2004,26.18
Nicaragua,2004,3.38
Niger,2004,2.83
Nigeria,2004,2.16
Norway,2004,32.23
Oman,2004,10.16
Pakistan,2004,2.68
Panama,2004,7.79
Papua New Guinea,2004,1.72
Paraguay,2004,9.71
Peru,2004,7.2
Philippines,2004,4.03
Poland,2004,18.07
Portugal,2004,23.07
Qatar,2004,20.38
Romania,2004,11.27
Russian Federation,2004,7.29
Rwanda,2004,1.95
Samoa,2004,7.11
Sao Tome and Principe,2004,5.41
Saudi Arabia,2004,24.36
Senegal,2004,2.44
Serbia,2004,0.65
Seychelles,2004,21.32
Sierra Leone,2004,2.02
Singapore,2004,62.1
Slovakia,2004,24.17
Slovenia,2004,21.89
South Africa,2004,9.97
Spain,2004,28.5
Sri Lanka,2004,1.66
Suriname,2004,11.62
Eswatini,2004,12.75
Sweden,2004,30.32
Switzerland,2004,27.84
Syria,2004,2.47
Tajikistan,2004,1.29
Tanzania,2004,1.56
Thailand,2004,10.23
Togo,2004,2.01
Trinidad and Tobago,2004,5.29
Tunisia,2004,6.07
Turkey,2004,9.64
Turkmenistan,2004,15.89
United Arab Emirates,2004,55.62
Uganda,2004,2.49
Ukraine,2004,6.23
United Kingdom,2004,25.78
United States of America,2004,38.01
Uruguay,2004,23.44
Uzbekistan,2004,4.6
Vanuatu,2004,6.28
Venezuela,2004,6.72
Viet Nam,2004,5.69
Yemen,2004,0.85
Zambia,2004,3.29
Zimbabwe,2004,1.25
Afghanistan,2005,1.09
Albania,2005,9.4
Algeria,2005,2.17
Angola,2005,2.97
Antigua and Barbuda,2005,24.72
Argentina,2005,11.13
Armenia,2005,4.46
Australia,2005,42.74
Austria,2005,29.48
Azerbaijan,2005,3.58
Bahamas,2005,29.59
Bahrain,2005,18.25
Bangladesh,2005,1.86
Barbados,2005,20.08
Belgium,2005,24.12
Belize,2005,8.69
Benin,2005,3.11
Bhutan,2005,7.76
Bolivia,2005,4.0
Bosnia and Herzegovina,2005,8.27
Botswana,2005,38.1
Brazil,2005,11.15
Brunei Darussalam,2005,14.66
Bulgaria,2005,9.15
Burkina Faso,2005,2.75
Burundi,2005,1.92
Côte d'Ivoire,2005,1.23
Cabo Verde,2005,8.61
Cambodia,2005,1.88
Cameroon,2005,1.77
Canada,2005,32.02
Central African Republic,2005,2.25
Chad,2005,1.81
Chile,2005,16.39
China,2005,10.18
Colombia,2005,7.62
Congo,2005,1.91
Costa Rica,2005,6.32
Croatia,2005,18.07
Cuba,2005,7.67
Cyprus,2005,29.93
Czech Republic,2005,20.84
Dem. Rep. of the Congo,2005,2.51
Denmark,2005,25.03
Djibouti,2005,2.7
Dominican Republic,2005,4.98
Ecuador,2005,7.83
Egypt,2005,4.66
El Salvador,2005,4.97
Eritrea,2005,2.44
Estonia,2005,22.91
Ethiopia,2005,0.57
Fiji,2005,7.81
Finland,2005,37.82
France,2005,21.82
Gabon,2005,4.08
Gambia,2005,2.99
Georgia,2005,5.97
Germany,2005,20.41
Ghana,2005,2.96
Greece,2005,36.28
Guatemala,2005,3.64
Guinea,2005,2.35
Haiti,2005,1.12
Honduras,2005,3.19
Hungary,2005,16.89
Iceland,2005,55.29
India,2005,3.26
Indonesia,2005,4.64
Iran,2005,13.28
Iraq,2005,2.06
Ireland,2005,28.53
Israel,2005,20.67
Italy,2005,23.46
Jamaica,2005,9.72
Japan,2005,26.36
Jordan,2005,7.91
Kazakhstan,2005,15.14
Kenya,2005,2.78
*Kerala (India),2005,5.05
Korea,2005,22.95
Kuwait,2005,58.11
Kyrgyzstan,2005,6.98
Laos,2005,2.46
Latvia,2005,13.5
Lebanon,2005,11.5
Lesotho,2005,3.72
Liberia,2005,0.78
Libya,2005,2.64
Lithuania,2005,23.48
Macedonia TFYR,2005,9.73
Madagascar,2005,0.63
Malawi,2005,1.02
Malaysia,2005,17.7
Maldives,2005,10.98
Mali,2005,3.78
Malta,2005,28.16
Mauritania,2005,2.88
Mauritius,2005,17.18
Mexico,2005,10.19
Moldova,2005,0.69
Mongolia,2005,4.6
Montenegro,2005,4.62
Morocco,2005,3.2
Mozambique,2005,1.62
Myanmar,2005,1.07
Namibia,2005,10.91
Nepal,2005,1.89
Netherlands,2005,27.52
New Zealand,2005,27.39
Nicaragua,2005,3.36
Niger,2005,3.17
Nigeria,2005,2.26
Norway,2005,33.37
Oman,2005,9.53
Pakistan,2005,2.8
Panama,2005,8.04
Papua New Guinea,2005,1.85
Paraguay,2005,9.75
Peru,2005,7.56
Philippines,2005,4.0
Poland,2005,18.73
Portugal,2005,22.62
Qatar,2005,23.29
Romania,2005,11.43
Russian Federation,2005,7.46
Rwanda,2005,2.12
Samoa,2005,8.74
Sao Tome and Principe,2005,6.19
Saudi Arabia,2005,23.32
Senegal,2005,2.59
Serbia,2005,0.7
Seychelles,2005,26.13
Sierra Leone,2005,1.92
Singapore,2005,66.79
Slovakia,2005,26.35
Slovenia,2005,22.34
South Africa,2005,10.36
Spain,2005,30.27
Sri Lanka,2005,1.88
Suriname,2005,13.51
Eswatini,2005,13.62
Sweden,2005,27.79
Switzerland,2005,29.71
Syria,2005,2.61
Tajikistan,2005,1.4
Tanzania,2005,1.49
Thailand,2005,10.58
Togo,2005,2.08
Trinidad and Tobago,2005,5.74
Tunisia,2005,5.99
Turkey,2005,10.45
Turkmenistan,2005,15.36
United Arab Emirates,2005,54.52
Uganda,2005,2.63
Ukraine,2005,6.61
United Kingdom,2005,26.95
United States of America,2005,39.71
Uruguay,2005,30.53
Uzbekistan,2005,4.74
Vanuatu,2005,7.48
Venezuela,2005,7.84
Viet Nam,2005,6.59
Yemen,2005,0.85
Zambia,2005,3.58
Zimbabwe,2005,1.16
Afghanistan,2006,1.01
Albania,2006,9.33
Algeria,2006,2.18
Angola,2006,2.79
Antigua and Barbuda,2006,30.02
Argentina,2006,11.06
Armenia,2006,4.87
Australia,2006,38.53
Austria,2006,30.35
Azerbaijan,2006,3.56
Bahamas,2006,29.18
Bahrain,2006,15.73
Bangladesh,2006,1.8
Barbados,2006,19.93
Belgium,2006,24.44
Belize,2006,8.89
Benin,2006,3.72
Bhutan,2006,7.21
Bolivia,2006,4.04
Bosnia and Herzegovina,2006,8.87
Botswana,2006,36.71
Brazil,2006,11.79
Brunei Darussalam,2006,14.62
Bulgaria,2006,11.01
Burkina Faso,2006,2.84
Burundi,2006,1.89
Côte d'Ivoire,2006,1.1
Cabo Verde,2006,9.12
Cambodia,2006,2.1
Cameroon,2006,1.65
Canada,2006,33.07
Central African Republic,2006,2.2
Chad,2006,1.72
Chile,2006,15.21
China,2006,10.96
Colombia,2006,8.23
Congo,2006,1.94
Costa Rica,2006,7.13
Croatia,2006,18.13
Cuba,2006,7.83
Cyprus,2006,29.73
Czech Republic,2006,21.25
Dem. Rep. of the Congo,2006,2.35
Denmark,2006,26.21
Djibouti,2006,2.65
Dominican Republic,2006,5.09
Ecuador,2006,8.13
Egypt,2006,4.98
El Salvador,2006,5.26
Eritrea,2006,2.12
Estonia,2006,24.96
Ethiopia,2006,0.61
Fiji,2006,8.27
Finland,2006,38.69
France,2006,22.09
Gabon,2006,4.15
Gambia,2006,2.73
Georgia,2006,6.45
Germany,2006,20.7
Ghana,2006,3.14
Greece,2006,35.97
Guatemala,2006,3.76
Guinea,2006,2.22
Haiti,2006,1.11
Honduras,2006,3.48
Hungary,2006,15.11
Iceland,2006,59.01
India,2006,3.46
Indonesia,2006,4.74
Iran,2006,14.01
Iraq,2006,1.93
Ireland,2006,29.09
Israel,2006,21.33
Italy,2006,24.43
Jamaica,2006,10.35
Japan,2006,27.01
Jordan,2006,7.78
Kazakhstan,2006,16.94
Kenya,2006,2.8
*Kerala (India),2006,5.28
Korea,2006,23.02
Kuwait,2006,55.58
Kyrgyzstan,2006,7.18
Laos,2006,3.23
Latvia,2006,15.91
Lebanon,2006,13.07
Lesotho,2006,7.32
Liberia,2006,1.02
Libya,2006,3.2
Lithuania,2006,25.65
Macedonia TFYR,2006,10.62
Madagascar,2006,0.68
Malawi,2006,1.13
Malaysia,2006,18.68
Maldives,2006,13.92
Mali,2006,3.8
Malta,2006,30.19
Mauritania,2006,2.34
Mauritius,2006,17.53
Mexico,2006,10.23
Moldova,2006,0.34
Mongolia,2006,4.92
Montenegro,2006,15.79
Morocco,2006,3.08
Mozambique,2006,1.66
Myanmar,2006,1.07
Namibia,2006,10.47
Nepal,2006,2.09
Netherlands,2006,28.67
New Zealand,2006,25.3
Nicaragua,2006,3.24
Niger,2006,3.28
Nigeria,2006,2.39
Norway,2006,33.73
Oman,2006,9.79
Pakistan,2006,2.94
Panama,2006,7.85
Papua New Guinea,2006,1.86
Paraguay,2006,10.51
Peru,2006,7.42
Philippines,2006,3.97
Poland,2006,18.89
Portugal,2006,22.3
Qatar,2006,24.68
Romania,2006,12.98
Russian Federation,2006,7.79
Rwanda,2006,2.16
Samoa,2006,7.84
Sao Tome and Principe,2006,6.56
Saudi Arabia,2006,23.3
Senegal,2006,2.4
Serbia,2006,10.88
Seychelles,2006,25.16
Sierra Leone,2006,2.21
Singapore,2006,73.58
Slovakia,2006,29.23
Slovenia,2006,24.33
South Africa,2006,10.08
Spain,2006,31.31
Sri Lanka,2006,2.21
Suriname,2006,12.67
Eswatini,2006,12.76
Sweden,2006,32.55
Switzerland,2006,31.06
Syria,2006,2.62
Tajikistan,2006,1.65
Tanzania,2006,1.46
Thailand,2006,11.54
Togo,2006,2.25
Trinidad and Tobago,2006,5.59
Tunisia,2006,5.78
Turkey,2006,11.94
Turkmenistan,2006,13.33
United Arab Emirates,2006,51.21
Uganda,2006,2.7
Ukraine,2006,7.25
United Kingdom,2006,27.33
United States of America,2006,39.82
Uruguay,2006,31.01
Uzbekistan,2006,5.08
Vanuatu,2006,7.11
Venezuela,2006,7.52
Viet Nam,2006,7.14
Yemen,2006,0.92
Zambia,2006,3.72
Zimbabwe,2006,1.16
Afghanistan,2007,1.12
Albania,2007,9.05
Algeria,2007,2.25
Angola,2007,3.33
Antigua and Barbuda,2007,26.77
Argentina,2007,12.21
Armenia,2007,5.88
Australia,2007,45.94
Austria,2007,31.47
Azerbaijan,2007,3.88
Bahamas,2007,24.69
Bahrain,2007,14.94
Bangladesh,2007,1.82
Barbados,2007,14.2
Belgium,2007,25.23
Belize,2007,9.41
Benin,2007,3.83
Bhutan,2007,7.97
Bolivia,2007,4.16
Bosnia and Herzegovina,2007,9.2
Botswana,2007,36.09
Brazil,2007,12.89
Brunei Darussalam,2007,18.16
Bulgaria,2007,11.82
Burkina Faso,2007,2.76
Burundi,2007,1.8
Côte d'Ivoire,2007,1.13
Cabo Verde,2007,9.64
Cambodia,2007,2.25
Cameroon,2007,1.66
Canada,2007,33.23
Central African Republic,2007,2.34
Chad,2007,1.75
Chile,2007,14.48
China,2007,11.76
Colombia,2007,8.78
Congo,2007,2.21
Costa Rica,2007,7.31
Croatia,2007,18.05
Cuba,2007,8.45
Cyprus,2007,31.42
Czech Republic,2007,22.42
Dem. Rep. of the Congo,2007,2.25
Denmark,2007,28.18
Djibouti,2007,2.71
Dominican Republic,2007,5.14
Ecuador,2007,8.53
Egypt,2007,5.22
El Salvador,2007,5.5
Eritrea,2007,2.28
Estonia,2007,29.94
Ethiopia,2007,0.65
Fiji,2007,7.61
Finland,2007,39.93
France,2007,22.8
Gabon,2007,4.28
Gambia,2007,2.47
Georgia,2007,7.33
Germany,2007,21.42
Ghana,2007,3.16
Greece,2007,37.33
Guatemala,2007,3.99
Guinea,2007,2.55
Haiti,2007,1.19
Honduras,2007,3.71
Hungary,2007,14.94
Iceland,2007,56.43
India,2007,3.86
Indonesia,2007,4.9
Iran,2007,14.48
Iraq,2007,1.97
Ireland,2007,28.16
Israel,2007,22.4
Italy,2007,25.04
Jamaica,2007,9.95
Japan,2007,25.46
Jordan,2007,7.66
Kazakhstan,2007,19.08
Kenya,2007,2.79
*Kerala (India),2007,5.64
Korea,2007,25.14
Kuwait,2007,59.21
Kyrgyzstan,2007,7.79
Laos,2007,3.41
Latvia,2007,19.26
Lebanon,2007,11.99
Lesotho,2007,12.02
Liberia,2007,1.05
Libya,2007,3.19
Lithuania,2007,30.2
Macedonia TFYR,2007,11.6
Madagascar,2007,0.8
Malawi,2007,1.1
Malaysia,2007,20.45
Maldives,2007,15.25
Mali,2007,3.88
Malta,2007,30.58
Mauritania,2007,2.59
Mauritius,2007,16.6
Mexico,2007,10.21
Moldova,2007,0.29
Mongolia,2007,6.32
Montenegro,2007,19.21
Morocco,2007,2.92
Mozambique,2007,1.51
Myanmar,2007,1.18
Namibia,2007,9.92
Nepal,2007,2.15
Netherlands,2007,29.77
New Zealand,2007,26.38
Nicaragua,2007,3.36
Niger,2007,3.28
Nigeria,2007,2.42
Norway,2007,37.04
Oman,2007,10.69
Pakistan,2007,3.04
Panama,2007,7.82
Papua New Guinea,2007,2.29
Paraguay,2007,11.11
Peru,2007,7.77
Philippines,2007,4.12
Poland,2007,21.62
Portugal,2007,21.36
Qatar,2007,23.2
Romania,2007,14.05
Russian Federation,2007,8.18
Rwanda,2007,2.16
Samoa,2007,8.38
Sao Tome and Principe,2007,6.64
Saudi Arabia,2007,22.2
Senegal,2007,2.65
Serbia,2007,11.61
Seychelles,2007,27.32
Sierra Leone,2007,2.15
Singapore,2007,76.91
Slovakia,2007,31.58
Slovenia,2007,26.95
South Africa,2007,9.91
Spain,2007,31.74
Sri Lanka,2007,2.4
Suriname,2007,13.49
Eswatini,2007,12.58
Sweden,2007,33.56
Switzerland,2007,32.1
Syria,2007,2.82
Tajikistan,2007,2.13
Tanzania,2007,1.43
Thailand,2007,11.5
Togo,2007,1.96
Trinidad and Tobago,2007,5.92
Tunisia,2007,5.95
Turkey,2007,13.46
Turkmenistan,2007,16.82
United Arab Emirates,2007,53.6
Uganda,2007,2.85
Ukraine,2007,7.84
United Kingdom,2007,27.27
United States of America,2007,38.08
Uruguay,2007,30.82
Uzbekistan,2007,4.99
Vanuatu,2007,7.75
Venezuela,2007,9.97
Viet Nam,2007,7.54
Yemen,2007,0.98
Zambia,2007,3.23
Zimbabwe,2007,1.05
Afghanistan,2008,0.99
Albania,2008,9.46
Algeria,2008,2.36
Angola,2008,3.6
Antigua and Barbuda,2008,19.93
Argentina,2008,12.15
Armenia,2008,6.69
Australia,2008,37.92
Austria,2008,32.26
Azerbaijan,2008,3.89
Bahamas,2008,21.77
Bahrain,2008,15.24
Bangladesh,2008,1.87
Barbados,2008,16.98
Belgium,2008,25.75
Belize,2008,9.9
Benin,2008,3.97
Bhutan,2008,7.87
Bolivia,2008,4.33
Bosnia and Herzegovina,2008,9.74
Botswana,2008,35.57
Brazil,2008,13.96
Brunei Darussalam,2008,16.93
Bulgaria,2008,13.07
Burkina Faso,2008,3.16
Burundi,2008,1.67
Côte d'Ivoire,2008,1.06
Cabo Verde,2008,9.43
Cambodia,2008,2.53
Cameroon,2008,1.64
Canada,2008,32.36
Central African Republic,2008,2.45
Chad,2008,1.75
Chile,2008,14.62
China,2008,12.71
Colombia,2008,8.81
Congo,2008,2.29
Costa Rica,2008,7.11
Croatia,2008,18.54
Cuba,2008,8.82
Cyprus,2008,32.49
Czech Republic,2008,23.49
Dem. Rep. of the Congo,2008,2.17
Denmark,2008,27.87
Djibouti,2008,2.31
Dominican Republic,2008,5.33
Ecuador,2008,9.27
Egypt,2008,5.57
El Salvador,2008,5.36
Eritrea,2008,1.63
Estonia,2008,27.14
Ethiopia,2008,0.68
Fiji,2008,6.77
Finland,2008,39.16
France,2008,22.82
Gabon,2008,3.88
Gambia,2008,2.55
Georgia,2008,7.51
Germany,2008,21.63
Ghana,2008,3.14
Greece,2008,37.6
Guatemala,2008,3.77
Guinea,2008,2.64
Haiti,2008,1.12
Honduras,2008,3.72
Hungary,2008,16.08
Iceland,2008,42.93
India,2008,3.85
Indonesia,2008,5.05
Iran,2008,13.54
Iraq,2008,2.02
Ireland,2008,27.61
Israel,2008,21.81
Italy,2008,24.36
Jamaica,2008,10.16
Japan,2008,25.95
Jordan,2008,7.31
Kazakhstan,2008,17.01
Kenya,2008,2.75
*Kerala (India),2008,5.97
Korea,2008,25.13
Kuwait,2008,57.5
Kyrgyzstan,2008,8.62
Laos,2008,3.9
Latvia,2008,18.46
Lebanon,2008,12.85
Lesotho,2008,7.61
Liberia,2008,0.91
Libya,2008,3.34
Lithuania,2008,31.41
Macedonia TFYR,2008,12.58
Madagascar,2008,0.94
Malawi,2008,1.18
Malaysia,2008,20.59
Maldives,2008,16.3
Mali,2008,4.02
Malta,2008,30.77
Mauritania,2008,2.34
Mauritius,2008,18.67
Mexico,2008,9.86
Moldova,2008,0.66
Mongolia,2008,8.15
Montenegro,2008,22.08
Morocco,2008,3.05
Mozambique,2008,1.63
Myanmar,2008,1.34
Namibia,2008,8.77
Nepal,2008,2.11
Netherlands,2008,29.75
New Zealand,2008,24.65
Nicaragua,2008,3.32
Niger,2008,3.66
Nigeria,2008,2.33
Norway,2008,36.77
Oman,2008,10.81
Pakistan,2008,2.89
Panama,2008,8.75
Papua New Guinea,2008,2.12
Paraguay,2008,11.48
Peru,2008,8.69
Philippines,2008,4.19
Poland,2008,22.05
Portugal,2008,21.12
Qatar,2008,19.73
Romania,2008,16.2
Russian Federation,2008,8.52
Rwanda,2008,2.44
Samoa,2008,6.79
Sao Tome and Principe,2008,5.66
Saudi Arabia,2008,21.39
Senegal,2008,2.81
Serbia,2008,12.54
Seychelles,2008,20.78
Sierra Leone,2008,2.09
Singapore,2008,78.19
Slovakia,2008,32.48
Slovenia,2008,28.06
South Africa,2008,9.28
Spain,2008,29.25
Sri Lanka,2008,2.67
Suriname,2008,13.8
Eswatini,2008,11.29
Sweden,2008,31.0
Switzerland,2008,31.02
Syria,2008,2.76
Tajikistan,2008,1.93
Tanzania,2008,1.42
Thailand,2008,11.74
Togo,2008,2.26
Trinidad and Tobago,2008,5.27
Tunisia,2008,6.08
Turkey,2008,13.31
Turkmenistan,2008,15.51
United Arab Emirates,2008,47.99
Uganda,2008,2.84
Ukraine,2008,8.19
United Kingdom,2008,25.33
United States of America,2008,35.25
Uruguay,2008,33.02
Uzbekistan,2008,5.0
Vanuatu,2008,7.1
Venezuela,2008,8.92
Viet Nam,2008,8.86
Yemen,2008,0.95
Zambia,2008,3.44
Zimbabwe,2008,0.84
Afghanistan,2009,1.21
Albania,2009,10.9
Algeria,2009,2.82
Angola,2009,4.25
Antigua and Barbuda,2009,13.86
Argentina,2009,11.46
Armenia,2009,6.66
Australia,2009,43.29
Austria,2009,30.56
Azerbaijan,2009,4.88
Bahamas,2009,21.05
Bahrain,2009,15.85
Bangladesh,2009,1.95
Barbados,2009,15.73
Belgium,2009,24.02
Belize,2009,8.16
Benin,2009,4.13
Bhutan,2009,8.23
Bolivia,2009,4.85
Bosnia and Herzegovina,2009,9.12
Botswana,2009,33.83
Brazil,2009,14.47
Brunei Darussalam,2009,19.24
Bulgaria,2009,11.6
Burkina Faso,2009,3.12
Burundi,2009,1.82
Côte d'Ivoire,2009,1.05
Cabo Verde,2009,8.61
Cambodia,2009,3.08
Cameroon,2009,1.94
Canada,2009,32.08
Central African Republic,2009,2.63
Chad,2009,1.94
Chile,2009,14.75
China,2009,14.88
Colombia,2009,8.96
Congo,2009,2.32
Costa Rica,2009,6.86
Croatia,2009,16.46
Cuba,2009,8.54
Cyprus,2009,26.79
Czech Republic,2009,22.49
Dem. Rep. of the Congo,2009,2.22
Denmark,2009,25.44
Djibouti,2009,2.36
Dominican Republic,2009,4.84
Ecuador,2009,10.0
Egypt,2009,5.66
El Salvador,2009,5.35
Eritrea,2009,1.79
Estonia,2009,23.97
Ethiopia,2009,0.74
Fiji,2009,6.02
Finland,2009,36.35
France,2009,22.0
Gabon,2009,3.72
Gambia,2009,2.78
Georgia,2009,7.57
Germany,2009,20.93
Ghana,2009,2.91
Greece,2009,34.27
Guatemala,2009,3.58
Guinea,2009,2.52
Haiti,2009,1.22
Honduras,2009,3.88
Hungary,2009,14.52
Iceland,2009,31.07
India,2009,4.0
Indonesia,2009,5.1
Iran,2009,14.43
Iraq,2009,2.49
Ireland,2009,22.52
Israel,2009,21.24
Italy,2009,22.9
Jamaica,2009,7.15
Japan,2009,23.36
Jordan,2009,7.14
Kazakhstan,2009,17.85
Kenya,2009,2.85
*Kerala (India),2009,6.41
Korea,2009,23.17
Kuwait,2009,51.33
Kyrgyzstan,2009,7.64
Laos,2009,5.12
Latvia,2009,14.85
Lebanon,2009,14.75
Lesotho,2009,4.89
Liberia,2009,1.02
Libya,2009,2.98
Lithuania,2009,25.84
Macedonia TFYR,2009,11.93
Madagascar,2009,0.97
Malawi,2009,1.42
Malaysia,2009,19.99
Maldives,2009,14.38
Mali,2009,4.5
Malta,2009,25.6
Mauritania,2009,2.39
Mauritius,2009,17.11
Mexico,2009,9.22
Moldova,2009,0.73
Mongolia,2009,8.74
Montenegro,2009,17.16
Morocco,2009,3.51
Mozambique,2009,1.71
Myanmar,2009,1.58
Namibia,2009,8.91
Nepal,2009,2.26
Netherlands,2009,28.86
New Zealand,2009,21.15
Nicaragua,2009,3.34
Niger,2009,3.16
Nigeria,2009,2.08
Norway,2009,33.07
Oman,2009,10.64
Pakistan,2009,2.89
Panama,2009,8.19
Papua New Guinea,2009,2.53
Paraguay,2009,10.1
Peru,2009,8.48
Philippines,2009,4.09
Poland,2009,20.42
Portugal,2009,18.83
Qatar,2009,16.99
Romania,2009,13.55
Russian Federation,2009,7.84
Rwanda,2009,2.66
Samoa,2009,7.01
Sao Tome and Principe,2009,5.54
Saudi Arabia,2009,22.25
Senegal,2009,2.69
Serbia,2009,12.42
Seychelles,2009,20.27
Sierra Leone,2009,2.38
Singapore,2009,65.12
Slovakia,2009,29.01
Slovenia,2009,23.73
South Africa,2009,8.56
Spain,2009,24.93
Sri Lanka,2009,2.53
Suriname,2009,13.15
Eswatini,2009,12.02
Sweden,2009,23.89
Switzerland,2009,28.17
Syria,2009,2.69
Tajikistan,2009,1.82
Tanzania,2009,1.37
Thailand,2009,10.78
Togo,2009,2.17
Trinidad and Tobago,2009,4.57
Tunisia,2009,5.71
Turkey,2009,12.06
Turkmenistan,2009,19.36
United Arab Emirates,2009,39.03
Uganda,2009,2.97
Ukraine,2009,7.54
United Kingdom,2009,21.46
United States of America,2009,29.85
Uruguay,2009,31.93
Uzbekistan,2009,5.42
Vanuatu,2009,7.14
Venezuela,2009,8.9
Viet Nam,2009,9.62
Yemen,2009,0.96
Zambia,2009,3.69
Zimbabwe,2009,0.87
Afghanistan,2010,1.33
Albania,2010,8.93
Algeria,2010,2.73
Angola,2010,3.68
Antigua and Barbuda,2010,13.52
Argentina,2010,12.74
Armenia,2010,6.44
Australia,2010,41.03
Austria,2010,30.23
Azerbaijan,2010,4.74
Bahamas,2010,22.62
Bahrain,2010,14.54
Bangladesh,2010,2.07
Barbados,2010,10.69
Belgium,2010,22.96
Belize,2010,7.5
Benin,2010,3.99
Bhutan,2010,9.63
Bolivia,2010,4.35
Bosnia and Herzegovina,2010,8.33
Botswana,2010,35.95
Brazil,2010,15.84
Brunei Darussalam,2010,18.53
Bulgaria,2010,10.76
Burkina Faso,2010,3.41
Burundi,2010,1.83
Côte d'Ivoire,2010,1.02
Cabo Verde,2010,8.55
Cambodia,2010,4.58
Cameroon,2010,1.88
Canada,2010,33.35
Central African Republic,2010,2.55
Chad,2010,1.88
Chile,2010,15.8
China,2010,16.32
Colombia,2010,9.06
Congo,2010,2.26
Costa Rica,2010,7.03
Croatia,2010,14.43
Cuba,2010,8.15
Cyprus,2010,27.34
Czech Republic,2010,22.04
Dem. Rep. of the Congo,2010,2.17
Denmark,2010,24.14
Djibouti,2010,2.22
Dominican Republic,2010,5.39
Ecuador,2010,9.83
Egypt,2010,5.21
El Salvador,2010,5.36
Eritrea,2010,1.77
Estonia,2010,24.13
Ethiopia,2010,0.65
Fiji,2010,5.96
Finland,2010,34.82
France,2010,20.95
Gabon,2010,3.48
Gambia,2010,2.67
Georgia,2010,7.43
Germany,2010,20.57
Ghana,2010,3.18
Greece,2010,30.39
Guatemala,2010,3.51
Guinea,2010,2.36
Haiti,2010,1.34
Honduras,2010,3.73
Hungary,2010,13.26
Iceland,2010,31.27
India,2010,4.17
Indonesia,2010,5.63
Iran,2010,14.04
Iraq,2010,2.52
Ireland,2010,21.56
Israel,2010,22.08
Italy,2010,22.32
Jamaica,2010,7.28
Japan,2010,23.85
Jordan,2010,7.54
Kazakhstan,2010,16.73
Kenya,2010,2.83
*Kerala (India),2010,6.34
Korea,2010,24.65
Kuwait,2010,48.24
Kyrgyzstan,2010,7.71
Laos,2010,5.23
Latvia,2010,15.13
Lebanon,2010,15.94
Lesotho,2010,6.14
Liberia,2010,0.95
Libya,2010,3.31
Lithuania,2010,26.4
Macedonia TFYR,2010,11.55
Madagascar,2010,0.89
Malawi,2010,1.34
Malaysia,2010,21.08
Maldives,2010,14.18
Mali,2010,4.43
Malta,2010,25.73
Mauritania,2010,2.29
Mauritius,2010,18.11
Mexico,2010,9.49
Moldova,2010,0.98
Mongolia,2010,9.86
Montenegro,2010,22.17
Morocco,2010,3.27
Mozambique,2010,1.83
Myanmar,2010,1.52
Namibia,2010,9.23
Nepal,2010,2.45
Netherlands,2010,28.1
New Zealand,2010,21.97
Nicaragua,2010,3.43
Niger,2010,3.5
Nigeria,2010,2.92
Norway,2010,34.35
Oman,2010,10.86
Pakistan,2010,2.75
Panama,2010,7.9
Papua New Guinea,2010,2.65
Paraguay,2010,12.66
Peru,2010,8.59
Philippines,2010,4.24
Poland,2010,21.9
Portugal,2010,19.59
Qatar,2010,15.14
Romania,2010,14.18
Russian Federation,2010,7.72
Rwanda,2010,2.9
Samoa,2010,7.19
Sao Tome and Principe,2010,5.8
Saudi Arabia,2010,21.45
Senegal,2010,2.66
Serbia,2010,15.3
Seychelles,2010,19.94
Sierra Leone,2010,2.64
Singapore,2010,73.63
Slovakia,2010,31.31
Slovenia,2010,23.82
South Africa,2010,9.15
Spain,2010,24.85
Sri Lanka,2010,2.82
Suriname,2010,12.96
Eswatini,2010,12.15
Sweden,2010,30.04
Switzerland,2010,29.04
Syria,2010,2.98
Tajikistan,2010,2.19
Tanzania,2010,1.44
Thailand,2010,12.05
Togo,2010,2.11
Trinidad and Tobago,2010,4.1
Tunisia,2010,6.23
Turkey,2010,13.99
Turkmenistan,2010,17.81
United Arab Emirates,2010,38.46
Uganda,2010,3.07
Ukraine,2010,7.63
United Kingdom,2010,22.29
United States of America,2010,31.72
Uruguay,2010,32.91
Uzbekistan,2010,5.43
Vanuatu,2010,7.91
Venezuela,2010,7.83
Viet Nam,2010,10.64
Yemen,2010,1.08
Zambia,2010,3.63
Zimbabwe,2010,1.19
Afghanistan,2011,1.27
Albania,2011,9.35
Algeria,2011,2.81
Angola,2011,3.63
Antigua and Barbuda,2011,14.39
Argentina,2011,13.37
Armenia,2011,6.5
Australia,2011,41.31
Austria,2011,31.33
Azerbaijan,2011,5.04
Bahamas,2011,20.43
Bahrain,2011,13.69
Bangladesh,2011,2.12
Barbados,2011,11.56
Belgium,2011,22.24
Belize,2011,7.77
Benin,2011,4.13
Bhutan,2011,10.34
Bolivia,2011,4.42
Bosnia and Herzegovina,2011,8.7
Botswana,2011,33.48
Brazil,2011,16.19
Brunei Darussalam,2011,20.46
Bulgaria,2011,11.54
Burkina Faso,2011,3.42
Burundi,2011,1.78
Côte d'Ivoire,2011,0.93
Cabo Verde,2011,8.43
Cambodia,2011,3.17
Cameroon,2011,1.83
Canada,2011,33.73
Central African Republic,2011,2.66
Chad,2011,1.61
Chile,2011,16.21
China,2011,17.63
Colombia,2011,9.88
Congo,2011,2.24
Costa Rica,2011,7.42
Croatia,2011,14.55
Cuba,2011,8.77
Cyprus,2011,26.0
Czech Republic,2011,22.33
Dem. Rep. of the Congo,2011,2.11
Denmark,2011,24.3
Djibouti,2011,2.22
Dominican Republic,2011,5.91
Ecuador,2011,9.97
Egypt,2011,4.94
El Salvador,2011,5.48
Eritrea,2011,2.39
Estonia,2011,25.02
Ethiopia,2011,0.64
Fiji,2011,6.1
Finland,2011,35.39
France,2011,20.53
Gabon,2011,4.67
Gambia,2011,2.3
Georgia,2011,8.24
Germany,2011,21.09
Ghana,2011,3.29
Greece,2011,28.28
Guatemala,2011,3.63
Guinea,2011,2.24
Haiti,2011,1.28
Honduras,2011,3.66
Hungary,2011,13.19
Iceland,2011,33.23
India,2011,4.43
Indonesia,2011,5.88
Iran,2011,14.67
Iraq,2011,2.5
Ireland,2011,20.8
Israel,2011,23.15
Italy,2011,20.52
Jamaica,2011,8.22
Japan,2011,25.57
Jordan,2011,7.61
Kazakhstan,2011,18.11
Kenya,2011,2.75
*Kerala (India),2011,7.92
Korea,2011,25.24
Kuwait,2011,48.52
Kyrgyzstan,2011,8.34
Laos,2011,5.28
Latvia,2011,17.32
Lebanon,2011,15.94
Lesotho,2011,8.5
Liberia,2011,0.93
Libya,2011,3.02
Lithuania,2011,29.39
Macedonia TFYR,2011,13.24
Madagascar,2011,0.84
Malawi,2011,1.26
Malaysia,2011,21.73
Maldives,2011,13.77
Mali,2011,4.29
Malta,2011,25.66
Mauritania,2011,2.31
Mauritius,2011,19.24
Mexico,2011,9.54
Moldova,2011,1.32
Mongolia,2011,11.72
Montenegro,2011,24.43
Morocco,2011,3.6
Mozambique,2011,2.08
Myanmar,2011,1.49
Namibia,2011,8.71
Nepal,2011,2.43
Netherlands,2011,27.41
New Zealand,2011,21.95
Nicaragua,2011,3.84
Niger,2011,2.98
Nigeria,2011,2.05
Norway,2011,35.09
Oman,2011,12.23
Pakistan,2011,2.94
Panama,2011,7.48
Papua New Guinea,2011,2.95
Paraguay,2011,13.5
Peru,2011,9.02
Philippines,2011,4.34
Poland,2011,23.98
Portugal,2011,18.17
Qatar,2011,16.49
Romania,2011,15.25
Russian Federation,2011,9.19
Rwanda,2011,3.13
Samoa,2011,7.35
Sao Tome and Principe,2011,5.69
Saudi Arabia,2011,21.36
Senegal,2011,2.37
Serbia,2011,18.29
Seychelles,2011,20.4
Sierra Leone,2011,2.95
Singapore,2011,76.6
Slovakia,2011,32.91
Slovenia,2011,23.79
South Africa,2011,8.87
Spain,2011,23.3
Sri Lanka,2011,3.69
Suriname,2011,14.16
Eswatini,2011,11.68
Sweden,2011,31.36
Switzerland,2011,30.28
Syria,2011,3.7
Tajikistan,2011,2.95
Tanzania,2011,1.44
Thailand,2011,13.23
Togo,2011,2.39
Trinidad and Tobago,2011,4.55
Tunisia,2011,6.04
Turkey,2011,15.47
Turkmenistan,2011,18.29
United Arab Emirates,2011,41.91
Uganda,2011,2.97
Ukraine,2011,9.92
United Kingdom,2011,22.09
United States of America,2011,32.09
Uruguay,2011,33.09
Uzbekistan,2011,5.6
Vanuatu,2011,7.39
Venezuela,2011,7.49
Viet Nam,2011,10.8
Yemen,2011,1.19
Zambia,2011,3.47
Zimbabwe,2011,4.09
Afghanistan,2012,1.31
Albania,2012,9.55
Algeria,2012,2.95
Angola,2012,3.19
Antigua and Barbuda,2012,13.27
Argentina,2012,12.9
Armenia,2012,6.85
Australia,2012,41.81
Austria,2012,31.17
Azerbaijan,2012,5.08
Bahamas,2012,20.49
Bahrain,2012,13.68
Bangladesh,2012,2.17
Barbados,2012,11.44
Belgium,2012,22.49
Belize,2012,7.83
Benin,2012,4.17
Bhutan,2012,10.32
Bolivia,2012,4.83
Bosnia and Herzegovina,2012,8.5
Botswana,2012,33.93
Brazil,2012,15.87
Brunei Darussalam,2012,20.32
Bulgaria,2012,11.16
Burkina Faso,2012,3.62
Burundi,2012,1.5
Côte d'Ivoire,2012,0.95
Cabo Verde,2012,8.34
Cambodia,2012,3.24
Cameroon,2012,1.86
Canada,2012,34.59
Central African Republic,2012,2.7
Chad,2012,1.76
Chile,2012,16.17
China,2012,18.23
Colombia,2012,10.34
Congo,2012,2.23
Costa Rica,2012,7.55
Croatia,2012,14.08
Cuba,2012,8.51
Cyprus,2012,26.58
Czech Republic,2012,22.51
Dem. Rep. of the Congo,2012,2.19
Denmark,2012,24.21
Djibouti,2012,2.2
Dominican Republic,2012,6.28
Ecuador,2012,10.04
Egypt,2012,5.1
El Salvador,2012,5.88
Eritrea,2012,
Estonia,2012,25.45
Ethiopia,2012,0.61
Fiji,2012,5.91
Finland,2012,35.07
France,2012,20.59
Gabon,2012,4.42
Gambia,2012,2.28
Georgia,2012,8.53
Germany,2012,21.57
Ghana,2012,3.23
Greece,2012,28.08
Guatemala,2012,3.69
Guinea,2012,2.37
Haiti,2012,1.25
Honduras,2012,3.78
Hungary,2012,12.57
Iceland,2012,33.69
India,2012,4.41
Indonesia,2012,6.17
Iran,2012,14.1
Iraq,2012,2.6
Ireland,2012,20.67
Israel,2012,22.96
Italy,2012,20.72
Jamaica,2012,8.04
Japan,2012,26.62
Jordan,2012,7.21
Kazakhstan,2012,16.67
Kenya,2012,2.96
*Kerala (India),2012,8.1
Korea,2012,26.28
Kuwait,2012,49.11
Kyrgyzstan,2012,8.34
Laos,2012,5.56
Latvia,2012,18.53
Lebanon,2012,15.42
Lesotho,2012,12.97
Liberia,2012,1.26
Libya,2012,4.08
Lithuania,2012,30.66
Macedonia TFYR,2012,12.88
Madagascar,2012,0.85
Malawi,2012,1.31
Malaysia,2012,22.67
Maldives,2012,12.39
Mali,2012,4.49
Malta,2012,25.18
Mauritania,2012,2.28
Mauritius,2012,19.24
Mexico,2012,9.58
Moldova,2012,0.86
Mongolia,2012,11.98
Montenegro,2012,23.15
Morocco,2012,3.48
Mozambique,2012,1.93
Myanmar,2012,1.35
Namibia,2012,9.21
Nepal,2012,2.57
Netherlands,2012,26.27
New Zealand,2012,22.67
Nicaragua,2012,4.09
Niger,2012,3.47
Nigeria,2012,2.57
Norway,2012,36.31
Oman,2012,10.95
Pakistan,2012,2.92
Panama,2012,7.85
Papua New Guinea,2012,3.16
Paraguay,2012,11.72
Peru,2012,9.15
Philippines,2012,4.3
Poland,2012,22.79
Portugal,2012,17.91
Qatar,2012,14.34
Romania,2012,13.99
Russian Federation,2012,8.56
Rwanda,2012,3.1
Samoa,2012,7.13
Sao Tome and Principe,2012,5.23
Saudi Arabia,2012,11.7
Senegal,2012,2.47
Serbia,2012,16.47
Seychelles,2012,20.38
Sierra Leone,2012,3.47
Singapore,2012,75.11
Slovakia,2012,33.52
Slovenia,2012,22.68
South Africa,2012,8.82
Spain,2012,22.73
Sri Lanka,2012,3.74
Suriname,2012,13.73
Eswatini,2012,12.66
Sweden,2012,31.36
Switzerland,2012,30.81
Syria,2012,3.32
Tajikistan,2012,3.14
Tanzania,2012,1.36
Thailand,2012,13.68
Togo,2012,2.53
Trinidad and Tobago,2012,5.11
Tunisia,2012,6.23
Turkey,2012,15.5
Turkmenistan,2012,18.25
United Arab Emirates,2012,41.71
Uganda,2012,2.85
Ukraine,2012,9.69
United Kingdom,2012,22.36
United States of America,2012,32.02
Uruguay,2012,33.08
Uzbekistan,2012,5.58
Vanuatu,2012,6.91
Venezuela,2012,7.67
Viet Nam,2012,10.5
Yemen,2012,1.15
Zambia,2012,3.48
Zimbabwe,2012,3.74
Afghanistan,2013,1.23
Albania,2013,9.76
Algeria,2013,3.09
Angola,2013,3.87
Antigua and Barbuda,2013,13.38
Argentina,2013,14.01
Armenia,2013,7.19
Australia,2013,41.42
Austria,2013,31.28
Azerbaijan,2013,5.85
Bahamas,2013,21.13
Bahrain,2013,14.49
Bangladesh,2013,2.28
Barbados,2013,11.06
Belgium,2013,22.85
Belize,2013,7.95
Benin,2013,4.31
Bhutan,2013,10.63
Bolivia,2013,5.19
Bosnia and Herzegovina,2013,8.96
Botswana,2013,36.31
Brazil,2013,16.37
Brunei Darussalam,2013,20.08
Bulgaria,2013,11.02
Burkina Faso,2013,3.78
Burundi,2013,1.8
Côte d'Ivoire,2013,0.97
Cabo Verde,2013,8.24
Cambodia,2013,3.25
Cameroon,2013,1.88
Canada,2013,35.22
Central African Republic,2013,2.51
Chad,2013,1.64
Chile,2013,17.1
China,2013,19.24
Colombia,2013,10.28
Congo,2013,2.32
Costa Rica,2013,7.76
Croatia,2013,14.63
Cuba,2013,8.82
Cyprus,2013,25.86
Czech Republic,2013,21.92
Dem. Rep. of the Congo,2013,2.16
Denmark,2013,24.14
Djibouti,2013,2.31
Dominican Republic,2013,6.41
Ecuador,2013,10.53
Egypt,2013,4.88
El Salvador,2013,6.02
Eritrea,2013,
Estonia,2013,28.05
Ethiopia,2013,0.63
Fiji,2013,7.31
Finland,2013,35.61
France,2013,20.7
Gabon,2013,4.65
Gambia,2013,2.25
Georgia,2013,8.88
Germany,2013,21.86
Ghana,2013,3.47
Greece,2013,26.45
Guatemala,2013,3.87
Guinea,2013,2.5
Haiti,2013,1.33
Honduras,2013,3.86
Hungary,2013,13.16
Iceland,2013,33.81
India,2013,4.32
Indonesia,2013,6.33
Iran,2013,13.45
Iraq,2013,2.88
Ireland,2013,20.85
Israel,2013,23.19
Italy,2013,20.11
Jamaica,2013,7.9
Japan,2013,25.32
Jordan,2013,6.95
Kazakhstan,2013,18.34
Kenya,2013,3.05
*Kerala (India),2013,8.04
Korea,2013,26.75
Kuwait,2013,49.89
Kyrgyzstan,2013,8.68
Laos,2013,6.04
Latvia,2013,18.96
Lebanon,2013,14.64
Lesotho,2013,11.7
Liberia,2013,1.76
Libya,2013,3.67
Lithuania,2013,32.4
Macedonia TFYR,2013,13.03
Madagascar,2013,0.83
Malawi,2013,1.26
Malaysia,2013,23.9
Maldives,2013,13.57
Mali,2013,4.37
Malta,2013,25.98
Mauritania,2013,2.64
Mauritius,2013,19.58
Mexico,2013,9.96
Moldova,2013,4.52
Mongolia,2013,12.29
Montenegro,2013,23.52
Morocco,2013,3.72
Mozambique,2013,1.92
Myanmar,2013,1.32
Namibia,2013,8.85
Nepal,2013,2.66
Netherlands,2013,26.24
New Zealand,2013,24.41
Nicaragua,2013,4.1
Niger,2013,3.24
Nigeria,2013,2.59
Norway,2013,37.15
Oman,2013,11.57
Pakistan,2013,2.95
Panama,2013,7.69
Papua New Guinea,2013,2.74
Paraguay,2013,14.24
Peru,2013,9.78
Philippines,2013,4.27
Poland,2013,22.68
Portugal,2013,18.25
Qatar,2013,13.55
Romania,2013,15.22
Russian Federation,2013,9.05
Rwanda,2013,3.16
Samoa,2013,7.29
Sao Tome and Principe,2013,5.65
Saudi Arabia,2013,12.41
Senegal,2013,2.54
Serbia,2013,18.71
Seychelles,2013,22.03
Sierra Leone,2013,4.45
Singapore,2013,74.09
Slovakia,2013,33.44
Slovenia,2013,22.36
South Africa,2013,8.51
Spain,2013,22.74
Sri Lanka,2013,3.8
Suriname,2013,13.72
Eswatini,2013,12.08
Sweden,2013,31.48
Switzerland,2013,31.31
Syria,2013,3.05
Tajikistan,2013,3.33
Tanzania,2013,1.44
Thailand,2013,13.93
Togo,2013,2.54
Trinidad and Tobago,2013,5.21
Tunisia,2013,6.16
Turkey,2013,15.76
Turkmenistan,2013,20.19
United Arab Emirates,2013,45.53
Uganda,2013,2.74
Ukraine,2013,10.86
United Kingdom,2013,22.21
United States of America,2013,32.18
Uruguay,2013,34.26
Uzbekistan,2013,5.75
Vanuatu,2013,7.29
Venezuela,2013,7.81
Viet Nam,2013,11.04
Yemen,2013,1.13
Zambia,2013,3.45
Zimbabwe,2013,3.73
Afghanistan,2014,1.22
Albania,2014,10.58
Algeria,2014,3.02
Angola,2014,3.38
Antigua and Barbuda,2014,13.42
Argentina,2014,14.2
Armenia,2014,7.39
Australia,2014,42.4
Austria,2014,31.82
Azerbaijan,2014,5.79
Bahamas,2014,22.07
Bahrain,2014,14.74
Bangladesh,2014,2.31
Barbados,2014,11.1
Belgium,2014,23.15
Belize,2014,8.01
Benin,2014,4.39
Bhutan,2014,10.74
Bolivia,2014,5.24
Bosnia and Herzegovina,2014,9.23
Botswana,2014,35.8
Brazil,2014,16.29
Brunei Darussalam,2014,19.87
Bulgaria,2014,11.49
Burkina Faso,2014,3.77
Burundi,2014,1.67
Côte d'Ivoire,2014,0.98
Cabo Verde,2014,8.31
Cambodia,2014,3.28
Cameroon,2014,1.87
Canada,2014,35.25
Central African Republic,2014,2.51
Chad,2014,1.62
Chile,2014,17.03
China,2014,19.56
Colombia,2014,10.47
Congo,2014,2.28
Costa Rica,2014,7.94
Croatia,2014,15.05
Cuba,2014,8.28
Cyprus,2014,26.26
Czech Republic,2014,22.23
Dem. Rep. of the Congo,2014,2.09
Denmark,2014,24.21
Djibouti,2014,2.31
Dominican Republic,2014,6.71
Ecuador,2014,10.59
Egypt,2014,4.83
El Salvador,2014,6.04
Eritrea,2014,
Estonia,2014,28.59
Ethiopia,2014,0.66
Fiji,2014,7.38
Finland,2014,35.19
France,2014,20.92
Gabon,2014,4.57
Gambia,2014,2.18
Georgia,2014,8.91
Germany,2014,22.13
Ghana,2014,3.51
Greece,2014,26.47
Guatemala,2014,3.99
Guinea,2014,2.45
Haiti,2014,1.33
Honduras,2014,3.85
Hungary,2014,14.17
Iceland,2014,33.8
India,2014,4.38
Indonesia,2014,5.92
Iran,2014,13.74
Iraq,2014,2.8
Ireland,2014,20.98
Israel,2014,23.04
Italy,2014,20.15
Jamaica,2014,8.08
Japan,2014,24.53
Jordan,2014,6.8
Kazakhstan,2014,17.9
Kenya,2014,2.96
*Kerala (India),2014,7.87
Korea,2014,26.64
Kuwait,2014,48.16
Kyrgyzstan,2014,8.69
Laos,2014,6.27
Latvia,2014,20.89
Lebanon,2014,14.04
Lesotho,2014,11.78
Liberia,2014,1.78
Libya,2014,3.68
Lithuania,2014,33.49
Macedonia TFYR,2014,13.1
Madagascar,2014,0.83
Malawi,2014,1.25
Malaysia,2014,23.55
Maldives,2014,13.29
Mali,2014,4.57
Malta,2014,25.5
Mauritania,2014,2.63
Mauritius,2014,20.09
Mexico,2014,9.99
Moldova,2014,4.89
Mongolia,2014,12.55
Montenegro,2014,24.28
Morocco,2014,3.76
Mozambique,2014,2.0
Myanmar,2014,1.36
Namibia,2014,8.72
Nepal,2014,2.78
Netherlands,2014,26.47
New Zealand,2014,24.38
Nicaragua,2014,4.06
Niger,2014,3.3
Nigeria,2014,2.76
Norway,2014,37.25
Oman,2014,11.02
Pakistan,2014,2.98
Panama,2014,7.77
Papua New Guinea,2014,2.59
Paraguay,2014,14.3
Peru,2014,9.64
Philippines,2014,4.27
Poland,2014,23.1
Portugal,2014,18.25
Qatar,2014,13.12
Romania,2014,15.68
Russian Federation,2014,9.34
Rwanda,2014,3.08
Samoa,2014,7.46
Sao Tome and Principe,2014,5.75
Saudi Arabia,2014,12.26
Senegal,2014,2.56
Serbia,2014,18.26
Seychelles,2014,22.0
Sierra Leone,2014,4.77
Singapore,2014,73.14
Slovakia,2014,33.93
Slovenia,2014,22.99
South Africa,2014,8.62
Spain,2014,22.7
Sri Lanka,2014,3.81
Suriname,2014,13.91
Eswatini,2014,11.58
Sweden,2014,31.64
Switzerland,2014,31.58
Syria,2014,3.08
Tajikistan,2014,3.47
Tanzania,2014,1.46
Thailand,2014,14.02
Togo,2014,2.58
Trinidad and Tobago,2014,5.28
Tunisia,2014,6.19
Turkey,2014,15.57
Turkmenistan,2014,20.25
United Arab Emirates,2014,46.44
Uganda,2014,2.72
Ukraine,2014,11.03
United Kingdom,2014,22.44
United States of America,2014,32.52
Uruguay,2014,35.12
Uzbekistan,2014,5.86
Vanuatu,2014,7.28
Venezuela,2014,7.68
Viet Nam,2014,11.45
Yemen,2014,1.11
Zambia,2014,3.43
Zimbabwe,2014,4.02
Afghanistan,2015,1.21
Albania,2015,10.92
Algeria,2015,3.04
Angola,2015,3.36
Antigua and Barbuda,2015,13.37
Argentina,2015,14.38
Armenia,2015,7.61
Australia,2015,42.76
Austria,2015,32.02
Azerbaijan,2015,5.91
Bahamas,2015,21.66
Bahrain,2015,14.73
Bangladesh,2015,2.35
Barbados,2015,11.05
Belgium,2015,23.46
Belize,2015,7.91
Benin,2015,4.4
Bhutan,2015,10.88
Bolivia,2015,5.31
Bosnia and Herzegovina,2015,9.77
Botswana,2015,35.83
Brazil,2015,16.7
Brunei Darussalam,2015,19.94
Bulgaria,2015,12.07
Burkina Faso,2015,3.82
Burundi,2015,1.65
Côte d'Ivoire,2015,0.96
Cabo Verde,2015,8.43
Cambodia,2015,3.39
Cameroon,2015,1.88
Canada,2015,35.12
Central African Republic,2015,2.54
Chad,2015,1.58
Chile,2015,17.05
China,2015,20.01
Colombia,2015,10.52
Congo,2015,2.28
Costa Rica,2015,8.01
Croatia,2015,15.43
Cuba,2015,8.13
Cyprus,2015,26.68
Czech Republic,2015,22.52
Dem. Rep. of the Congo,2015,2.05
Denmark,2015,24.27
Djibouti,2015,2.31
Dominican Republic,2015,6.7
Ecuador,2015,10.65
Egypt,2015,4.83
El Salvador,2015,6.11
Eritrea,2015,
Estonia,2015,27.93
Ethiopia,2015,0.69
Fiji,2015,7.41
Finland,2015,35.39
France,2015,21.21
Gabon,2015,4.49
Gambia,2015,2.19
Georgia,2015,9.1
Germany,2015,22.31
Ghana,2015,3.5
Greece,2015,26.5
Guatemala,2015,4.01
Guinea,2015,2.44
Haiti,2015,1.34
Honduras,2015,3.87
Hungary,2015,14.36
Iceland,2015,33.94
India,2015,4.46
Indonesia,2015,6.0
Iran,2015,13.94
Iraq,2015,2.82
Ireland,2015,21.08
Israel,2015,22.93
Italy,2015,20.55
Jamaica,2015,7.98
Japan,2015,24.91
Jordan,2015,6.71
Kazakhstan,2015,17.87
Kenya,2015,2.96
*Kerala (India),2015,7.95
Korea,2015,27.11
Kuwait,2015,47.75
Kyrgyzstan,2015,8.49
Laos,2015,6.66
Latvia,2015,21.62
Lebanon,2015,13.75
Lesotho,2015,11.9
Liberia,2015,1.7
Libya,2015,3.72
Lithuania,2015,34.55
Macedonia TFYR,2015,13.27
Madagascar,2015,0.83
Malawi,2015,1.25
Malaysia,2015,23.88
Maldives,2015,13.1
Mali,2015,4.59
Malta,2015,25.13
Mauritania,2015,2.6
Mauritius,2015,20.29
Mexico,2015,10.03
Moldova,2015,5.08
Mongolia,2015,13.11
Montenegro,2015,25.06
Morocco,2015,3.79
Mozambique,2015,2.0
Myanmar,2015,1.38
Namibia,2015,8.67
Nepal,2015,2.85
Netherlands,2015,26.73
New Zealand,2015,24.19
Nicaragua,2015,4.11
Niger,2015,3.25
Nigeria,2015,2.74
Norway,2015,37.73
Oman,2015,10.7
Pakistan,2015,3.0
Panama,2015,7.85
Papua New Guinea,2015,2.56
Paraguay,2015,14.53
Peru,2015,9.66
Philippines,2015,4.31
Poland,2015,23.63
Portugal,2015,18.41
Qatar,2015,12.91
Romania,2015,16.16
Russian Federation,2015,9.5
Rwanda,2015,3.11
Samoa,2015,7.6
Sao Tome and Principe,2015,5.76
Saudi Arabia,2015,12.25
Senegal,2015,2.51
Serbia,2015,19.72
Seychelles,2015,21.83
Sierra Leone,2015,5.34
Singapore,2015,74.19
Slovakia,2015,34.42
Slovenia,2015,23.29
South Africa,2015,8.5
Spain,2015,23.17
Sri Lanka,2015,3.88
Suriname,2015,13.95
Eswatini,2015,11.57
Sweden,2015,31.72
Switzerland,2015,31.73
Syria,2015,3.28
Tajikistan,2015,3.56
Tanzania,2015,1.45
Thailand,2015,14.27
Togo,2015,2.57
Trinidad and Tobago,2015,5.33
Tunisia,2015,6.25
Turkey,2015,15.63
Turkmenistan,2015,20.68
United Arab Emirates,2015,47.54
Uganda,2015,2.68
Ukraine,2015,11.26
United Kingdom,2015,22.57
United States of America,2015,32.4
Uruguay,2015,35.99
Uzbekistan,2015,5.86
Vanuatu,2015,7.29
Venezuela,2015,7.67
Viet Nam,2015,11.89
Yemen,2015,1.1
Zambia,2015,3.46
Zimbabwe,2015,3.86
Afghanistan,2016,1.2
Albania,2016,11.27
Algeria,2016,3.06
Angola,2016,3.35
Antigua and Barbuda,2016,13.38
Argentina,2016,14.56
Armenia,2016,7.86
Australia,2016,42.95
Austria,2016,32.29
Azerbaijan,2016,6.07
Bahamas,2016,21.3
Bahrain,2016,14.61
Bangladesh,2016,2.39
Barbados,2016,11.05
Belgium,2016,23.82
Belize,2016,7.83
Benin,2016,4.41
Bhutan,2016,11.06
Bolivia,2016,5.39
Bosnia and Herzegovina,2016,10.21
Botswana,2016,35.69
Brazil,2016,17.1
Brunei Darussalam,2016,20.05
Bulgaria,2016,12.45
Burkina Faso,2016,3.89
Burundi,2016,1.62
Côte d'Ivoire,2016,0.95
Cabo Verde,2016,8.57
Cambodia,2016,3.51
Cameroon,2016,1.88
Canada,2016,35.08
Central African Republic,2016,2.56
Chad,2016,1.56
Chile,2016,17.11
China,2016,20.63
Colombia,2016,10.61
Congo,2016,2.27
Costa Rica,2016,8.1
Croatia,2016,15.8
Cuba,2016,7.99
Cyprus,2016,27.11
Czech Republic,2016,22.81
Dem. Rep. of the Congo,2016,2.02
Denmark,2016,24.35
Djibouti,2016,2.32
Dominican Republic,2016,6.71
Ecuador,2016,10.76
Egypt,2016,4.86
El Salvador,2016,6.19
Eritrea,2016,
Estonia,2016,28.68
Ethiopia,2016,0.72
Fiji,2016,7.44
Finland,2016,35.81
France,2016,21.52
Gabon,2016,4.43
Gambia,2016,2.2
Georgia,2016,9.33
Germany,2016,22.52
Ghana,2016,3.52
Greece,2016,26.66
Guatemala,2016,4.04
Guinea,2016,2.42
Haiti,2016,1.36
Honduras,2016,3.9
Hungary,2016,14.55
Iceland,2016,34.11
India,2016,4.53
Indonesia,2016,6.12
Iran,2016,14.04
Iraq,2016,2.8
Ireland,2016,21.17
Israel,2016,22.87
Italy,2016,21.01
Jamaica,2016,7.9
Japan,2016,25.49
Jordan,2016,6.67
Kazakhstan,2016,18.08
Kenya,2016,2.96
*Kerala (India),2016,8.19
Korea,2016,27.72
Kuwait,2016,47.43
Kyrgyzstan,2016,8.46
Laos,2016,7.05
Latvia,2016,22.42
Lebanon,2016,13.69
Lesotho,2016,12.03
Liberia,2016,1.64
Libya,2016,3.75
Lithuania,2016,35.79
Macedonia TFYR,2016,13.52
Madagascar,2016,0.83
Malawi,2016,1.26
Malaysia,2016,24.22
Maldives,2016,12.93
Mali,2016,4.62
Malta,2016,24.83
Mauritania,2016,2.59
Mauritius,2016,20.56
Mexico,2016,10.1
Moldova,2016,5.31
Mongolia,2016,13.4
Montenegro,2016,25.95
Morocco,2016,3.83
Mozambique,2016,2.03
Myanmar,2016,1.41
Namibia,2016,8.66
Nepal,2016,2.91
Netherlands,2016,27.13
New Zealand,2016,24.11
Nicaragua,2016,4.15
Niger,2016,3.21
Nigeria,2016,2.72
Norway,2016,37.89
Oman,2016,10.48
Pakistan,2016,3.01
Panama,2016,7.94
Papua New Guinea,2016,2.54
Paraguay,2016,14.78
Peru,2016,9.74
Philippines,2016,4.35
Poland,2016,24.15
Portugal,2016,18.56
Qatar,2016,12.82
Romania,2016,16.58
Russian Federation,2016,9.69
Rwanda,2016,3.14
Samoa,2016,7.76
Sao Tome and Principe,2016,5.8
Saudi Arabia,2016,12.27
Senegal,2016,2.51
Serbia,2016,20.3
Seychelles,2016,21.94
Sierra Leone,2016,5.89
Singapore,2016,75.35
Slovakia,2016,34.88
Slovenia,2016,23.58
South Africa,2016,8.46
Spain,2016,23.6
Sri Lanka,2016,3.94
Suriname,2016,13.97
Eswatini,2016,11.61
Sweden,2016,31.76
Switzerland,2016,31.95
Syria,2016,3.46
Tajikistan,2016,3.65
Tanzania,2016,1.45
Thailand,2016,14.6
Togo,2016,2.55
Trinidad and Tobago,2016,5.42
Tunisia,2016,6.31
Turkey,2016,15.85
Turkmenistan,2016,21.11
United Arab Emirates,2016,48.4
Uganda,2016,2.66
Ukraine,2016,11.62
United Kingdom,2016,22.65
United States of America,2016,32.4
Uruguay,2016,36.96
Uzbekistan,2016,5.9
Vanuatu,2016,7.32
Venezuela,2016,7.75
Viet Nam,2016,12.34
Yemen,2016,1.11
Zambia,2016,3.5
Zimbabwe,2016,3.79
Afghanistan,2017,1.2
Albania,2017,11.61
Algeria,2017,3.08
Angola,2017,3.34
Antigua and Barbuda,2017,13.4
Argentina,2017,14.74
Armenia,2017,8.11
Australia,2017,43.08
Austria,2017,32.67
Azerbaijan,2017,6.24
Bahamas,2017,20.93
Bahrain,2017,14.37
Bangladesh,2017,2.44
Barbados,2017,11.05
Belgium,2017,24.21
Belize,2017,7.76
Benin,2017,4.41
Bhutan,2017,11.23
Bolivia,2017,5.46
Bosnia and Herzegovina,2017,10.64
Botswana,2017,35.45
Brazil,2017,17.49
Brunei Darussalam,2017,20.18
Bulgaria,2017,12.84
Burkina Faso,2017,3.95
Burundi,2017,1.59
Côte d'Ivoire,2017,0.93
Cabo Verde,2017,8.71
Cambodia,2017,3.61
Cameroon,2017,1.88
Canada,2017,35.02
Central African Republic,2017,2.58
Chad,2017,1.53
Chile,2017,17.15
China,2017,21.23
Colombia,2017,10.69
Congo,2017,2.26
Costa Rica,2017,8.19
Croatia,2017,16.25
Cuba,2017,7.86
Cyprus,2017,27.53
Czech Republic,2017,23.09
Dem. Rep. of the Congo,2017,1.99
Denmark,2017,24.46
Djibouti,2017,2.34
Dominican Republic,2017,6.73
Ecuador,2017,10.85
Egypt,2017,4.88
El Salvador,2017,6.26
Eritrea,2017,
Estonia,2017,29.41
Ethiopia,2017,0.74
Fiji,2017,7.46
Finland,2017,36.24
France,2017,21.83
Gabon,2017,4.37
Gambia,2017,2.2
Georgia,2017,9.57
Germany,2017,22.84
Ghana,2017,3.54
Greece,2017,26.76
Guatemala,2017,4.07
Guinea,2017,2.4
Haiti,2017,1.37
Honduras,2017,3.92
Hungary,2017,14.74
Iceland,2017,33.94
India,2017,4.6
Indonesia,2017,6.23
Iran,2017,14.14
Iraq,2017,2.8
Ireland,2017,21.26
Israel,2017,22.81
Italy,2017,21.47
Jamaica,2017,7.82
Japan,2017,26.07
Jordan,2017,6.68
Kazakhstan,2017,18.3
Kenya,2017,2.96
*Kerala (India),2017,8.06
Korea,2017,28.36
Kuwait,2017,47.38
Kyrgyzstan,2017,8.43
Laos,2017,7.43
Latvia,2017,23.23
Lebanon,2017,13.78
Lesotho,2017,12.16
Liberia,2017,1.59
Libya,2017,3.78
Lithuania,2017,37.12
Macedonia TFYR,2017,13.78
Madagascar,2017,0.84
Malawi,2017,1.27
Malaysia,2017,24.56
Maldives,2017,12.76
Mali,2017,4.63
Malta,2017,24.41
Mauritania,2017,2.58
Mauritius,2017,20.82
Mexico,2017,10.18
Moldova,2017,5.57
Mongolia,2017,13.69
Montenegro,2017,26.93
Morocco,2017,3.88
Mozambique,2017,2.05
Myanmar,2017,1.43
Namibia,2017,8.64
Nepal,2017,2.95
Netherlands,2017,27.52
New Zealand,2017,24.01
Nicaragua,2017,4.2
Niger,2017,3.18
Nigeria,2017,2.7
Norway,2017,38.08
Oman,2017,10.34
Pakistan,2017,3.02
Panama,2017,8.03
Papua New Guinea,2017,2.52
Paraguay,2017,15.01
Peru,2017,9.81
Philippines,2017,4.39
Poland,2017,24.67
Portugal,2017,18.71
Qatar,2017,12.82
Romania,2017,17.02
Russian Federation,2017,9.89
Rwanda,2017,3.17
Samoa,2017,7.94
Sao Tome and Principe,2017,5.83
Saudi Arabia,2017,12.33
Senegal,2017,2.51
Serbia,2017,20.89
Seychelles,2017,22.07
Sierra Leone,2017,6.41
Singapore,2017,77.41
Slovakia,2017,35.33
Slovenia,2017,23.88
South Africa,2017,8.42
Spain,2017,24.0
Sri Lanka,2017,4.0
Suriname,2017,13.99
Eswatini,2017,11.64
Sweden,2017,31.77
Switzerland,2017,32.21
Syria,2017,3.62
Tajikistan,2017,3.72
Tanzania,2017,1.45
Thailand,2017,14.93
Togo,2017,2.53
Trinidad and Tobago,2017,5.51
Tunisia,2017,6.37
Turkey,2017,16.07
Turkmenistan,2017,21.53
United Arab Emirates,2017,49.11
Uganda,2017,2.63
Ukraine,2017,11.98
United Kingdom,2017,22.75
United States of America,2017,32.43
Uruguay,2017,37.92
Uzbekistan,2017,5.94
Vanuatu,2017,7.34
Venezuela,2017,7.9
Viet Nam,2017,12.78
Yemen,2017,1.11
Zambia,2017,3.53
Zimbabwe,2017,3.73
Afghanistan,2018,1.2
Albania,2018,11.61
Algeria,2018,3.08
Angola,2018,3.34
Antigua and Barbuda,2018,13.4
Argentina,2018,14.74
Armenia,2018,8.11
Australia,2018,43.08
Austria,2018,32.67
Azerbaijan,2018,6.24
Bahamas,2018,20.93
Bahrain,2018,14.37
Bangladesh,2018,2.44
Barbados,2018,11.05
Belgium,2018,24.21
Belize,2018,7.76
Benin,2018,4.41
Bhutan,2018,11.23
Bolivia,2018,5.46
Bosnia and Herzegovina,2018,10.64
Botswana,2018,35.45
Brazil,2018,17.49
Brunei Darussalam,2018,20.18
Bulgaria,2018,12.84
Burkina Faso,2018,3.95
Burundi,2018,1.59
Côte d'Ivoire,2018,0.93
Cabo Verde,2018,8.71
Cambodia,2018,3.61
Cameroon,2018,1.88
Canada,2018,35.02
Central African Republic,2018,2.58
Chad,2018,1.53
Chile,2018,17.15
China,2018,21.23
Colombia,2018,10.69
Congo,2018,2.26
Costa Rica,2018,8.19
Croatia,2018,16.25
Cuba,2018,7.86
Cyprus,2018,27.53
Czech Republic,2018,23.09
Dem. Rep. of the Congo,2018,1.99
Denmark,2018,24.46
Djibouti,2018,2.34
Dominican Republic,2018,6.73
Ecuador,2018,10.85
Egypt,2018,4.88
El Salvador,2018,6.26
Eritrea,2018,
Estonia,2018,29.41
Ethiopia,2018,0.74
Fiji,2018,7.46
Finland,2018,36.24
France,2018,21.83
Gabon,2018,4.37
Gambia,2018,2.2
Georgia,2018,9.57
Germany,2018,22.84
Ghana,2018,3.54
Greece,2018,26.76
Guatemala,2018,4.07
Guinea,2018,2.4
Haiti,2018,1.37
Honduras,2018,3.92
Hungary,2018,14.74
Iceland,2018,33.94
India,2018,4.6
Indonesia,2018,6.23
Iran,2018,14.14
Iraq,2018,2.8
Ireland,2018,21.26
Israel,2018,22.81
Italy,2018,21.47
Jamaica,2018,7.82
Japan,2018,26.07
Jordan,2018,6.68
Kazakhstan,2018,18.3
Kenya,2018,2.96
*Kerala (India),2018,8.2
Korea,2018,28.36
Kuwait,2018,47.38
Kyrgyzstan,2018,8.43
Laos,2018,7.43
Latvia,2018,23.23
Lebanon,2018,13.78
Lesotho,2018,12.16
Liberia,2018,1.59
Libya,2018,3.78
Lithuania,2018,37.12
Macedonia TFYR,2018,13.78
Madagascar,2018,0.84
Malawi,2018,1.27
Malaysia,2018,24.56
Maldives,2018,12.76
Mali,2018,4.63
Malta,2018,24.41
Mauritania,2018,2.58
Mauritius,2018,20.82
Mexico,2018,10.18
Moldova,2018,5.57
Mongolia,2018,13.69
Montenegro,2018,26.93
Morocco,2018,3.88
Mozambique,2018,2.05
Myanmar,2018,1.43
Namibia,2018,8.64
Nepal,2018,2.95
Netherlands,2018,27.52
New Zealand,2018,24.01
Nicaragua,2018,4.2
Niger,2018,3.18
Nigeria,2018,2.7
Norway,2018,38.08
Oman,2018,10.34
Pakistan,2018,3.02
Panama,2018,8.03
Papua New Guinea,2018,2.52
Paraguay,2018,15.01
Peru,2018,9.81
Philippines,2018,4.39
Poland,2018,24.67
Portugal,2018,18.71
Qatar,2018,12.82
Romania,2018,17.02
Russian Federation,2018,9.89
Rwanda,2018,3.17
Samoa,2018,7.94
Sao Tome and Principe,2018,5.83
Saudi Arabia,2018,12.33
Senegal,2018,2.51
Serbia,2018,20.89
Seychelles,2018,22.07
Sierra Leone,2018,6.41
Singapore,2018,77.41
Slovakia,2018,35.33
Slovenia,2018,23.88
South Africa,2018,8.42
Spain,2018,24.0
Sri Lanka,2018,4.0
Suriname,2018,13.99
Eswatini,2018,11.64
Sweden,2018,31.77
Switzerland,2018,32.21
Syria,2018,3.62
Tajikistan,2018,3.72
Tanzania,2018,1.45
Thailand,2018,14.93
Togo,2018,2.53
Trinidad and Tobago,2018,5.51
Tunisia,2018,6.37
Turkey,2018,16.07
Turkmenistan,2018,21.53
United Arab Emirates,2018,49.11
Uganda,2018,2.63
Ukraine,2018,11.98
United Kingdom,2018,22.75
United States of America,2018,32.43
Uruguay,2018,37.92
Uzbekistan,2018,5.94
Vanuatu,2018,7.34
Venezuela,2018,7.9
Viet Nam,2018,12.78
Yemen,2018,1.11
Zambia,2018,3.53
Zimbabwe,2018,3.73
Afghanistan,2019,1.2
Albania,2019,11.61
Algeria,2019,3.08
Angola,2019,3.34
Antigua and Barbuda,2019,13.4
Argentina,2019,14.74
Armenia,2019,8.11
Australia,2019,43.08
Austria,2019,32.67
Azerbaijan,2019,6.24
Bahamas,2019,20.93
Bahrain,2019,14.37
Bangladesh,2019,2.44
Barbados,2019,11.05
Belgium,2019,24.21
Belize,2019,7.76
Benin,2019,4.41
Bhutan,2019,11.23
Bolivia,2019,5.46
Bosnia and Herzegovina,2019,10.64
Botswana,2019,35.45
Brazil,2019,17.49
Brunei Darussalam,2019,20.18
Bulgaria,2019,12.84
Burkina Faso,2019,3.95
Burundi,2019,1.59
Côte d'Ivoire,2019,0.93
Cabo Verde,2019,8.71
Cambodia,2019,3.61
Cameroon,2019,1.88
Canada,2019,35.02
Central African Republic,2019,2.58
Chad,2019,1.53
Chile,2019,17.15
China,2019,21.23
Colombia,2019,10.69
Congo,2019,2.26
Costa Rica,2019,8.19
Croatia,2019,16.25
Cuba,2019,7.86
Cyprus,2019,27.53
Czech Republic,2019,23.09
Dem. Rep. of the Congo,2019,1.99
Denmark,2019,24.46
Djibouti,2019,2.34
Dominican Republic,2019,6.73
Ecuador,2019,10.85
Egypt,2019,4.88
El Salvador,2019,6.26
Eritrea,2019,
Estonia,2019,29.41
Ethiopia,2019,0.74
Fiji,2019,7.46
Finland,2019,36.24
France,2019,21.83
Gabon,2019,4.37
Gambia,2019,2.2
Georgia,2019,9.57
Germany,2019,22.84
Ghana,2019,3.54
Greece,2019,26.76
Guatemala,2019,4.07
Guinea,2019,2.4
Haiti,2019,1.37
Honduras,2019,3.92
Hungary,2019,14.74
Iceland,2019,33.94
India,2019,4.6
Indonesia,2019,6.23
Iran,2019,14.14
Iraq,2019,2.8
Ireland,2019,21.26
Israel,2019,22.81
Italy,2019,21.47
Jamaica,2019,7.82
Japan,2019,26.07
Jordan,2019,6.68
Kazakhstan,2019,18.3
Kenya,2019,2.96
*Kerala (India),2019,8.53
Korea,2019,28.36
Kuwait,2019,47.38
Kyrgyzstan,2019,8.43
Laos,2019,7.43
Latvia,2019,23.23
Lebanon,2019,13.78
Lesotho,2019,12.16
Liberia,2019,1.59
Libya,2019,3.78
Lithuania,2019,37.12
Macedonia TFYR,2019,13.78
Madagascar,2019,0.84
Malawi,2019,1.27
Malaysia,2019,24.56
Maldives,2019,12.76
Mali,2019,4.63
Malta,2019,24.41
Mauritania,2019,2.58
Mauritius,2019,20.82
Mexico,2019,10.18
Moldova,2019,5.57
Mongolia,2019,13.69
Montenegro,2019,26.93
Morocco,2019,3.88
Mozambique,2019,2.05
Myanmar,2019,1.43
Namibia,2019,8.64
Nepal,2019,2.95
Netherlands,2019,27.52
New Zealand,2019,24.01
Nicaragua,2019,4.2
Niger,2019,3.18
Nigeria,2019,2.7
Norway,2019,38.08
Oman,2019,10.34
Pakistan,2019,3.02
Panama,2019,8.03
Papua New Guinea,2019,2.52
Paraguay,2019,15.01
Peru,2019,9.81
Philippines,2019,4.39
Poland,2019,24.67
Portugal,2019,18.71
Qatar,2019,12.82
Romania,2019,17.02
Russian Federation,2019,9.89
Rwanda,2019,3.17
Samoa,2019,7.94
Sao Tome and Principe,2019,5.83
Saudi Arabia,2019,12.33
Senegal,2019,2.51
Serbia,2019,20.89
Seychelles,2019,22.07
Sierra Leone,2019,6.41
Singapore,2019,77.41
Slovakia,2019,35.33
Slovenia,2019,23.88
South Africa,2019,8.42
Spain,2019,24.0
Sri Lanka,2019,4.0
Suriname,2019,13.99
Eswatini,2019,11.64
Sweden,2019,31.77
Switzerland,2019,32.21
Syria,2019,3.62
Tajikistan,2019,3.72
Tanzania,2019,1.45
Thailand,2019,14.93
Togo,2019,2.53
Trinidad and Tobago,2019,5.51
Tunisia,2019,6.37
Turkey,2019,16.07
Turkmenistan,2019,21.53
United Arab Emirates,2019,49.11
Uganda,2019,2.63
Ukraine,2019,11.98
United Kingdom,2019,22.75
United States of America,2019,32.43
Uruguay,2019,37.92
Uzbekistan,2019,5.94
Vanuatu,2019,7.34
Venezuela,2019,7.9
Viet Nam,2019,12.78
Yemen,2019,1.11
Zambia,2019,3.53
Zimbabwe,2019,3.73
